original_text	translation_ko
# Action Rounds	# 행동 라운드
## VICTORY POINTS	## 승점
## Victory Points	## 승점
(#10077) - WAITING FOR PLAYER	(#10077) - 플레이어 대기 중
(Click above to view Profile)	(위를 눌러 프로필 보기)
(Click here to adjust Profile)	(여기를 눌러 프로필 조정)
(OPEN)	(열기)
(OPEN) (OPEN) (OPEN) (OPEN) (OPEN) (OPEN)	(열기) (열기) (열기) (열기) (열기) (열기)
+1 Operations value when all points are used in Asia. Pass to opponent after play.	모든 작전치를 아시아에 사용할 때 작전치가 +1 된다. 플레이 후 상대에게 넘긴다.
+1 per Country controlled that is adjacent to enemy superpower	적 초강대국에 인접한 지배 국가마다 +1
- No coup or realignment attemps -	- 쿠데타 또는 재편성 시도 불가 -
- No coup or realignment attempts -	- 쿠데타 또는 재편성 시도 불가 -
1 Op AI Proxy	1 작전치 AI 대리 카드
1 Op Proxy.  For AI Use Only.	1 작전치 대리 카드. AI 전용.
1 VP each for Control of: Burma, Cambodia/Laos, Vietnam, Malaysia, Indonesia, the Philippines.	버마·캄보디아/라오스·베트남·말레이시아·인도네시아·필리핀을 지배할 때마다 1 승점
1 VP each for Control of:<br>Burma, Cambodia/Laos, Vietnam, Malaysia, Indonesia, the Philippines.	버마·캄보디아/라오스·베트남·말레이시아·인도네시아·필리핀을 지배할 때마다 1 승점
1. Determine sides. Bidding for sides is not recommended when using this variant; however, if bidding is being used, bid and assign sides per the bidding rule you are using. If Influence bidding is not being used, determine sides as you normally would.	1. 진영을 결정한다. 이 변형 규칙에서는 진영 입찰을 권장하지 않지만
1. Determine sides. Bidding for sides is not recommended when using this variant; however, if bidding is being used, bid and assign sides per the bidding rule you are using. If Influence bidding is not being used, determine sides as you normally would.<br><br>	1. 진영을 결정한다. 이 변형 규칙에서는 진영 입찰을 권장하지 않지만
10. Cards are now dealt. Any card added from step 10 counts as a dealt card—that is, it counts against the starting hand size as if it had been dealt normally.	10. 이제 카드를 배분한다. 10단계에서 추가된 카드는 실제로 배분된 카드로 간주되며 시작 손패 장수에 포함된다.
10. Cards are now dealt. Any card added from step 10 counts as a dealt card—that is, it counts against the starting hand size as if it had been dealt normally.<br><br>	10. 이제 카드를 배분한다. 10단계에서 추가된 카드는 실제로 배분된 카드로 간주되며 시작 손패 장수에 포함된다.
104 - Optional	104 - 선택 규칙
105 - Optional	105 - 선택 규칙
106 - Optional	106 - 선택 규칙
107 - Optional	107 - 선택 규칙
108 - Optional	108 - 선택 규칙
109 - Optional	109 - 선택 규칙
11. Normal setup is now conducted, with the players placing Influence on the board per the standard setup rules, and modified by the results of the Crises. All extra influence granted from Crises is in addition to that normally received in setup; all influence reduction is taken from that normally received in setup.	11. 이제 일반 준비를 진행하며
11. Normal setup is now conducted, with the players placing Influence on the board per the standard setup rules, and modified by the results of the Crises. All extra influence granted from Crises is in addition to that normally received in setup; all influence reduction is taken from that normally received in setup.<br><br>	11. 이제 일반 준비를 진행하며
110 - Optional	110 - 선택 규칙
1945 UK ELECTION	1945년 영국 총선
1945 UK Election	1945년 영국 총선
1:   Ben-Gurion coalition shaky. Apply the 2-3 result; USSR receives 2 Influence in the Middle East	1: 벤구리온 연정이 흔들린다. 2-3 결과를 적용하고 소련은 중동에서 영향력 2를 얻는다.
1:   FDR attends Potsdam in poor health; misreads Stalin's intentions.	1: 건강이 좋지 않은 루스벨트가 포츠담에 참석해 스탈린의 의도를 오판한다.
1:   Labour wins in a huge landslide; Tories fail to reach 100 seats in the Commons.	1: 노동당이 압승을 거두고 보수당은 하원 100석 확보에도 실패한다.
1:   Sino-Soviet relations remain cordial, even if strained on occasion. Remove Ussuri River Skirmish from the game.\n2/3: US aid slow to arrive; Huaihai campaign knocks out Nationalists.	1: 중소 관계는 때때로 긴장되더라도 우호적으로 유지된다. '우수리강 충돌' 카드를 게임에서 제거한다.\n2/3: 미국의 지원이 늦게 도착하고 화이하이 전역이 국민당을 무너뜨린다.
1:   Soviets advance past Elbe. Apply the 2-3 result, and the USSR receives 1 Influence in West Germany and 1 in Austria during setup.\n2/3: Wehrmacht collapses; Soviets overrun Eastern Europe before Christmas.	1: 소련군이 엘베강을 넘어 진격한다. 2-3 결과를 적용하고, 소련은 초기 배치 때 서독에 영향력 1, 오스트리아에 영향력 1을 받는다.\n2/3: 국방군이 붕괴하고 소련군은 크리스마스 전에 동유럽을 휩쓴다.
1:   Soviets invade Manchuria and Korea in early 1945. Apply the 2-3 result. Then, move the US/Japan Mutual Defense Pact card to the Mid War deck and add 1 USSR Influence in each of Japan and South Korea during setup.\n2/3: "Committees" penetrate southern Korea. Soviets receive 1 Influence in South Korea during setup.\n4/5: Soviets declare was on Japan in August 1945. No effect.\n6:   Japan surrenders after Hiroshima bomb; Stalin reins in surrogates.	1:   소련이 1945년 초 만주와 한반도를 침공한다. 2-3 결과를 적용한다. 그런 다음 "미일 상호방위조약" 카드를 중기 전쟁 덱으로 옮기고, 준비 단계에서 일본과 남한에 소련 영향력 1씩을 추가한다.\n2/3: "위원회"가 한반도 남부에 침투한다. 준비 단계에서 소련은 남한에 영향력 1을 받는다.\n4/5: 소련이 1945년 8월 일본에 선전포고한다. 효과 없음.\n6:   히로시마 원폭 투하 이후 일본이 항복하고, 스탈린은 대리 세력을 억제한다.
2 Op AI Proxy	2 작전치 AI 대리 카드
2 Op Proxy.  For AI Use Only.	2 작전치 대리 카드. AI 전용.
2 VPs for Control of Thailand	태국을 지배하면 2 승점
2. Each player should now receive their five Statecraft cards.	2. 각 플레이어는 이제 국정 카드 5장을 받는다.
2. Each player should now receive their five Statecraft cards.<br><br>	2. 각 플레이어는 이제 국정 카드 5장을 받는다.
3 Op AI Proxy	3 작전치 AI 대리 카드
3 Op Proxy.  For AI Use Only.	3 작전치 대리 카드. AI 전용.
3. The six Crisis cards are separated into two piles of three each. The first pile contains V-E Day, Yalta and Potsdam, and 1945 Election. The second contains Israel, V-J Day, and Chinese Civil War. Chinese Civil War is not included if you are playing with the Chinese Civil War variant from the first deluxe edition.  The piles are shuffled.	3. 여섯 장의 위기 카드를 세 장씩 두 더미로 나눈다. 첫 번째 더미에는 유럽 전승일, 얄타와 포츠담, 1945년 선거가 들어간다. 두 번째 더미에는 이스라엘, 대일 전승일, 중국 내전이 들어간다. 첫 번째 디럭스 에디션의 중국 내전 변형 규칙을 사용한다면 중국 내전 카드는 포함하지 않는다. 이후 더미를 섞는다.
3. The six Crisis cards are separated into two piles of three each. The first pile contains V-E Day, Yalta and Potsdam, and 1945 Election. The second contains Israel, V-J Day, and Chinese Civil War. Chinese Civil War is not included if you are playing with the Chinese Civil War variant from the first deluxe edition.  The piles are shuffled.<br><br>	3. 여섯 장의 위기 카드를 세 장씩 두 더미로 나눈다. 첫 번째 더미에는 유럽 전승일, 얄타와 포츠담, 1945년 선거가 들어간다. 두 번째 더미에는 이스라엘, 대일 전승일, 중국 내전이 들어간다. 첫 번째 디럭스 에디션의 중국 내전 변형 규칙을 사용한다면 중국 내전 카드는 포함하지 않는다. 이후 더미를 섞는다.
4 Op AI Proxy	4 작전치 AI 대리 카드
4 Op Proxy.  For AI Use Only.	4 작전치 대리 카드. AI 전용.
5. Each player now selects one of their Statecraft cards to modify the Crisis card results.	5. 각 플레이어는 이제 자신의 국정 카드 중 하나를 골라 위기 카드 결과를 수정한다.
5. Each player now selects one of their Statecraft cards to modify the Crisis card results.<br><br>	5. 각 플레이어는 이제 자신의 국정 카드 중 하나를 골라 위기 카드 결과를 수정한다.
7. Roll a die. Any modifiers from the Statecraft cards (if any) are applied. Cross-reference the result on the face-up Crisis card, and the indicated effects (if any) are implement in the game. We recommend placing bonus Influence in or near the areas on the map where it will go.<br><br>Note that the Statecraft cards that give modifiers can only be used once; the dummy cards can be used multiple times.	7. 주사위를 굴린다. 국정 카드의 수정치가 있다면 적용한다. 앞면으로 놓인 위기 카드에서 결과를 대조하고
7. Roll a die. Any modifiers from the Statecraft cards (if any) are applied. Cross-reference the result on the face-up Crisis card, and the indicated effects (if any) are implement in the game. We recommend placing bonus Influence in or near the areas on the map where it will go.<br><br>Note that the Statecraft cards that give modifiers can only be used once; the dummy cards can be used multiple times.<br><br>	7. 주사위를 굴린다. 국정 카드의 수정치가 있다면 적용한다. 앞면으로 놓인 위기 카드에서 결과를 대조하고
8. Steps 4-7 are repeated for the rest of the cards in the first pile; then again for the cards in the second pile.	8. 4-7단계를 첫 번째 더미의 나머지 카드들에 반복 적용한 뒤, 두 번째 더미에도 같은 절차를 반복한다.
8. Steps 4-7 are repeated for the rest of the cards in the first pile; then again for the cards in the second pile.<br><br>	8. 4-7단계를 첫 번째 더미의 나머지 카드들에 반복 적용한 뒤, 두 번째 더미에도 같은 절차를 반복한다.
8.1 Once all of the Crisis cards have been resolved, Statecraft cards play no further role in the game and are removed from play.	8.1 모든 위기 카드가 해결되면 국정 카드는 더 이상 게임에서 역할을 하지 않으며 게임에서 제거된다.
8.1 Once all of the Crisis cards have been resolved, Statecraft cards play no further role in the game and are removed from play.<br><br>	8.1 모든 위기 카드가 해결되면 국정 카드는 더 이상 게임에서 역할을 하지 않으며 게임에서 제거된다.
8.2 Modifications are applied to the event deck as indicated by Crisis results, e.g. the ‘6’ result from 1945 UK General Election. Where a Crisis result indicates that a card’s event has no effect, it remains in the deck and is removed normally should its event be triggered. The event simply does nothing when triggered.	8.2 위기 결과에 따라 이벤트 덱이 수정된다. 예를 들어 1945년 영국 총선의 '6' 결과가 그렇다. 위기 결과가 어떤 카드의 이벤트가 효과 없음을 나타내더라도 그 카드는 덱에 남고, 이벤트가 발동되면 평소처럼 제거된다. 단지 발동 시 아무 효과도 일어나지 않을 뿐이다.
8.2 Modifications are applied to the event deck as indicated by Crisis results, e.g. the ‘6’ result from 1945 UK General Election. Where a Crisis result indicates that a card’s event has no effect, it remains in the deck and is removed normally should its event be triggered. The event simply does nothing when triggered.<br><br>	8.2 위기 결과에 따라 이벤트 덱이 수정된다. 예를 들어 1945년 영국 총선의 '6' 결과가 그렇다. 위기 결과가 어떤 카드의 이벤트가 효과 없음을 나타내더라도 그 카드는 덱에 남고, 이벤트가 발동되면 평소처럼 제거된다. 단지 발동 시 아무 효과도 일어나지 않을 뿐이다.
9. If either of the Yalta and Potsdam results that grant choice of a card for the starting hand was rolled, the applicable player now chooses that card.	9. 얄타와 포츠담 결과 중 시작 손패로 카드를 선택하게 해 주는 결과가 나왔다면 해당 플레이어가 이제 그 카드를 선택한다.
9. If either of the Yalta and Potsdam results that grant choice of a card for the starting hand was rolled, the applicable player now chooses that card.<br><br>	9. 얄타와 포츠담 결과 중 시작 손패로 카드를 선택하게 해 주는 결과가 나왔다면 해당 플레이어가 이제 그 카드를 선택한다.
90 Minutes	90분
: ACHIEVEMENTS :	: 업적 :
: Avatar Select :	: 아바타 선택 :
: Card Gallery :	: 카드 갤러리 :
: Create Account :	: 계정 생성 :
: Create Offline Game :	: 오프라인 게임 생성 :
: Credits :	: 제작진 :
: Find Games :	: 게임 찾기 :
: In-App Store :	: 인앱 상점 :
: Offline Game List :	: 오프라인 게임 목록 :
: Online Create Game :	: 온라인 게임 생성 :
: Online Game List :	: 온라인 게임 목록 :
: Online Login :	: 온라인 로그인 :
: Profile & Friends :	: 프로필 & 친구 :
: Profile & Game Stats :	: 프로필 & 게임 통계 :
: Quick Match :	: 빠른 대전 :
: Rulebook :	: 룰북 :
: Settings :	: 설정 :
: View Game :	: 게임 보기 :
:|IN-APP PURCHASE|:	:|인앱 구매|:
:|PROFILE & FRIENDS|:	:|프로필 & 친구|:
:|PROFILE & STATS|:	:|프로필 & 통계|:
<b>In Early or Mid War:</b> Remove 1 USSR Influence from three countries in Eastern Europe.<br><br><b>In Late War:</b> Remove 2 USSR Influence from three countries in Eastern Europe.	<b>초기 또는 중기 전쟁:</b> 동유럽 세 국가에서 소련 영향력 1씩 제거한다.<br><br><b>후기 전쟁:</b> 동유럽 세 국가에서 소련 영향력 2씩 제거한다.
<b>In Early or Mid War:</b> Remove 1<br>USSR Influence from three<br>countries in Eastern Europe.<br><br><b>In Late War:</b> Remove 2 USSR Influence from three countries in<br>Eastern Europe.	<b>초기 또는 중기 전쟁:</b> 동유럽 세 국가에서 소련 영향력 1씩 제거한다.<br><br><b>후기 전쟁:</b> 동유럽 세 국가에서 소련 영향력 2씩 제거한다.
<color=white><i>The China Card</i></color> does not count towards the hand limit. When <color=white><i>The China Card</i></color> is played, it is immediately handed to your opponent face down. It may not be played again by your opponent this turn. At the end of the turn, it is flipped face up, ready to be played. To receive the China Card's +1 bonus to <color=white>Operations</color>, all points must be spent in Asia or Southeast Asia. Play of <color=white><i>The China Card</i></color> can never be compelled by events or a shortage of cards during the action rounds.	<color=white><i>중국 카드</i></color>는 손패 한도에 포함되지 않는다. <color=white><i>중국 카드</i></color>가 플레이되면 즉시 상대에게 뒷면으로 넘어간다. 상대는 같은 턴에 다시 플레이할 수 없다. 턴 종료 시 앞면으로 뒤집혀 다시 플레이 가능 상태가 된다. 중국 카드의 <color=white>작전치</color> +1 보너스를 받으려면 모든 작전치를 아시아 또는 동남아시아에 사용해야 한다. <color=white><i>중국 카드</i></color>는 이벤트나 카드 부족 때문에 강제로 플레이될 수 없다.
<color=white>> F. Flip China Card :</color> If <color=white><i>The China Card</i></color> was passed face down during the turn, it will be flipped up for use.<br><br><color=white>> G. Turn Announcements:</color> The game announces the advance to the next turn, displaying key round information.<br><br><color=white>> H. Final Scoring :</color> At the end of turn 10, the game will calcuate the Final Scoring.	<color=white>> F. 중국 카드 뒤집기 :</color> 턴 동안 <color=white><i>중국 카드</i></color>가 뒷면으로 넘어갔다면 사용 가능하도록 앞면으로 뒤집는다.<br><br><color=white>> G. 턴 안내 :</color> 게임은 다음 턴으로의 진행을 알리며 주요 라운드 정보를 표시한다.<br><br><color=white>> H. 최종 점수 계산 :</color> 10턴 종료 시 게임은 최종 점수 계산을 수행한다.
<color=white>Influence Markers</color> are placed one at a time, and must be placed with or adjacent to friendly markers, that were in place at the start of the phasing player’s <color=white>Action Round</color>. It costs one (1) Operations point to place an Influence marker in a country that is friendly Controlled or Uncontrolled. It costs two (2) Operations points to place an <color=white>Influence Marker</color> in an enemy-controlled country. If a country’s Control status changes while placing <color=white>Influence Markers</color>, the additional marker's costs adjust accordingly for future placement for that <color=white>Action Round</color>.	<color=white>영향력 마커</color>는 한 번에 하나씩 놓으며, 차례 플레이어의 <color=white>행동 라운드</color> 시작 시점에 이미 놓여 있던 자기 마커와 함께 있거나 인접한 곳에 배치해야 한다. 자기 지배 국가나 미지배 국가에 영향력 마커를 놓는 데는 작전치 1이 든다. 적 지배 국가에 <color=white>영향력 마커</color>를 놓으려면 작전치 2가 든다. 영향력 배치 도중 국가의 지배 상태가 바뀌면, 그 <color=white>행동 라운드</color>의 이후 배치 비용도 그에 맞게 조정된다.
<color=white>Realignment</color> rolls are used to reduce enemy <color=white>Influence</color> in a country. Your opponent must have at least one (1) <color=white>Influence</color> Marker in the target country. Realignments are attempted one at a time and cost one (1) <color=white>Operations</color> point per attempt. Each player rolls a die and the high roller may remove the difference between the rolls from their opponent’s <color=white>Influence</color> in the target country. No <color=white>Influence</color> is ever added to a country as a result of a <color=white>Realignment</color> roll. Each player modifies their roll by:<br><br>> +1 for each adjacent controlled country<br>> +1 if they have more Influence in the target country than their opponent<br>> +1 if your superpower is adjacent to the target country	<color=white>재편성</color> 굴림은 국가 내 적의 <color=white>영향력</color>을 줄이는 데 사용된다. 대상 국가에는 상대의 <color=white>영향력</color> 마커가 최소 1개 있어야 한다. 재편성은 한 번에 한 개씩 시도하며 시도마다 <color=white>작전치</color> 1이 든다. 각 플레이어는 주사위를 굴리고 더 높은 쪽은 두 굴림의 차이만큼 상대의 <color=white>영향력</color>을 대상 국가에서 제거할 수 있다. <color=white>재편성</color> 굴림 결과로 국가에 새로운 <color=white>영향력</color>이 추가되지는 않는다. 각 플레이어는 다음 조건으로 굴림을 수정한다:<br><br>> 인접한 지배 국가마다 +1<br>> 대상 국가에서 상대보다 영향력이 많으면 +1<br>> 자기 초강대국이 대상 국가에 인접하면 +1
<color=white>Special US Condition:</color> For the purposes of playing <color=white>Ussuri River Skirmish</color> or <color=white>Nixon Plays the China Card</color> as events, the US is deemed to be in possession of the <color=white>China Card</color> if the Soviet Player has not yet placed the <color=white>3 Influence Points</color> on the Chinese Civil War space.	<color=white>미국 특수 조건:</color> <color=white>우수리강 충돌</color>이나 <color=white>닉슨의 중국 카드 플레이</color>를 이벤트로 사용할 때, 소련 플레이어가 아직 중국 내전 공간에 <color=white>영향력 3</color>을 놓지 않았다면 미국이 <color=white>중국 카드</color>를 보유 중인 것으로 간주한다.
<i><cspace=-.03em>Play after 'Marshall Plan' or 'Warsaw Pact.'</cspace></i><br><br>USSR player may no longer make<br>Coup or Realignment rolls in any<br>US controlled countries in Europe. <br><br>US controlled countries in Europe<br>may not be attacked by play of the<br> <i>Brush War</i> event.	<i><cspace=-.03em>'마셜 계획' 또는 '바르샤바 조약' 이후 플레이.</cspace></i><br><br>소련 플레이어는 더 이상 유럽의 미국 지배 국가에서<br>쿠데타나 재편성 굴림을 할 수 없다. <br><br>유럽의 미국 지배 국가는<br><i>국지전</i> 이벤트로 공격받을 수 없다.
<i>Begins the game with the USSR player.</i><br><br>+1 Operations value when all points are used in Asia. Pass to opponent after play.<br><br>+1 VP for the player holding this card at the end of Turn 10.<br><br><i>Cancels effect of 'Formosan Resolution' if this card is played by the US player.	소련 플레이어가 이 카드를 가지고 게임을 시작한다.\n모든 작전치를 아시아에 사용할 때 작전치가 +1 된다. 플레이 후 상대에게 넘긴다.\n10턴 종료 시 이 카드를 보유한 플레이어는 +1 승점을 얻는다.\n미국 플레이어가 이 카드를 플레이하면 '포르모사 결의안'의 효과를 취소한다.
<i>OPEC</i> event is no longer playable.<br>US may play 8 cards this turn.	<i>오펙</i> 이벤트는 더 이상 플레이할 수 없다.<br>미국은 이번 턴에 카드 8장을 플레이할 수 있다.
<i>Playable as an event only if 'John Paul II Elected Pope' is in effect.</i><br><br>Add 3 Influence in Poland.	<i>'요한 바오로 2세 선출'이 발동 중일 때만 이벤트로 플레이할 수 있다.</i><br><br>폴란드에 영향력 3을 추가한다.
<i>Special US Condition:</i> For the purposes of playing Ussuri River Skirmish or Nixon Plays the China Card as events, the US is deemed to be in possession of the China Card if the Soviet Player has not yet placed the 3 Influence Points on the Chinese Civil War space.	<color=white>미국 특수 조건:</color> <color=white>우수리강 충돌</color>이나 <color=white>닉슨의 중국 카드 플레이</color>를 이벤트로 사용할 때, 소련 플레이어가 아직 중국 내전 공간에 <color=white>영향력 3</color>을 놓지 않았다면 미국이 <color=white>중국 카드</color>를 보유 중인 것으로 간주한다.
<i>Unplayable as an event if 'The Iron Lady' is in effect.</i><br><br>Remove US Influence in Western Europe by a total of 3 Influence points, removing no more than 2 per country.	<i>'철의 여인'이 발동 중이면 이벤트로 플레이할 수 없다.</i><br><br>서유럽의 미국 영향력 총 3을 제거한다. 한 국가당 최대 2까지만 제거할 수 있다.
<margin-right=8.5em>The Chinese Civil War game space is considered to be adjacent to the Soviet Union, and only the Soviet Union. The space is considered to be in Asia, but not in South East Asia. It does not affect any Scoring Card. The only action that may be taken on the Chinese Civil War space is the placement of <color=white>Influence Points</color> by the Soviet player. The US player may not use Operations or Events of any kind to affect the Chinese Civil War space. Once the Soviet player has placed </margin><color=white>3 Influence Points</color> on the Chinese Civil War space, it has no further effect. The markers may be returned to the Soviet player’s pool, and the Chinese Civil War space is ignored for the remainder of the game.	<margin-right=8.5em>중국 내전 공간은 소련에만 인접한 것으로 간주된다. 이 공간은 아시아에는 속하지만 동남아시아에는 속하지 않는다. 어떤 점수 카드에도 영향을 주지 않는다. 중국 내전 공간에서 할 수 있는 유일한 행동은 소련 플레이어가 <color=white>영향력</color>을 배치하는 것이다. 미국 플레이어는 어떤 종류의 작전이나 이벤트로도 중국 내전 공간에 영향을 줄 수 없다. 소련 플레이어가 중국 내전 공간에 </margin><color=white>영향력 3</color>을 놓으면 더 이상 추가 효과가 없다. 마커는 소련 플레이어의 공급 풀로 되돌릴 수 있고, 그 이후로 중국 내전 공간은 게임 끝까지 무시한다.
<nobr>De-Stalinization*	<nobr>탈스탈린화*
<nobr>Indo-Pakistani</nobr> War	<nobr>인도-파키스탄</nobr> 전쟁
> China	> 중국
> Components	> 구성 요소
> Control	> 지배
> Coup Attempts	> 쿠데타 시도
> Defcon	> 데프콘
> Defcon Status & Military Operations	> 데프콘 단계와 군사 작전
> Event Restrictions	> 이벤트 제한
> Events	> 이벤트
> Game Scenario	> 게임 시나리오
> Impact of Control	> 지배의 영향
> Influence Markers	> 영향력 마커
> Introduction	> 소개
> Military Operations	> 군사 작전
> Operations	> 작전
> Procedure	> 절차
> Realignment Rolls	> 재편성 굴림
> Scoring	> 점수 계산
> Sequence	> 진행 순서
> The Chinese Civil War Space	> 중국 내전 공간
> The Space Race	> 우주 경쟁
> Turn Zero Expansion <	> 턴 제로 확장 <
> Victory	> 승리
>Currently Owned<	>현재 보유 중<
A <color=white>Coup</color> represents operations that change the composition of a target country’s government. A player attempting a <color=white>Coup</color> does not need to have any <color=white>Influence</color> Markers in the Country; however your opponent must have <color=white>Influence Markers</color> in the target country. To resolve a <color=white>Coup</color> attempt, the game multiplies the <color=white>Stability Number</color> of the target country by two (2), then rolls a die and adds the <color=white>Operations</color> points on the card to it. If the modified roll is greater than this target number the coup is successful. <color=white>Influence Markers</color> equal to the difference from the target country target number are then removed, and the remainder (if any) is added to the friendly <color=white>Influence Markers</color> to make up the difference.	<color=white>쿠데타</color>는 대상 국가의 정권 구성을 바꾸는 작전을 뜻한다. <color=white>쿠데타</color>를 시도하는 플레이어는 해당 국가에 <color=white>영향력</color> 마커가 없어도 되지만
A Pan-Arab Coalition invades Israel. Roll one die and subtract 1 for US Control of Israel and every US-controlled country adjacent to Israel.<br>USSR Victory on modified die roll 4-6.<br>USSR adds 2 Military to Ops Track.<br><br><b>Effects of Victory:</b> USSR gains 2 VP and replaces all US Influence in Israel with USSR Influence.	범아랍 연합이 이스라엘을 침공한다. 주사위를 굴리고 이스라엘의 미국 지배 및 이스라엘에 인접한 각 미국 지배 국가마다 1을 뺀다.<br>수정값 4-6이면 소련 승리.<br>소련은 군사 작전 트랙에 2를 추가한다.<br><br><b>승리 시 효과:</b> 소련은 2 승점을 얻고 이스라엘의 미국 영향력을 모두 소련 영향력으로 교체한다.
A Pan-Arab Coalition invades Israel. Roll one die and subtract 1 for US Control of Israel and for US-controlled country adjacent to Israel. USSR Victory on modified die roll 4-6. USSR adds 2 to Military Ops Track.\nEffects of Victory: USSR gains 2 VP and replaces all US Influence in Israel with USSR Influence.	범아랍 연합이 이스라엘을 침공한다. 주사위 1개를 굴리고, 미국이 이스라엘을 지배하고 있거나 이스라엘에 인접한 국가를 미국이 지배하고 있을 때마다 1을 뺀다. 수정된 주사위 결과가 4-6이면 소련이 승리한다. 소련은 군사작전 수치 2를 얻는다.\n승리 효과: 소련은 2 승점을 얻고, 이스라엘의 미국 영향력을 모두 소련 영향력으로 교체한다.
A player may play a card as an <color=white>Event</color> instead of Operations. If the <color=white>Event</color> is associated with their own Superpower, or is associated with both Superpowers, it takes effect as directed by the card’s text. Some <color=white>Event</color> cards have an underlined title, and this indicates that the effect of those <color=white>Events</color> last for the duration of the game. If an Event on a card becomes unplayable, that card may still be used for its <color=white>Operations</color> value.<br><br><br>	플레이어는 카드를 작전 대신 <color=white>이벤트</color>로 플레이할 수 있다. <color=white>이벤트</color>가 자신의 초강대국 또는 양측 모두와 연관되어 있다면 카드 텍스트에 따라 효과를 적용한다. 일부 <color=white>이벤트</color> 카드는 제목에 밑줄이 있으며
A turn in Twilight Struggle has the following game play steps:<br><br><color=white>A. Improve DEFCON Status<br>B. Deal Cards<br>C. Headline Phase<br>D. Action Rounds<br>E. Check Military Operations Status<br>F. The China Card<br>G. Turn Announcements<br>H. Final Scoring (after Turn 10 only)</color><br><br><color=white>> A. Improve DEFCON Status :</color> If the DEFCON level is lower than 5, the game will raise the DEFCON level by 1.<br><br><color=white>> B. Deal Cards :</color> Each player will receive enough cards to bring their total hand size to 8 on turns 1-3, and to 9 on turns 4-10. <color=white><i>The China Card</i></color> is never included in this total.<br><br><color=white>> C. Headline Phase :</color> Each player secretly selects a card from their hand. Once both players have made their choice, they reveal their cards to each other simultaneously. These <color=white>Headline Cards</color> and their <color=white>Events</color> take place in this phase. To determine which <color=white>Event</color> takes place first, look at the <color=white>Operations</color> value on each card, and the card with the higher value takes effect first. <color=white>Scoring Cards</color> are considered to have a <color=white>Headline Value</color> of zero (0). In the event of a tie, the US player's card will go first.<br><br><color=white>> D. Action Rounds :</color> There are six <color=white>Action Rounds</color> in turns 1-3 and seven action rounds in turns 4-10. Each player alternates playing cards, one per Action Round, for a total of six cards during turns 1-3, and seven cards during turns 4-10. The USSR player always takes their action first, followed by the US player. The player taking their <color=white>Action Round</color> is called the “Phasing Player”. If the player has insufficient cards to take an action for their turn, they must sit out the remaining <color=white>Action Rounds</color>.<br><br><color=white>> E. Check Military Operations Phase :</color> After the cards for a round are played, the game determines if any players are penalized <color=white>Victory Points</color> for failing to perform enough <color=white>Military Operations</color> during their turn. <color=white>Military Operations</color> markers are set back to zero.	황혼의 투쟁의 한 턴은 다음 순서로 진행된다:<br><br><color=white>A. 데프콘 단계 개선<br>B. 카드 배분<br>C. 헤드라인 단계<br>D. 행동 라운드<br>E. 군사 작전 현황 확인<br>F. 중국 카드<br>G. 턴 안내<br>H. 최종 점수 계산(10턴 종료 후에만)</color><br><br><color=white>> A. 데프콘 단계 개선 :</color> 데프콘 단계가 5보다 낮다면 게임은 데프콘을 1 올린다.<br><br><color=white>> B. 카드 배분 :</color> 각 플레이어는 1-3턴에는 손패가 8장이 되도록
A. Improve DEFCON Status	A. 데프콘 단계 개선
A. Improve DEFCON Status:	A. 데프콘 단계 개선:
ABM Treaty	ABM 조약
ACCEPT	확인
ADDITIONAL PROGRAMMING	추가 프로그래밍
ADDITIONAL QA	추가 QA
ADDITIONAL SOUND DESIGN	추가 사운드 디자인
AFRICA SCORING	아프리카 점수 계산
ATTEMPT	시도
ATTEMPT COUP	쿠데타 시도
ATTEMPT REALIGNMENT	재편성 시도
Attempt Realignment in 1 Countries	1개 국가에서 재편성 시도
Attempt Realignment in 2 Countries	2개 국가에서 재편성 시도
Attempt Realignment in 3 Countries	3개 국가에서 재편성 시도
Attempt Realignment in 4 Countries	4개 국가에서 재편성 시도
Attempt Realignment in 5 Countries	5개 국가에서 재편성 시도
AWACS Sale to Saudis	사우디에 대한 AWACS 판매
Accords*	협정*
Account Options	계정 옵션
Account is not yet activated. Please follow the account activation instructions that where sent to your e-mail.	계정이 아직 활성화되지 않았습니다. 이메일로 전송된 계정 활성화 안내를 따라 주세요.
Acheson	애치슨
Achievement Title	업적 제목
Achievement description to unlock goes here. Achievement description to unlock goes here.	여기에 업적 해금 설명이 표시됩니다. 여기에 업적 해금 설명이 표시됩니다.
Achievements	업적
Add 1 US Influence in Panama	Costa Rica
Add 1 US Influence in Panama, Costa Rica, and Venezuela.	파나마, 코스타리카, 베네수엘라에 미국 영향력 1씩을 추가한다.
Add 1 US Influence in Panama,<br>Costa Rica, and Venezuela.	파나마, 코스타리카, 베네수엘라에 미국 영향력 1씩을 추가한다.
Add 1 US Influence in each of four different African and/or Southeast Asian Countries.	서로 다른 네 개의 아프리카 및/또는 동남아시아 국가에 미국 영향력 1씩을 추가한다.
Add 1 US Influence in each of four different African and/or Southeast Asian countries.	서로 다른 아프리카 및/또는 동남아시아 국가 4곳에 미국 영향력 1씩을 추가한다.
Add 1 USSR Influence in each of four non-US Controlled countries in Eastern Europe.	동유럽의 비미국 지배 국가 4곳에 각각 소련 영향력 1을 추가한다.
Add 1 USSR Influence in each of four<br>non-US Controlled countries in<br>Eastern Europe.	동유럽의 비미국 지배 국가 4곳에 각각 소련 영향력 1을 추가한다.
Add 1 to the die roll total for the current Crisis.	현재 위기의 주사위 굴림 총합에 1을 더합니다.
Add 1 to the die roll total for<br>the current Crisis.	현재 위기의 주사위 굴림 총합에 1을 더합니다.
Add 2 Influence in East Germany and, if you are behind or tied with the US in the Space Race, advance your Space Race marker by one box.	동독에 영향력 2를 추가하고, 우주 경쟁에서 미국과 동점이거나 뒤처져 있다면 당신의 우주 경쟁 마커를 한 칸 전진시킵니다.
Add 2 US Influence in Central America and/or South America.	중앙아메리카 및/또는 남아메리카에 미국 영향력 2를 추가합니다.
Add 2 USSR Influence in Egypt. Remove half (rounded up) of the US Influence in Egypt.	이집트에 소련 영향력 2를 추가한다. 이집트의 미국 영향력 절반을 제거한다(올림).
Add 2 USSR Influence in Egypt.<br><br>Remove half (rounded up) of the<br>US Influence in Egypt.	이집트에 소련 영향력 2를 추가한다. 이집트의 미국 영향력 절반을 제거한다(올림).
Add 2 USSR Influence in Vietnam. For the remainder of the turn	베트남에 소련 영향력 2를 추가한다. 이번 턴 남은 동안
Add 2 USSR Influence in Vietnam. For the remainder of the turn, the Soviet player may add 1 Operations point to any card that uses all points in Southeast Asia.	베트남에 소련 영향력 2를 추가한다. 이번 턴 남은 동안 소련 플레이어는 동남아시아에 모든 작전치를 사용하는 카드의 작전치에 1을 더할 수 있다.
Add 2 USSR Influence in Vietnam.<br><br>For the remainder of the turn, the Soviet player may add 1 Operations point to any card that uses all points in<br>Southeast Asia.	베트남에 소련 영향력 2를 추가한다. 이번 턴 남은 동안 소련 플레이어는 동남아시아에 모든 작전치를 사용하는 카드의 작전치에 1을 더할 수 있다.
Add 2 USSR Influence in Vietnam.<br>For the remainder of the turn, the Soviet player may add 1 Operations point to any card that uses all points in<br>Southeast Asia.	베트남에 소련 영향력 2를 추가한다. 이번 턴 남은 동안 소련 플레이어는 동남아시아에 모든 작전치를 사용하는 카드의 작전치에 1을 더할 수 있다.
Add 2 USSR Influence in both SE African States and Angola.	동남아프리카 국가들과 앙골라에 소련 영향력 2씩을 추가한다.
Add 2 USSR Influence in both the SE African States and Angola.	동남아프리카 국가들과 앙골라에 각각 소련 영향력 2를 추가한다.
Add 2 to the die roll total for the current Crisis.	현재 위기의 주사위 굴림 총합에 2를 더합니다.
Add 2 to the die roll total for<br>the current Crisis.	현재 위기의 주사위 굴림 총합에 2를 더합니다.
Add 3 USSR Influence in Central America, no more than 2 per country.	중앙아메리카에 소련 영향력 3개를 추가합니다. 한 국가당 최대 2개까지입니다.
Add 4 Influence in Europe (no more than 2 per country). If USSR is ahead of US in VP	유럽에 영향력 4를 추가한다(한 국가당 최대 2). 소련이 승점에서 미국보다 앞서 있다면
Add 4 Influence in Europe (no more than 2 per country). If USSR is ahead of US in VP, then 6 Influence may be added instead.<br>USSR may no longer conduct Coup attempts in Europe.<br><font="TIMESI SDF">Improves effect of "Glasnost" event.</font>	유럽에 영향력 4를 추가한다(한 국가당 최대 2). 소련이 승점에서 미국보다 앞서 있다면 대신 영향력 6을 추가할 수 있다.<br>소련은 더 이상 유럽에서 쿠데타를 시도할 수 없다.<br><font=""TIMESI SDF"">"글라스노스트" 이벤트의 효과를 강화한다.</font>
Add 4 Influence in Europe (no more than 2 per country). If USSR is ahead of US in VP, then 6 Influence may be added instead.<br>USSR may no longer conduct Coup attempts in Europe.<br><i>Improves effect of "Glasnost" event.</i>	유럽에 영향력 4를 추가한다(한 국가당 최대 2). 소련이 승점에서 미국보다 앞서 있다면 대신 영향력 6을 추가할 수 있다.<br>소련은 더 이상 유럽에서 쿠데타를 시도할 수 없다.<br><font=""TIMESI SDF"">"글라스노스트" 이벤트의 효과를 강화한다.</font>
Add 5 USSR Influence	소련 영향력 5 추가
Add 5 USSR Influence in Eastern Europe	동유럽에 소련 영향력 5를 추가한다.
Add Friend	친구 추가
Add Influence Adjacent to South Africa	남아프리카 인접 국가에 영향력 추가
Add one USSR Influence in each of any four African and/or SE Asian countries.	아프리카 및/또는 동남아시아의 임의의 네 국가에 소련 영향력 1씩 추가합니다.
Add sufficient US Influence in either Yugoslavia, Romania, Bulgaria, Hungary or Czechoslovakia to equal USSR Influence.	유고슬라비아, 루마니아, 불가리아, 헝가리, 체코슬로바키아 중 하나에 미국 영향력을 소련 영향력과 동일해질 때까지 추가한다.
Add sufficient US Influence in either Yugoslavia, Romania, Bulgaria, Hungary<br>or Czechoslovakia to equal USSR Influence.	유고슬라비아, 루마니아, 불가리아, 헝가리, 체코슬로바키아 중 하나에 미국 영향력을 소련 영향력과 동일해질 때까지 추가한다.
Add sufficient US Influence in<br>either Yugoslavia, Romania,<br>Bulgaria, Hungary or<br>Czechoslovakia to equal USSR Influence.	유고슬라비아, 루마니아, 불가리아, 헝가리, 체코슬로바키아 중 하나에 미국 영향력을 소련 영향력과 동일해질 때까지 추가한다.
Additional QA	추가 QA
Additional sound clips courtesy	추가 사운드 클립 제공
Adds sufficient US Influence in either Yugoslavia	유고슬라비아에 미국 영향력을 소련 영향력과 동일해질 때까지 추가한다.
Adjacent to Panama	파나마에 인접
Advance player's Space Race marker one box.	플레이어의 우주 경쟁 마커를 한 칸 전진시킨다.
Advance player's Space Race<br>marker one box.	플레이어의 우주 경쟁 마커를 한 칸 전진시킨다.
Afghanistan	아프가니스탄
Africa	아프리카
Africa Scoring	아프리카 점수 계산
Africa Scoring Region	아프리카 점수 지역
Aldrich Ames Remix	앨드리치 에임스 리믹스
Aldrich Ames Remix*	앨드리치 에임스 리믹스*
Alexander Goodman	알렉산더 굿맨
All Early and Mid War cards that have an asterisk on them are removed from the deck, except <i>Bear Trap, Camp David, John Paul, and Panama Canal</i>. The <i>China Card</i> is given to the USSR player at the start.<br><br>The US player has domination of both South America and Asia, and addtional influence for both players is added to the world map, spread across multiple countries and continents.	별표가 붙은 모든 초기 전쟁 및 중기 전쟁 카드는 <i>곰 덫
All US Realignment rolls have a -1 die roll modifier for the remainder of the turn.	이번 턴의 남은 동안 모든 미국 재편성 굴림은 주사위 굴림 수정치 -1을 받습니다.
All further Operations card played by the USSR this turn increase their Ops value by one (to a maximum of 4).	이번 턴 동안 소련이 이후에 플레이하는 모든 작전 카드는 작전치가 1 증가한다(최대 4).
All further Operations cards played by US this turn add one to their value (to a maximum of 4).	이번 턴 동안 미국이 이후에 플레이하는 모든 작전 카드는 작전치가 1 증가한다(최대 4).
All further Operations cards played by the USSR this turn increase their Ops value by one (to a maximum of 4).	이번 턴 동안 소련이 이후에 플레이하는 모든 작전 카드는 작전치가 1 증가한다(최대 4).
All further Operations cards played by your opponent this turn are -1 to their value (to a minimum of 1 Op).	이번 턴 동안 상대가 이후에 플레이하는 모든 작전 카드는 작전치가 -1 됩니다(최소 작전치 1).
All further Operations cards played<br>by US this turn add one to their<br>value (to a maximum of 4).	이번 턴 동안 미국이 이후에 플레이하는 모든 작전 카드는 작전치가 1 증가한다(최대 4).
All of the player's Coup attempts in Central and South America are +1 for the remainder of the turn, while all opponent's Coup attempts are -1 for the remainder of the turn.	이번 턴 남은 동안 플레이어의 중앙아메리카와 남아메리카에서의 모든 쿠데타 시도는 +1을 받고, 상대의 모든 쿠데타 시도는 -1을 받습니다.
Allende*	아옌데*
Alliance for Progress*	진보를 위한 동맹*
Allied           Berlin	연합군 베를린
Allows play of <i>NATO</i>.<br><br>Add one US Influence in each of<br>seven non-USSR Controlled<br>Western European Countries.	<i>NATO</i>를 플레이할 수 있게 된다.<br><br>소련이 지배하지 않는 서유럽 7개 국가에 각각 미국 영향력 1을 추가한다.
Alternative Games	대체 게임
Ambient Volume	배경음 볼륨
An Evil Empire*	악의 제국*
Ananda Gupta	아난다 굽타
Android Notifications	안드로이드 알림
Animation Speed	애니메이션 속도
Announcements	공지사항
Anti-Ballistic	대탄도탄
Arab-Israeli War	아랍-이스라엘 전쟁
Arab-Israeli<br>War	아랍-이스라엘 전쟁
Are you sure you want to exit the game?	게임을 종료하시겠습니까?
Are you sure you want to join this game?	이 게임에 참가하시겠습니까?
Are you sure you wish to forfeit this game? Are you sure you wish to forfeit this game?	정말로 이 게임을 기권하시겠습니까? 정말로 이 게임을 기권하시겠습니까?
Argentina	아르헨티나
Arms Race	군비 경쟁
Artist	아티스트
Asia	아시아
Asia Scoring	아시아 점수 계산
Asia<br>Scoring	아시아 점수 계산
Asmodee.net Account Linking	Asmodee.net 계정 연결
Atempts remaining this turn	이번 턴 남은 시도
Attack any country with a stability of 1 or 2. Roll a die and subtract 1 for every adjacent enemy controlled country. Success of 3-6. Player adds 3 to their Military Ops Track.<br><br><b>Effects of Victory:</b> Player gains 1 VP and replaces all opponent's Influence with their Influence.	안정도 1 또는 2의 국가 하나를 공격한다. 주사위를 굴리고 인접한 적 지배 국가마다 1을 뺀다. 수정값 3-6이면 성공. 플레이어는 군사 작전에 3을 추가한다.<br><br><b>성공 시 효과:</b> 플레이어는 1 승점을 얻고 상대 영향력을 모두 자신의 영향력으로 바꾼다.
Auto Play	자동 진행
Available Country	선택 가능한 국가
Awacs Sale	AWACS 판매
Back	뒤로
Battleground	격전지
Battleground State	격전지 상태
Bear Trap*	곰 덫*
Begins the game with the USSR player.	소련 플레이어가 이 카드를 가지고 게임을 시작한다.
Begins the game with the USSR player.\n+1 Operations value when all points are used in Asia. Pass to opponent after play.\n+1 VP for the player holding this card at the end of Turn 10.\nCancels effect of 'Formosan Resolution' if this card is played by the US player.	소련 플레이어가 이 카드를 가지고 게임을 시작한다.\n모든 작전치를 아시아에 사용할 때 작전치가 +1 된다. 플레이 후 상대에게 넘긴다.\n10턴 종료 시 이 카드를 보유한 플레이어는 +1 승점을 얻는다.\n미국 플레이어가 이 카드를 플레이하면 '포르모사 결의안'의 효과를 취소한다.
Benelux	베네룩스
Bid for Sides	진영 입찰
Both accounts MUST be verified before your accounts can be linked.	계정을 연결하려면 두 계정 모두 반드시 인증되어야 합니다.
Both players roll a die. Each adds 1 for each Region they Dominate or Control. High roller gains 2 VP and may move DEFCON marker one level in either direction.<br><br>Do not reroll ties.	양 플레이어가 주사위를 굴린다. 각자 자신이 지배 또는 장악한 지역마다 1을 더한다. 높은 쪽이 2 승점을 얻고 데프콘 마커를 한 단계 올리거나 내릴 수 있다.<br>동점은 다시 굴리지 않는다.
Both players roll a die. Each adds 1<br>for each Region they Dominate or Control. High roller gains 2 VP<br>and may move DEFCON marker<br>one level in either direction.<br>Do not reroll ties.	양 플레이어가 주사위를 굴린다. 각자 자신이 지배 또는 장악한 지역마다 1을 더한다. 높은 쪽이 2 승점을 얻고 데프콘 마커를 한 단계 올리거나 내릴 수 있다.<br>동점은 다시 굴리지 않는다.
Both sides score:	양측 점수 계산:
Brazil	브라질
Burma	버마
By the end of each turn, a player needs to have a certain number of <color=white>Military Operations</color>. Failure to do so results in a <color=white>Victory Point</color> penalty. The number of <color=white>Military Operations</color> required each turn is equal to the current DEFCON status number. <color=white>Coup</color> attempts and War Events are <color=white>Military Operations</color>, and when played the game moves the player's marker on the <color=white>Military Operations</color> track a number of spaces equal to the <color=white>Operations</color> value of the card.	각 턴이 끝날 때 플레이어는 일정 수치 이상의 <color=white>군사 작전</color>을 보유해야 한다. 이를 충족하지 못하면 <color=white>승점</color> 페널티를 받는다. 매 턴 필요한 <color=white>군사 작전</color> 수치는 현재 데프콘 단계와 같다. <color=white>쿠데타</color>와 전쟁 이벤트는 <color=white>군사 작전</color>으로 간주되며
By the end of each turn, each player must have played a certain number of <color=white>Military Operations</color>. Failure to do so results in a <color=white>Victory Point</color> penalty. The number of <color=white>Military Operations</color> required each turn is equal to the current DEFCON status number. <color=white>Coup</color> attempts and War Events are <color=white>Military Operations</color>, and when played the game will move the the player's marker on the <color=white>Military Operations</color> track a number of spaces equal to the <color=white>Operations</color> value of the card.	각 턴이 끝날 때 각 플레이어는 일정 수치 이상의 <color=white>군사 작전</color>을 수행해야 한다. 이를 충족하지 못하면 <color=white>승점</color> 페널티를 받는다. 매 턴 필요한 <color=white>군사 작전</color> 수치는 현재 데프콘 단계와 같다. <color=white>쿠데타</color>와 전쟁 이벤트는 <color=white>군사 작전</color>으로 간주되며
CHANCE TO FAIL:	실패 확률:
CHANCE TO SUCCEED:	성공 확률:
CHIEF CREATIVE OFFICER	최고 크리에이티브 책임자
CHIEF EXECUTIVE OFFICER	최고 경영 책임자
CHIEF TECHNICAL OFFICER	최고 기술 책임자
COLLECTOR'S EDITION MAP ART	컬렉터즈 에디션 맵 아트
COUP DEFENSE	쿠데타 방어
CRITICAL!!	치명타!!
Canada	캐나다
Cancel effect of US card for the current Crisis.	현재 위기에 대한 미국 카드의 효과를 무효화합니다.
Cancel effect of US card for<br>the current Crisis.	현재 위기에 대한 미국 카드의 효과를 무효화합니다.
Cancel effect of USSR card for the current Crisis.	현재 위기에 대한 소련 카드의 효과를 무효화합니다.
Cancel effect of USSR card for<br>the current Crisis.	현재 위기에 대한 소련 카드의 효과를 무효화합니다.
Cancels effect of 'Formosan Resolution' if this card is played by the US player.	이 카드가 미국 플레이어에 의해 플레이되면 '포르모사 결의안'의 효과를 취소한다.
Cancels/Prevents <i>Willy Brandt.</i><br>Add 3 US Influence in East Germany.<br>Then US may make a free Coup attempt or Realignment rolls in Europe using this card's Ops Value.	<i>빌리 브란트</i>를 취소/방지한다.<br>동독에 미국 영향력 3을 추가한다.<br>그 후 미국은 이 카드의 작전치으로 유럽에서 무료 쿠데타 또는 재편성을 수행할 수 있다.
Central America Scoring	중앙아메리카 점수 계산
Central America Scoring Region	중앙아메리카 점수 지역
Choose Sides	진영 선택
Click here to adjust Profile	여기를 눌러 프로필 조정
Click the BACK button...  Please...	뒤로 가기 버튼을 눌러주세요...
Coalition government. Socialist Governments event has no effect on turns 1 or 2.	연립 정부. 1턴과 2턴에는 사회주의 정부 이벤트가 효과가 없다.
Collector's Edition	컬렉터즈 에디션
Collector's Edition Map	컬렉터즈 에디션 맵
Collector's Edition Map Art	컬렉터즈 에디션 맵 아트
Compare each player's status on the Military Operations Tracks. If Phasing Player has more Military Operations points, they score 1 VP.<br><br>If Phasing Player has more Military Operations points <i>and</i> has met the Required Military Operations amount, they score 3 VP instead.	양 플레이어의 군사 작전 트랙 수치를 비교한다. 현재 차례인 플레이어의 군사 작전 수치가 더 높으면 1 승점을 얻는다.<br><br>현재 차례인 플레이어의 군사 작전 수치가 더 높고 <i>또한</i> 필요 군사 작전 수치를 충족했다면 대신 3 승점을 얻는다.
Compare each player's status on the Military Operations Tracks.<br><br>If Phasing Player has more Military Operations points, they score 1 VP.<br><br>If Phasing Player has more Military Operations points <i>and</i> has met the Required Military Operations amount, they score<br>3 VP instead.	양 플레이어의 군사 작전 트랙 수치를 비교한다. 현재 차례인 플레이어의 군사 작전 수치가 더 높으면 1 승점을 얻는다.<br><br>현재 차례인 플레이어의 군사 작전 수치가 더 높고 <i>또한</i> 필요 군사 작전 수치를 충족했다면 대신 3 승점을 얻는다.
Connecting to Server...	서버에 연결 중...
Control and Influence	지배와 영향력
Control and Influence:	지배와 영향력:
Control:	지배:
Costa Rica	코스타리카
Countries that do not share a border, but are considered connected, are shown via lines on the map. A country is considered to be Adjacent to all other countries to which it is connected. Each country on the map is considered either to be <color=white>Controlled</color> by one of the player's, or it is Uncontrolled. A country is considered <color=white>Controlled</color> by a player if the player has Influence Points in the country greater than or equal to the country’s <color=white>Stability Number</color>, and if the player’s Influence in the country exceeds their opponent’s Influence in that country by at least the country’s <color=white>Stability Number</color>.	국경을 접하지 않지만 연결된 것으로 간주되는 국가들은 지도 위 선으로 표시된다. 한 국가는 연결된 모든 국가와 인접한 것으로 본다. 지도 위의 각 국가는 어느 한 플레이어에게 <color=white>지배</color>되었거나 미지배 상태이다. 한 국가가 플레이어에게 <color=white>지배</color>되었다고 보려면
Creating this Quick Match failed.	빠른 대전 생성에 실패했습니다.
Cuba	쿠바
Current DEFCON Level:	현재 데프콘 단계:
Czechoslovakia	체코슬로바키아
DECISION:	결정:
DEFCON	데프콘
DEFCON (Current Level)	데프콘 (현재 단계)
DEFCON 1	데프콘 1
DEFCON 5: No effect	데프콘 5: 효과 없음
DEFCON Icon	데프콘 아이콘
DEFCON Level	데프콘 단계
DEFCON RESULT WILL BE 3!	데프콘 결과는 3이 됩니다!
DEFCON Status	데프콘 상태
DEFCON and MilOps Track	데프콘 및 군사 작전 트랙
DELETE THIS FRIEND?	이 친구를 삭제하시겠습니까?
DIE ROLL MODIFIER	주사위 수정치
DIRECTOR: INFORMATION TECHNOLOGY	디렉터: 정보기술
DISPLAY LEGEND	범례 표시
De-Stalinization*	<nobr>탈스탈린화*
Degrade DEFCON one level.<br><br>Then US player earns VPs equal to<br>5 minus current DEFCON level.	데프콘을 1단계 낮춘다.<br><br>그 후 미국 플레이어는 현재 데프콘 단계를 5에서 뺀 수만큼 승점을 얻는다.
Degrade DEFCON one level.<br>Then US player earns VPs equal to<br>5 minus current DEFCON level.	데프콘을 1단계 낮춘다.<br><br>그 후 미국 플레이어는 현재 데프콘 단계를 5에서 뺀 수만큼 승점을 얻는다.
Degrade DEFCON one level.<br>US gains 2 VP.<br><br>If South Korea is US Controlled, then the US may place Influence or attempt Realignments as if they played a<br>4 Ops card.	데프콘을 1단계 낮춘다.<br>미국이 2 승점을 얻는다.<br><br>남한이 미국 지배 상태라면 미국은 작전치 4 카드처럼 영향력 배치 또는 재편성을 수행할 수 있다.
Delete this Friend?	이 친구를 삭제하시겠습니까?
Drag a profile tab to the player slot	프로필 탭을 플레이어 슬롯으로 끌어오세요
Drag card here for chance	기회를 위해 카드를 여기에 놓으세요
Duck and Cover	덕 앤 커버
E-mail Address	이메일 주소
E. Germany	동독
East Germany	동독
EARLY	초기
END GAME	게임 종료
Ecuador	에콰도르
Effects of Victory: USSR gains 2 VP and replaces all US Influence in Israel with USSR Influence.	승리 시 효과: 소련이 2 승점을 얻고 이스라엘의 미국 영향력을 모두 소련 영향력으로 교체한다.
Egypt	이집트
End of Turn:<br>DEFCON level	턴 종료:<br>데프콘 단계
Enter text...	텍스트 입력...
Enter your Playdek account credentials, then you can create an Asmodee.net account and link it to your Playdek account.	Playdek 계정 정보를 입력하면 Asmodee.net 계정을 생성하고 Playdek 계정과 연결할 수 있습니다.
Enter your account credentials for both you Asmodee.net and your Playdek accounts, then you will allowed to link those accounts.	Asmodee.net 계정과 Playdek 계정의 로그인 정보를 모두 입력하면 두 계정을 연결할 수 있습니다.
Europe Scoring	유럽 점수 계산
Europe Scoring Region	유럽 점수 지역
Europe<br>Scoring	유럽 점수 계산
Events made unplayable or restricted due to the aforementioned <color=white>Event Restrictions</color> are still playable for <color=white>Operations Points</color>.	앞서 설명한 <color=white>이벤트 제한</color> 때문에 사용할 수 없거나 제약을 받는 이벤트도 여전히 <color=white>작전치</color>으로는 플레이할 수 있다.
Everyone imposes his own system as far as his army can reach. - Joeseph Stalin	각자는 자기 군대가 도달하는 곳까지 자신의 체제를 강요한다. - 조지프 스탈린
Everyone imposes his own system as far as his army can reach. -Joeseph Stalin	각자는 자기 군대가 도달하는 곳까지 자신의 체제를 강요한다. - 조지프 스탈린
Everyone imposes his own system as far as his army can reach." - Joeseph Stalin	"각자는 자기 군대가 도달하는 곳까지 자신의 체제를 강요한다." - 조지프 스탈린
Everyone imposes his own system as far as his army can reach." -Joeseph Stalin	"각자는 자기 군대가 도달하는 곳까지 자신의 체제를 강요한다." - 조지프 스탈린
Except for <color=white>Scoring Cards</color>, all cards contain an <color=white>Operations Point</color> value, an <color=white>Event Title</color> and <color=white>Event Description</color>. <color=white>Scoring Cards</color> are labeled “SCORING” and must be played sometime during the turn they are drawn. Cards with a Red star are only associated with the USSR, and cards with a White star are only associated with the US. Cards that have a split Red/White star are Neutral, and are associated with both sides. <br><br>Cards are played in either one of two ways - as <color=white>Events</color> or <color=white>Operations</color>. Many cards have an asterisk following their <color=white>Event Title</color>. When these cards are played as <color=white>Events</color>, they are removed permanently from the game. Cards that have their <color=white>Event Title</color> underlined, and are played as an Event, are in effect on the game board until they are cancelled. Cards that are discarded, but not removed from the game, are placed face up in the discarded pile.	<color=white>점수 카드</color>를 제외한 모든 카드는 <color=white>작전치</color>
Except for Scoring	점수 계산 카드를 제외하면
Exchange this card for your opponent's highest valued Operations card in their hand. If two or more cards are tied, opponent chooses.<br><br>If the exchanged card contains your event, or an event applicable to both players, it occurs immediately. If it contains opponent's event, use Operations value without triggering event. Opponent must use this card<br>for Operations during their next<br>action round.	이 카드를 상대 손에 있는 가장 높은 작전치 카드와 교환한다. 동점 카드가 둘 이상이면 상대가 선택한다.<br><br>교환한 카드에 자신의 이벤트나 양측 공통 이벤트가 있다면 즉시 발생한다. 상대 이벤트가 있다면 이벤트는 발동하지 않고 작전치만 사용한다. 상대는 다음 행동 라운드에 이 카드를 작전용으로 사용해야 한다.
FAILURE	실패
FAILURE!	실패!
FAQ	자주 묻는 질문
FINAL SCORING	최종 점수 계산
Final Scoring	최종 점수 계산
For those of you who would like to dive right into the <color=white>post-Quagmire era</color> and try out the cool possibilities of a Landed Eagle, Star Wars, Chernobyl, Aldrich Ames, the Iranian Hostage Crisis, and Terrorism, here’s a scenario that cuts to the chase.	<color=white>수렁 이후 시대</color>로 바로 뛰어들어 Landed Eagle, Star Wars, 체르노빌, 앨드리치 에임스, 이란 인질 위기, 테러리즘 같은 흥미로운 가능성을 시험해 보고 싶은 분들을 위해, 핵심만 바로 즐길 수 있는 시나리오를 준비했다.
From Stettin in the Baltic to Trieste in the Adriatic, an iron curtain has descended across the continent. - Winston Churchill	발트해의 슈테틴에서 아드리아해의 트리에스테까지, 대륙 전체를 가로질러 철의 장막이 드리워졌다. - 윈스턴 처칠
From Stettin in the Baltic to Trieste in the Adriatic, an iron curtain has descended across the continent." - Winston Churchill	"발트해의 슈테틴에서 아드리아해의 트리에스테까지, 대륙 전체를 가로질러 철의 장막이 드리워졌다." - 윈스턴 처칠
GAME DESIGNERS	게임 디자이너
GAME LIST	게임 목록
GMT	그리니치 표준시
GMT DIGITAL PRODUCER	GMT 디지털 프로듀서
GMT Digital Producer	GMT 디지털 프로듀서
Grain Sales to Soviets	소련에 곡물 판매
Guatemala	과테말라
HEADLINE CARD	헤드라인 카드
HEADLINE PHASE	헤드라인 단계
Head to Head :	일대일 :
Headline	헤드라인
COUP	쿠데타
C O U P	쿠데타
Help : Placing Influence	도움말 : 영향력 배치
Help : Scoring & Victory	도움말 : 점수 계산과 승리
How about a nice game of chess?	데프콘 단계가 2라면 상대에게 6 승점을 준 뒤 즉시 게임을 종료할 수 있다(최종 점수 계산 단계 없이). 좋은 체스 한 판은 어떤가?
Hungary	헝가리
I agree to the Privacy Policy.	개인정보 처리방침에 동의합니다.
I agree to the Terms & Conditions.	이용약관에 동의합니다.
I agree to the Terms of Use.	이용 조건에 동의합니다.
I. Final Scoring:	I. 최종 점수 계산:
INFLUENCE GAINED	획득 영향력
If DEFCON Status 2	you may immediately end the game (without Final Scoring Phase) after giving opponent 6 VPs.
If DEFCON Status 2, you may immediately end the game (without Final Scoring Phase) after giving opponent 6 VPs.	데프콘 단계가 2라면 상대에게 6 승점을 준 뒤 즉시 게임을 끝낼 수 있다(최종 점수 계산 없이).
If DEFCON Status 2, you may immediately end the game (without Final Scoring Phase) after giving opponent 6 VPs.\nHow about a nice game of chess?	데프콘 단계가 2라면 상대에게 6 승점을 준 뒤 즉시 게임을 끝낼 수 있다(최종 점수 계산 단계 없이).\n멋지게 체스 한 판 두는 건 어떤가?
If DEFCON Status 2, you may immediately end the game (without Final Scoring Phase) after giving opponent 6 VPs.<br><i>How about a nice game of chess?</i>	데프콘 단계가 2라면 상대에게 6 승점을 준 뒤 즉시 게임을 끝낼 수 있다(최종 점수 계산 단계 없이).\n멋지게 체스 한 판 두는 건 어떤가?
If Results greater than target number effect the Influence of target country.	수정 결과가 목표 수치를 넘으면 그 차이만큼 대상 국가의 영향력에 적용된다.
If UK is US controlled but NATO is not in effect, US adds 1 Influence to any country adjacent to the UK.<br><br>If UK is US controlled and NATO is<br>in effect, US adds 2 Influence to any Western European country<br>and gains 2 VPs.	영국이 미국 지배 상태이지만 NATO가 발동 중이 아니면 미국은 영국에 인접한 아무 국가에 영향력 1을 추가한다.<br><br>영국이 미국 지배 상태이고 NATO가 발동 중이면 미국은 아무 서유럽 국가에 영향력 2를 추가하고 2 승점을 얻는다.
If US has <i>The China Card</i>, gain 2 VP. Otherwise, US player receives the<br><i>The China Card</i> now, face down and unavailable for immediate play.	미국이 <i>중국 카드</i>를 가지고 있다면 2 승점을 얻는다. 그렇지 않다면 미국 플레이어가 지금 <br><i>중국 카드</i>를 받아 뒷면으로 보유하며 즉시 플레이할 수는 없다.
If US has <i>The China Card</i>, gain 2 VP.<br>Otherwise, US player receives the <i>The China Card</i> now, face down and unavailable for immediate play.	미국이 <i>중국 카드</i>를 가지고 있다면 2 승점을 얻는다. 그렇지 않다면 미국 플레이어가 지금 <br><i>중국 카드</i>를 받아 뒷면으로 보유하며 즉시 플레이할 수는 없다.
If the DEFCON level is lower	데프콘 단계가 더 낮다면
If the US controls Canada, the US may add 1 Influence to any country already containing US Influence at the conclusion of any Action Round in which the DEFCON MARKER moves to the '2' box.<br><br><i>This event is canceled by #42 Quagmire.</i>	미국이 캐나다를 지배하고 있다면, 데프콘 마커가 '2' 칸으로 이동한 행동 라운드 종료 시 미국 영향력이 이미 있는 모든 국가에 영향력 1을 추가할 수 있다. 이 이벤트는 #42 <font="TIMESI SDF">수렁</font>에 의해 취소된다.
If the US controls Canada, the US<br>may add 1 Influence to any country<br>already containing US Influence at<br>the conclusion of any Action Round in which the DEFCON MARKER moves<br>to the '2' box. This event is canceled<br>by #42 <font="TIMESI SDF">Quagmire.</font>	미국이 캐나다를 지배하고 있다면, 데프콘 마커가 '2' 칸으로 이동한 행동 라운드 종료 시 미국 영향력이 이미 있는 모든 국가에 영향력 1을 추가할 수 있다. 이 이벤트는 #42 <font="TIMESI SDF">수렁</font>에 의해 취소된다.
If the US controls at least one Middle East country, the US player draws the top 5 cards from the draw pile.<br>They may reveal and then discard any or all of these drawn cards without triggering the Event. Any remaining drawn cards are returned to the draw deck, and it is reshuffled.	미국이 중동 국가를 최소 하나 지배하고 있다면 미국 플레이어는 카드 더미 맨 위 5장을 뽑는다.<br>이 카드들은 이벤트를 발동하지 않고 공개 후 원하는 만큼 버릴 수 있다. 남은 카드는 다시 카드 더미로 돌아가고 덱을 다시 섞는다.
If the US controls more Battleground countries than the USSR, poke opponent in chest and gain 2 VP!	미국이 소련보다 더 많은 격전지를 지배하고 있다면, 상대 가슴을 콕 찌르고 2 승점을 얻으세요!
If the US has <i>The China Card</i>, claim it face up and available for play. If the USSR already has it, USSR gains 1 VP.	미국이 <i>중국 카드</i>를 가지고 있다면 이를 앞면으로 가져와 플레이 가능하게 한다.<br>이미 소련이 가지고 있다면 소련이 1 승점을 얻는다.
If the US has <i>The China Card</i>, claim it face up and available for play.<br><br>If the USSR already has it, <br>USSR gains 1 VP.	미국이 <i>중국 카드</i>를 가지고 있다면 이를 앞면으로 가져와 플레이 가능하게 한다.<br>이미 소련이 가지고 있다면 소련이 1 승점을 얻는다.
If the US has <i>The China Card</i>, claim it face up and available for play.<br>If the USSR already has it, USSR gains 1 VP.	미국이 <i>중국 카드</i>를 가지고 있다면 이를 앞면으로 가져와 플레이 가능하게 한다.<br>이미 소련이 가지고 있다면 소련이 1 승점을 얻는다.
If the US is ahead on the Space Race track, play this card to search through the discard pile for a non-scoring card of your choice.<br><br>Event occurs immediately.	미국이 우주 경쟁 트랙에서 앞서 있다면 이 카드를 플레이하여 버린 카드 더미에서 원하는 비점수 카드 1장을 찾아 즉시 사용한다.
If the US is behind in Military Operations, the US scores 2 VP.	미국이 군사 작전에서 뒤처져 있다면, 미국이 승점 2를 획득합니다.
If the USSR has <i>The China Card</i>, claim it face up and available for play. If the US already has <i>The China Card</i>, add 4 US Influence in Asia, no more than 2 per country.	소련이 <i>중국 카드</i>를 가지고 있다면 이를 앞면으로 가져와 플레이 가능하게 한다. 미국이 이미 <i>중국 카드</i>를 가지고 있다면 아시아에 미국 영향력 4를 추가한다. 한 국가당 최대 2까지다.
If the USSR has <i>The China Card</i>, claim it face up and available for play.<br>If the US already has <i>The China Card</i>, add 4 US Influence in Asia, no more than 2 per country.	소련이 <i>중국 카드</i>를 가지고 있다면 이를 앞면으로 가져와 플레이 가능하게 한다. 미국이 이미 <i>중국 카드</i>를 가지고 있다면 아시아에 미국 영향력 4를 추가한다. 한 국가당 최대 2까지다.
If you are behind on the Space Race track, play this card to move your marker two boxes forward on the Space Race Track, gaining the VP value of the second box only.	우주 경쟁 트랙에서 뒤져 있다면 이 카드를 플레이해 마커를 두 칸 전진시키고 두 번째 칸의 승점만 획득한다.
Improve DEFCON one level.<br><br>Then player may Conduct Operations as if they played a 4 Ops card.	데프콘을 1단계 올린다.<br><br>그 후 플레이어는 작전치 4 카드처럼 작전을 수행할 수 있다.
Improve DEFCON two levels.<br>Further Coup attempts incur -1 die roll modifier for both players for the remainder of the turn.<br>Player may sort through discard pile and reclaim one non-scoring card, after revealing it to their opponent.	데프콘을 2단계 올린다.<br>이번 턴 남은 동안 양 플레이어의 추가 쿠데타 시도는 주사위 수정치 -1을 받는다.<br>플레이어는 상대에게 보여준 뒤 버린 카드 더미에서 비점수 카드 1장을 회수할 수 있다.
Improves effect of Glasnost event.	유럽에 영향력 4를 추가한다(국가당 최대 2).
India or Pakistan invades the other (player's choice). Roll one die and subtract 1 for every opponent-controlled country adjacent to the target of the invasion. Player Victory on modified roll of 4-6. Player adds 2 to Military Ops Track.<br><br><b>Effects of Victory:</b> Player gains 2 VP and replaces all opponent's Influence in target country with his Influence.	인도 또는 파키스탄이 상대국을 침공한다(플레이어 선택). 주사위를 굴리고 목표국에 인접한 상대 지배 국가마다 1을 뺀다. 수정값 4-6이면 승리. 플레이어는 군사 작전 트랙에 2를 추가한다.<br><br><b>승리 시 효과:</b> 플레이어는 2 승점을 얻고 목표국의 상대 영향력을 모두 자신의 영향력으로 교체한다.
Indo-Pakistani War	<nobr>인도-파키스탄</nobr> 전쟁
Influence	영향력
Influence Gained:	획득 영향력:
Influence Handicap	영향력 핸디캡
Influence Marker	영향력 마커
Influence Marker: Control	영향력 마커: 지배
Influence Markers	영향력 마커
Influence and Control Rules:	영향력과 지배 규칙:
Iran or Iraq invades the other (player's choice). Roll one die and subtract 1 for every opponent-controlled country adjacent to target of invasion. Player Victory on modified roll of 4-6. Player adds 2 to Military Ops Track.<br><b> Effects of Victory: </b> Player gains 2 VP and replaces opponent's Influence in target country with their own.	이란 또는 이라크가 상대국을 침공한다(플레이어 선택). 주사위를 굴리고 목표국에 인접한 상대 지배 국가마다 1을 뺀다. 수정값 4-6이면 승리. 플레이어는 군사 작전 트랙에 2를 추가한다.<br><b>승리 시 효과:</b> 플레이어는 2 승점을 얻고 목표국의 상대 영향력을 자신의 영향력으로 교체한다.
Italy	이탈리아
Japan	일본
Japan surrenders after Hiroshima bomb; Stalin reins in surrogates. Remove the Korean War card from the game. On turn 1, US ignores DEFCON restrictions and DEFCON cannot go below 2.	히로시마 원폭 이후 일본이 항복하고, 스탈린은 대리 세력을 억제한다. 한국 전쟁 카드를 게임에서 제거한다. 1턴에는 미국이 데프콘 제한을 무시하며 데프콘은 2 아래로 내려갈 수 없다.
John Paul II	요한 바오로 2세
Keep this Resolution?	이 결의안을 유지하시겠습니까?
Keep this resolution?	이 결의를 유지하시겠습니까?
LEAD PROGRAMMER	수석 프로그래머
Labour wins in a huge landside; Tories fail to reach 100 seats in the Commons. US shies from left-wing elements. US Influence in the UK is reduced by 2.	노동당이 대승을 거두고 보수당은 하원 100석 확보에도 실패한다. 미국은 좌파 세력을 경계한다. 영국의 미국 영향력이 2 감소한다.
Labour wins in a landside. No effect.	노동당이 압승한다. 효과 없음.
Laos/Cambodia	라오스/캄보디아
Latin American Death Squads	라틴아메리카 죽음의 분대
Lone Gunman*	고독한 총잡이*
Losses versus :	상대 전적 패배 :
MAP	CARD
MARKETING/COMMUNITY MANAGER	마케팅/커뮤니티 매니저
MAY NOT BE HELD	보유 불가
MILITARY OPS GAINED	획득 군사 작전
MUSIC & SOUND DESIGN	음악 및 사운드 디자인
Malaysia	말레이시아
Map	Card
May Play	플레이 가능
May not be held	보유할 수 없음
Message text goes here!	메시지 텍스트가 여기에 표시됩니다!
Middle East Scoring	중동 점수 계산
Morocco	모로코
N. Korea	북한
North Korea	북한
NATO	나토
NO COUP FOR YOU!!!	쿠데타 불가!!!
NOTE:	참고:
NUCLEAR	핵전쟁
NUCLEAR TEST BAN	핵실험 금지
Neutral with Influence:	영향력이 있는 중립 상태:
Nigeria	나이지리아
No effect.	효과 없음.
Non-Battleground	비격전지
Non-applicable	해당 없음
North Korea invades South Korea. Roll one die and subtract 1 for every US Controlled country adjacent to South Korea. USSR Victory on modified roll 4-6. USSR adds 2 to Military Ops Track.<br><br><b>Effects of Victory:</b> USSR gains 2 VP and replaces all US Influence in South Korea with USSR Influence.	북한이 남한을 침공한다. 주사위를 굴리고 남한에 인접한 미국 지배 국가마다 1을 뺀다. 수정값 4-6이면 소련 승리. 소련은 군사 작전 트랙에 2를 추가한다.<br><br><b>승리 시 효과:</b> 소련은 2 승점을 얻고 남한의 미국 영향력을 모두 소련 영향력으로 교체한다.
OK, I'm going to go play, you have fun staring at this blank screen.	좋아, 난 이제 게임하러 갈 테니 당신은 이 빈 화면을 재미있게 보고 있으세요.
OPEC	오펙
On next action round, US player must discard an Operations card worth 2 or more <i>and</i> roll 1-4 to cancel this event. Repeat each US player Action round until successful or no appropiate cards remain. If out of appropiate cards, the US player may only play scoring cards until the next turn.	다음 행동 라운드부터 미국 플레이어는 작전치 2 이상 카드 1장을 버리고 1-4를 굴려야 이 이벤트를 취소할 수 있다. 성공하거나 적절한 카드가 없어질 때까지 미국의 각 행동 라운드마다 반복한다. 적절한 카드가 없으면 다음 턴까지 미국 플레이어는 점수 카드만 플레이할 수 있다.
On next action round, US player must discard an Operations card worth 2 or more <i>and</i> roll 1-4 to cancel this event.<br><br>Repeat each US player Action round until successful or no appropiate cards remain. If out of appropiate cards, the US player may only play scoring cards until the next turn.	다음 행동 라운드부터 미국 플레이어는 작전치 2 이상 카드 1장을 버리고 1-4를 굴려야 이 이벤트를 취소할 수 있다. 성공하거나 적절한 카드가 없어질 때까지 미국의 각 행동 라운드마다 반복한다. 적절한 카드가 없으면 다음 턴까지 미국 플레이어는 점수 카드만 플레이할 수 있다.
On next action round, USSR player must discard an Operations card worth 2 or more <i>and</i> roll 1-4 to cancel this event.<br><br>Repeat each USSR player Action Round until successful or no appropriate cards remain. If out of appropiate cards, the USSR player may only play scoring cards until the next turn.	다음 행동 라운드부터 소련 플레이어는 작전치 2 이상 카드 1장을 버리고 1-4를 굴려야 이 이벤트를 취소할 수 있다.<br><br>성공하거나 적절한 카드가 없어질 때까지 소련의 각 행동 라운드마다 반복한다. 적절한 카드가 없으면 다음 턴까지 소련 플레이어는 점수 카드만 플레이할 수 있다.
One Small Step...	작은 한 걸음...
Operations	작전
Operations points can be used in the following ways: to place <color=white> Influence Markers</color>, to make <color=white>Realignment</color> rolls,  to attempt a <color=white>Coup</color>, or to attempt the <color=white>Space Race</color>.	작전치는 다음 방식으로 사용할 수 있다: <color=white>영향력 마커</color> 배치, <color=white>재편성</color> 굴림 수행, <color=white>쿠데타</color> 시도, 또는 <color=white>우주 경쟁</color> 시도.
Opponent must randomly discard one card. If played by USSR and <i>Iranian Hostage Crisis</i> is in effect, the US player must randomly discard two cards.<br>(Events on discards do not occur.)	상대는 무작위로 카드 1장을 버려야 한다. 소련이 플레이했고 <i>이란 인질 위기</i>가 발동 중이라면 미국 플레이어는 무작위로 카드 2장을 버려야 한다.<br>(버려진 카드의 이벤트는 발생하지 않는다.)
PEACE	평화
PHASING PLAYER	현재 차례 플레이어
PLACE INFLUENCE	영향력 배치
PLAYDEK ADMINISTRATION	PLAYDEK 운영팀
PURCHASE on STEAM	STEAM에서 구매
Panama	파나마
Paraguay	파라과이
Place 2 Influence in any one Central<br>or South American country.<br><br>Then you may make a free Coup attempt or Realignment roll in one of these regions (using this card's Operations Value).	중앙아메리카 또는 남아메리카의 아무 한 국가에 영향력 2를 배치한다.<br><br>그 후 이 카드의 작전치으로 해당 지역 중 하나에서 무료 쿠데타 또는 재편성을 수행할 수 있다.
Place 1 More Influence	영향력 1 추가 배치
Place 2 More Influence	영향력 2 추가 배치
Place 3 More Influence	영향력 3 추가 배치
Place 4 More Influence	영향력 4 추가 배치
Place 5 More Influence	영향력 5 추가 배치
Place 6 More Influence	영향력 6 추가 배치
Place 7 More Influence	영향력 7 추가 배치
Remove Influence in 1 More Countries	1개 국가에서 영향력을 제거
Remove Influence in 2 More Countries	2개 국가에서 영향력을 제거
Remove Influence in 3 More Countries	3개 국가에서 영향력을 제거
Remove Influence in 4 More Countries	4개 국가에서 영향력을 제거
Remove Influence in 5 More Countries	5개 국가에서 영향력을 제거      
Remove Influence in 6 More Countries	6개 국가에서 영향력을 제거
Remove Influence in 7 More Countries	7개 국가에서 영향력을 제거
Place 7 Influence	영향력 7 배치
Place 6 Influence	영향력 6 배치
Place 5 Influence	영향력 5 배치
Place 4 Influence	영향력 4 배치
Place 3 Influence	영향력 3 배치
Place 2 Influence	영향력 2 배치
Place 1 Influence	영향력 1 배치
Place Influence	영향력 배치
EVENT	이벤트
Play in Headline Phase to cancel USSR Headline event, including Scoring Card. Canceled card returns to Discard Pile.<br><br>If <i>Defectors</i> played by USSR during Soviet action round, US gains 1 VP (unless played on the Space Race).	헤드라인 단계에 플레이하여 점수 카드를 포함한 소련 헤드라인 이벤트를 취소한다. 취소된 카드는 버린 카드 더미로 돌아간다.<br><br>소련 행동 라운드 중 소련이 <i>망명자들</i>을 플레이했다면 미국은 1 승점을 얻는다(우주 경쟁에 사용한 경우 제외).
Play in front of US player. During the next scoring of the Middle East or Asia (whichever comes first), subtract one Battleground country from USSR total, then put this card in the discard pile.<br>Does not count for Final Scoring at the end of Turn 10.	미국 플레이어 앞에 놓는다. 다음 중동 또는<br>아시아 점수 계산(먼저 오는 쪽) 때 소련의 격전지 수에서 1을 뺀다. 그 후 이 카드를 버린 카드 더미에 놓는다. 10턴 종료 시 최종 점수 계산에는 포함되지 않는다.
Play in front of US player. During the next scoring of the Middle East or<br>Asia (whichever comes first), subtract one Battleground country from USSR total, then put this card in the discard pile. Does not count for Final Scoring<br>at the end of Turn 10.	미국 플레이어 앞에 놓는다. 다음 중동 또는<br>아시아 점수 계산(먼저 오는 쪽) 때 소련의 격전지 수에서 1을 뺀다. 그 후 이 카드를 버린 카드 더미에 놓는다. 10턴 종료 시 최종 점수 계산에는 포함되지 않는다.
Play this card simultaneously with a card containing your opponent's associated Event. The Event is canceled, but you may use its Operations value to conduct Operations. The canceled card returns to the discard pile. May not be played during headline phase.	상대와 연관된 이벤트가 있는 카드와 동시에 이 카드를 플레이한다. 이벤트는 취소되지만 그 카드의 작전치으로 작전을 수행할 수 있다. 취소된 카드는 버린 카드 더미로 돌아간다. 헤드라인 단계에는 플레이할 수 없다.
Player Name	플레이어 이름
Player earns VPs equal to current DEFCON level minus 2, then improves DEFCON two levels.	플레이어는 현재 데프콘 단계에서 2를 뺀 만큼 승점을 얻은 뒤 데프콘을 2단계 올린다.
Player sponsors Olympics. Opponent must participate or boycott.<br><br>If Opponent participates, each player rolls one die, with the sponsor adding 2 to their roll. High roll gains 2 VP. Reroll ties. <br><br>If Opponent boycotts, degrade DEFCON one level and the Sponsor may Conduct Operations as if they played a 4 Ops card.	플레이어가 올림픽을 후원한다. 상대는 참가하거나 보이콧해야 한다.<br><br>상대가 참가하면 양 플레이어가 주사위를 굴리고 후원자는 자신의 굴림에 2를 더한다. 높은 쪽이 2 승점을 얻는다. 동점이면 다시 굴린다.<br><br>상대가 보이콧하면 데프콘을 1단계 낮추고 후원자는 작전치 4 카드처럼 작전을 수행할 수 있다.
Player sponsors Olympics.<br>Opponent must participate or boycott.<br><br>If Opponent participates, each player rolls one die, with the sponsor adding 2 to their roll. High roll gains 2 VP. Reroll ties. <br><br>If Opponent boycotts, degrade DEFCON one level and the Sponsor may Conduct Operations as if they played a 4 Ops card.	플레이어가 올림픽을 후원한다. 상대는 참가하거나 보이콧해야 한다.<br><br>상대가 참가하면 양 플레이어가 주사위를 굴리고 후원자는 자신의 굴림에 2를 더한다. 높은 쪽이 2 승점을 얻는다. 동점이면 다시 굴린다.<br><br>상대가 보이콧하면 데프콘을 1단계 낮추고 후원자는 작전치 4 카드처럼 작전을 수행할 수 있다.
PlayerName	플레이어이름
Poland	폴란드
QA Analysts	QA 분석가
REGION SCORE CARD	지역 점수 카드
REMATCH	재대결
REQUIRED	필요
REROLL	다시 굴리기
RESHUFFLE	다시 섞기
RESTORE PURCHASES	구매 복원
ROUND ##	라운드 ##
Randomly choose one card from<br>USSR hand. Play it or return it.<br>If Soviet player has no cards, or returned, use this card to conduct Operations normally.	소련 손패에서 카드 1장을 무작위로 선택한다.<br>그 카드를 플레이하거나 돌려준다.<br>소련 플레이어의 손패가 없거나 카드를 돌려주었다면 이 카드는 평소처럼 작전용으로 사용한다.
Rating:	등급:
Record versus :	상대 전적 :
Region Scoring Display	지역 점수 표시
Remove 2 US Influence in France,<br>add 1 USSR Influence.<br>Cancels effects of <i>NATO </i>for France.	프랑스에서 미국 영향력 2를 제거하고 소련 영향력 1을 추가한다.<br>프랑스에 대한 <i>NATO</i> 효과를 취소한다.
Remove 2 USSR Influence in Poland and then add 1 US Influence in Poland.<br><br><i>Allows play of 'Solidarity'</i>.	폴란드의 소련 영향력 2를 제거한 뒤 폴란드에 미국 영향력 1을 추가한다.<br><br><i>'연대'를 플레이할 수 있게 한다.</i>
Remove 4 USSR Influence from<br>non-European countries. No more<br>than 2 may be removed from any<br>one country.	유럽 외 국가들에서 소련 영향력 4를 제거한다.<br>한 국가당 최대 2까지만 제거할 수 있다.
Remove a total of 4 US Influence from France, the United Kingdom and Israel. Remove no more than 2 Influence per country.	프랑스, 영국, 이스라엘에서 총 미국 영향력 4를 제거한다. 한 국가당 최대 2까지만 제거할 수 있다.
Remove a total of 4 US Influence from France, the United Kingdom and Israel.<br><br>Remove no more than 2 Influence<br>per country.	프랑스
Remove all US Influence from Nicaragua. Then USSR may make one free Coup attempt (with this card's Operations value) in a country adjacent to Nicaragua.	니카라과의 미국 영향력을 모두 제거한다. 그 후 소련은 니카라과에 인접한 국가 한 곳에서 이 카드의 작전치으로 무료 쿠데타를 한 번 시도할 수 있다.
Remove all US Influence from Nicaragua.<br>Then USSR may make one free Coup attempt (with this card's Operations value) in a country adjacent to Nicaragua.	니카라과의 미국 영향력을 모두 제거한다. 그 후 소련은 니카라과에 인접한 국가 한 곳에서 이 카드의 작전치으로 무료 쿠데타를 한 번 시도할 수 있다.
Remove all US Influence from four countries in Eastern Europe, or add 5 USSR Influence in Eastern Europe, adding no more than 2 per country. Allows play of <i>NATO</i>.	동유럽 네 국가에서 미국 영향력을 모두 제거하거나, 동유럽에 소련 영향력 5를 추가한다(국가당 최대 2). <i>NATO</i> 플레이를 허가한다.
Remove all US Influence in Cuba. USSR gains sufficient Influence in Cuba for Control.	쿠바의 미국 영향력을 모두 제거한다. 소련은 쿠바를 지배하기에 충분한 영향력을 얻는다.
Remove all US Influence in Iran.<br>Add 2 USSR Influence in Iran. <br><br>Doubles effect of <i>"Terrorism"</i><br>card against US.	이란의 미국 영향력을 모두 제거한다.<br>이란에 소련 영향력 2를 추가한다.<br><br>미국을 상대로 하는 <i>\\"테러리즘\\"</i><br>카드 효과를 두 배로 만든다.
Remove all US Influence in Lebanon plus remove 2 additional US Influence from anywhere in the Middle East.	레바논의 모든 미국 영향력을 제거하고, 추가로 중동 아무 곳에서나 미국 영향력 2개를 더 제거합니다.
Remove all US Influence in Romania. USSR gains sufficient Influence in Romania for Control.	루마니아의 미국 영향력을 모두 제거한다. 소련은 루마니아를 지배하기에 충분한 영향력을 얻는다.
Remove all US Influence in Romania.<br><br>USSR gains sufficient Influence in Romania for Control.	루마니아의 미국 영향력을 모두 제거한다. 소련은 루마니아를 지배하기에 충분한 영향력을 얻는다.
Remove all US Influence in two of the following countries: Sudan, Iran, Iraq, Egypt, Libya, Saudi Arabia, Syria, Jordan.<br><br><i>This event is unplayable after play of the optional card "AWACS Sales to Saudis".</i>	다음 국가 중 두 곳에서 미국 영향력을 모두 제거한다: 수단, 이란, 이라크, 이집트, 리비아, 사우디아라비아, 시리아, 요르단.<br><br><i>이 이벤트는 선택 카드 "AWACS 사우디 판매" 플레이 후 사용할 수 없다.</i>
Remove all US Influence in two of the following countries:<br><br>Sudan, Iran, Iraq, Egypt, Libya, Saudi Arabia, Syria, Jordan.<br><br><i>This event is unplayable after play of the optional card "AWACS Sales to Saudis".</i>	다음 국가 중 두 곳에서 미국 영향력을 모두 제거한다: 수단, 이란, 이라크, 이집트, 리비아, 사우디아라비아, 시리아, 요르단.<br><br><i>이 이벤트는 선택 카드 "AWACS 사우디 판매" 플레이 후 사용할 수 없다.</i>
Remove all USSR Influence in Egypt and add one US Influence.	이집트의 모든 소련 영향력을 제거하고 미국 영향력 1개를 추가합니다.
Remove all USSR Influence markers in one uncontrolled country in Europe.	유럽의 미지배 국가 하나에서 소련 영향력 마커를 모두 제거한다.
Remove all USSR Influence<br>markers in one uncontrolled country<br>in Europe.	유럽의 미지배 국가 하나에서 소련 영향력 마커를 모두 제거한다.
Remove from play after scoring.	점수 계산 후 게임에서 제거한다.
Remove from play if used as an event.	이벤트로 사용하면 게임에서 제거한다.
Roll a die	주사위를 굴린다
Romania (1/3)	루마니아 (1/3)
S. Korea	남한
South Korea	남한
SCORING REGION	점수 지역
SE African States	동남아프리카 국가들
SELECT CARD	카드 선택
SENIOR PROGRAMMERS	시니어 프로그래머
SOUTHEAST ASIA SCORING	동남아시아 점수 계산
STANDARD GAMES	표준 게임
SUCCESS	성공
SUCCESS!	성공!
Saharan States	사하라 국가들
Scoring Region	점수 지역
Scoring:	점수 계산:
Select your avatar	아바타 선택
Seriously	thank you for playing.
Set DEFCON	데프콘 설정
Set DEFCON to Level 2.<br>Any further Coup attempts by your opponent this turn, anywhere on the board, will result in Global Thermonuclear War. Your opponent will lose the game. This event may be canceled at any time if the USSR player removes two Influence from Cuba or the US player removes 2 Influence from either West Germany or Turkey.	데프콘을 2단계로 설정한다.<br>이번 턴 남은 동안 상대가 보드 어디에서든 추가 쿠데타를 시도하면 전면 핵전쟁이 발생하며 상대는 게임에서 패배한다. 이 이벤트는 소련 플레이어가 쿠바에서 영향력 2를 제거하거나
Set the DEFCON at any level you want (1-5). This event counts as a 5 Military Operations for the purpose of required Military Operations.	데프콘을 원하는 단계(1-5)로 설정한다. 이 이벤트는 필요 군사 작전 계산 시 군사 작전 5로 간주된다.
South Africa	남아프리카
South America	남아메리카
South America Scoring	남아메리카 점수 계산
South East Asia	동남아시아
Southeast Asia	동남아시아
Southeast Asia Scoring*	동남아시아 점수 계산*
Soviets invade Manchuria and Korea in early 1945. Apply the 2-3 result. Then, move the US/Japan Mutual Defense Pact card to the Mid War deck and add 1 USSR Influence in each of Japan and South Korea during setup.	소련이 1945년 초 만주와 한반도를 침공한다. 2-3 결과를 적용한다. 그런 다음 미일 상호방위조약 카드를 중기 전쟁 덱으로 옮기고, 준비 단계에서 일본과 남한에 소련 영향력 1씩을 추가한다.
Space Race current levels	현재 우주 경쟁 단계
Spain/Portugal	스페인/포르투갈
Standard Game	표준 게임
Strange Game. The only winning move is not to play. - "Joshua"	이상한 게임이군. 이기는 유일한 수는 플레이하지 않는 거야. - "조슈아"
Strange Game. The only winning move is not to play." - "Joshua"	"이상한 게임이군. 이기는 유일한 수는 플레이하지 않는 거야." - "조슈아"
Subtract 1 from the die roll total for the current Crisis.	현재 위기의 주사위 굴림 총합에서 1을 뺍니다.
Subtract 1 from the die roll total for<br>the current Crisis.	현재 위기의 주사위 굴림 총합에서 1을 뺍니다.
Subtract 2 from the die roll total for the current Crisis.	현재 위기의 주사위 굴림 총합에서 2를 뺍니다.
Subtract 2 from the die roll total for<br>the current Crisis.	현재 위기의 주사위 굴림 총합에서 2를 뺍니다.
TARGET NUMBER	목표 수치
THE CHINA CARD	중국 카드
THIS ROLL	이번 굴림
TOTAL OPERATIONS	총 작전
TOTAL POINTS	총점
TRIGGER EVENT	이벤트 발동
TURN	턴
TURN ##	턴 ##
TURN ZERO EXPANSION	턴 제로 확장
Taiwan	대만
Taiwan shall be treated as a Battle- ground country for scoring purposes, if the US controls Taiwan when the Asia Scoring Card is played or during Final Scoring at the end of Turn 10. Taiwan is not a Battleground country for any other game purpose. This card is discarded after US play of <i>The China Card</i>.	아시아 점수 카드가 플레이될 때 또는 10턴 종료 시 최종 점수 계산에서 미국이 대만을 지배하고 있다면, 점수 계산 목적상 대만은 격전지로 취급된다. 다른 모든 목적에서는 대만은 격전지가 아니다. 이 카드는 미국이 <i>중국 카드</i>를 플레이한 뒤 버린다.
Target Summary	대상 요약
Terms of Use Agreement	이용 약관 동의
Thank you for playing!	플레이해 주셔서 감사합니다!
The <color=white>Late War</color> period begins in 1975, around, the <color=fffff>Fall of Saigon</color>. It is that date in time that has been selected to set the influence and events for the opening of the <color=white>Late War Scenario</color>. The Late War scenario allows the player to begin a game in that era, playing with the cards that are based off of the events of that time.<br><bR>The US appears to begin the post-Vietnam era in a decidedly strong position in game turns. Whether or not the dominoes have fallen, the US still dominates Asia, for example. Play of the scenario has shown that a US Automatic Victory is well within reach, so the Soviet player in this scenario wins just for engineering a more graceful decline of the Socialist experiment.	<color=white>후기 전쟁</color> 시기는 1975년, 대략 <color=fffff>사이공 함락</color> 무렵부터 시작된다. 이 시점을 기준으로 <color=white>후기 전쟁 시나리오</color>의 시작 영향력과 이벤트가 설정되어 있다. 후기 전쟁 시나리오를 사용하면 플레이어는 그 시대의 사건을 반영한 카드들로 바로 게임을 시작할 수 있다.<br><bR>베트남 전쟁 이후 미국은 게임상 상당히 강한 위치에서 출발하는 것으로 보인다. 도미노가 실제로 무너졌는지와 관계없이, 예를 들어 미국은 여전히 아시아를 지배하고 있다. 이 시나리오를 플레이해 보면 미국의 자동 승리가 충분히 가능한 수준이므로, 이 시나리오에서 소련 플레이어는 사회주의 실험의 몰락을 조금이라도 더 품위 있게 만드는 것만으로도 승리한 셈이다.
The <color=white>Space Race</color> track contains a marker for each Superpower. <color=white>Operations</color> points may be spent by a player to attempt to move their marker to the next box on the track. A player may discard one card per turn in an attempt to advance the <color=white>Space Race</color>, unless a special exception allows additional attempts. The discarded card's <color=white>Operations</color> value must be equal to or greater than the number shown on the track into which you are attempting to advance. The game will roll the die, and if the number is within the range listed in the target box on the <color=white>Space Race</color> track, will move your marker to the new box.<br><br>Advancing the <color=white>Space Race</color> track will result in an award of <color=white>Victory Points</color>, a special ability, or both. The first player to reach a given <color=white>Space Race</color> box receives the left number of <color=white>Victory Points</color>, and the second player receives the right number of <color=white>Victory Points</color>. Special abilities are granted to the first player to reach certain Space Race boxes. The special effect is immediately cancelled when the second player reaches that box.	<color=white>우주 경쟁</color> 트랙에는 각 초강대국의 마커가 하나씩 있다. 플레이어는 <color=white>작전치</color>을 사용해 자신의 마커를 다음 칸으로 전진시키려 시도할 수 있다. 특별한 예외가 없는 한 플레이어는 턴마다 카드 1장을 버려 <color=white>우주 경쟁</color> 전진을 시도할 수 있다. 버리는 카드의 <color=white>작전치</color>은 전진하려는 칸에 표시된 수치 이상이어야 한다. 게임은 주사위를 굴리고, 결과가 목표 칸에 표시된 범위 안에 들어가면 마커를 그 칸으로 이동시킨다.<br><br><color=white>우주 경쟁</color> 트랙을 전진하면 <color=white>승점</color>, 특수 능력, 또는 둘 다를 얻는다. 특정 <color=white>우주 경쟁</color> 칸에 먼저 도달한 플레이어는 왼쪽 수의 <color=white>승점</color>을 받고, 두 번째로 도달한 플레이어는 오른쪽 수의 <color=white>승점</color>을 받는다. 특수 능력은 특정 우주 경쟁 칸에 먼저 도달한 플레이어에게 부여되며, 두 번째 플레이어가 그 칸에 도달하는 즉시 사라진다.
The <color=white>Victory Track</color> shows the ebb and flow of scoring over the course of the game. The first superpower to achieve a net positive twenty (20) Victory Point scores the victory. The game starts at zero (0) Victory points per superpower, and when a player scores a victory point it is added to the <color=white>Victory Track</color>. Victory Points added to the track either increase the player's Victory Point total, or reduce the opponent's total by the same ammount.<br><br>In addition to the <color=white>Victory Point Track</color> a player may achieve victory by <color=white>Controlling</color> Europe when it is scored. Additionally, a player will win instantly if their opponent causes the DEFCON level to reach 1, triggering nuclear war. If neither side has achieved victory of any kind by the end of turn 10, every Region except Southeast Asia is then scored. All Regions are calculated before final Victory Points are applied. The player that has accrued the most <color=white>Victory Points</color> is declared the winner. If a player <color=white>Controls</color> Europe at this time then they win regardless of the Victory Points. If the net score is a Zero (0), the game is declared a draw.<br><br><br>	<color=white>승점 트랙</color>은 게임 전체에 걸친 점수 흐름을 보여준다. 순승점 20을 먼저 달성한 초강대국이 승리한다. 게임은 양측 모두 승점 0에서 시작하며, 플레이어가 승점을 얻으면 그 수치가 <color=white>승점 트랙</color>에 반영된다. 트랙에 더해진 승점은 자신의 총점을 올리거나 같은 수치만큼 상대 점수를 낮춘다.<br><br><color=white>승점 트랙</color> 외에도, 플레이어는 유럽이 점수 계산될 때 유럽을 <color=white>지배</color>하면 승리할 수 있다. 또한 상대가 데프콘을 1로 떨어뜨려 핵전쟁을 일으키면 즉시 승리한다. 10턴 종료 시까지 어느 쪽도 승리하지 못했다면 동남아시아를 제외한 모든 지역을 점수 계산한다. 모든 지역 점수를 계산한 뒤 최종 승점을 적용한다. 가장 많은 <color=white>승점</color>을 가진 플레이어가 승리한다. 이때 한 플레이어가 유럽을 <color=white>지배</color>하고 있다면 승점과 관계없이 그 플레이어가 승리한다. 순점수가 0이면 무승부다.<br><br><br>
The China Card	중국 카드
The DEFCON Track	데프콘 트랙
The DEFCON status measures nuclear tension in the game. It can go down or up due to events and actions by the players, but if at any point it decreases to 1, the game ends immediately. The player responsible for the status marker moving to DEFCON 1 loses the game. Any <color=white>Coup</color> attempt in a <color=white>Battleground</color> country degrades the DEFCON status one level. The consequences of the DEFCON status level will affect a player's ability to perform <color=white>Coup</color> or <color=white>Realignment</color> rolls in specific regions. At the beginning of any turn in which the DEFCON status is lower than 5, the DEFCON status will improve by 1.	데프콘 상태는 게임 내 핵 긴장을 나타낸다. 이벤트와 플레이어의 행동으로 오르내릴 수 있지만, 어느 시점이든 1로 내려가면 게임은 즉시 끝난다. 데프콘 마커를 1로 떨어뜨린 책임이 있는 플레이어가 패배한다. <color=white>격전지</color>에서의 모든 <color=white>쿠데타</color> 시도는 데프콘을 한 단계 낮춘다. 데프콘 단계의 결과는 특정 지역에서 <color=white>쿠데타</color>나 <color=white>재편성</color> 굴림을 할 수 있는지에 영향을 준다. 데프콘이 5보다 낮은 턴이 시작되면 데프콘은 1 단계 개선된다.
The Iron Lady	철의 여인
The Late War scenario begins at Turn 8, with the DEFCON level set to 4. For the Space Race track, the USSR player's marker is set to <i>Man in Earth Orbit</i>, and the US player's marker is set to <i>The Eagle has Landed</i>.<br><br>The following events are in play at the start of the scenario:	후기 전쟁 시나리오는 8턴부터 시작하며 데프콘 단계는 4로 설정된다. 우주 경쟁 트랙에서는 소련 플레이어의 마커가 <i>지구 궤도 유인 비행</i>에, 미국 플레이어의 마커가 <i>독수리는 착륙했다</i>에 놓인다.<br><br>시나리오 시작 시 다음 이벤트들이 적용 중이다:
The Soviet player must place <color=white>3 Influence Points</color> on the Chinese Civil War space to <color=white>Control</color> it. Soviet <color=white>Influence</color> is placed in the Chinese Civil War space according to the rules for placing Influence in countries. If the <color=white>China Card</color> remains unclaimed throughout the game, no player receives the <color=white>Victory Point</color> for possession of the China Card during end game scoring.<br><br>	소련 플레이어는 중국 내전 공간을 <color=white>지배</color>하기 위해 그 공간에 <color=white>영향력 3</color>을 놓아야 한다. 소련의 <color=white>영향력</color>은 일반 국가에 영향력을 놓는 규칙과 동일하게 중국 내전 공간에 배치된다. 게임 내내 <color=white>중국 카드</color>가 누구에게도 넘어가지 않았다면, 게임 종료 점수 계산에서 어떤 플레이어도 중국 카드 보유에 따른 <color=white>승점</color>을 얻지 못한다.<br><br>
The Turn Zero expansion is a way to freshen up your Twilight Struggle experience. It represents a series of variants on the end of World War II and its aftermath that could have resulted in a substantially different Cold War.<br><br><i><b>Warning:</b></i> due to the large number of new possibilities in the starting setup, game balance is not guaranteed with Turn Zero!<br><br>Turn Zero defaults to playing without the Chinese Civil War variant and the optional cards from the first Deluxe edition. If you wish to use the Chinese Civil War variant, select the Chinese Civil War Option on the Game Create screen.  The Chinese Civil War crisis card is removed before creating the crisis deck (see below), and each player has one Statecraft card discarded at random prior to resolving Crises. This discard is face down, so the players do not know which Statecraft card the opponent discarded.<br><br>	Turn Zero 확장은 Twilight Struggle 경험에 새로움을 더하는 방식이다. 이는 제2차 세계대전 종전과 그 여파가 훨씬 다른 냉전으로 이어졌을 수도 있다는 가정의 여러 변형 규칙을 담고 있다.<br><br><i><b>경고:</b></i> 시작 준비에서 새로운 경우의 수가 매우 많기 때문에 Turn Zero에서는 게임 밸런스가 보장되지 않는다!<br><br>Turn Zero는 기본적으로 중국 내전 변형 규칙과 첫 번째 디럭스 에디션의 선택 카드를 사용하지 않는다. 중국 내전 변형 규칙을 사용하려면 게임 생성 화면에서 중국 내전 옵션을 선택하라. 중국 내전 위기 카드는 위기 덱을 만들기 전에 제거되며(아래 설명 참조), 각 플레이어는 위기를 해결하기 전에 국정 카드 1장을 무작위로 버린다. 이 버림은 뒷면으로 처리되므로 상대가 어떤 국정 카드를 버렸는지 알 수 없다.<br><br>
The US must have 20+ Victory Points in order to win the game after Final Scoring. Otherwise, the USSR player wins. (The US cannot win by playing WARGAMES for the event.) All other victory conditions remain the same as the Standard Game.<br><br>	최종 점수 계산 후 미국이 승리하려면 승점이 20 이상이어야 한다. 그렇지 않으면 소련 플레이어가 승리한다. (미국은 WARGAMES 이벤트를 플레이해서는 승리할 수 없다.) 그 외 모든 승리 조건은 표준 게임과 동일하다.<br><br>
The US player exposes all scoring cards in their hand. The USSR player may then add 1 Influence in any single region named on one of these scoring cards (USSR choice). Cannot be played as an event in Late War.	미국 플레이어는 손에 있는 모든 점수 카드를 공개한다. 그 후 소련 플레이어는 그 점수 카드들 중 하나에 적힌 지역 하나를 골라 그 지역에 영향력 1을 추가할 수 있다(소련 선택). 후기 전쟁에서는 이벤트로 플레이할 수 없다.
The US player exposes all scoring cards in their hand. The USSR player may then add 1 Influence in any single region named on one of these scoring cards (USSR choice).<br><br><i>Cannot be played as an event in Late War.</i>	미국 플레이어는 손에 있는 모든 점수 카드를 공개한다. 그 후 소련 플레이어는 그 점수 카드들 중 하나에 적힌 지역 하나를 골라 그 지역에 영향력 1을 추가할 수 있다(소련 선택). 후기 전쟁에서는 이벤트로 플레이할 수 없다.
The US player may designate one Region. For the remainder of the turn the USSR may not add additional Influence to that Region by the play of Operations Points via placing Influence.	미국 플레이어는 지역 1개를 지정할 수 있습니다. 이번 턴의 남은 동안 소련은 영향력 배치를 위한 작전치 사용으로는 그 지역에 추가 영향력을 넣을 수 없습니다.
The Voice of America	미국의 소리
The map is divided into six Regions: Europe, Asia, Central America, South America, Africa, and the Middle East. Europe is divided into two sub-regions, Eastern and Western Europe. Asia also contains a sub-region, Southeast Asia. The country spaces that comprise a region share a map color, and sub-regions have shades of the same color.	지도는 유럽, 아시아, 중앙아메리카, 남아메리카, 아프리카, 중동의 여섯 지역으로 나뉜다. 유럽은 동유럽과 서유럽의 두 하위 지역으로 나뉜다. 아시아에도 동남아시아라는 하위 지역이 있다. 한 지역을 구성하는 국가 칸들은 같은 지도 색을 공유하며, 하위 지역은 그 색의 다른 음영으로 표시된다.
The object of the game is to score <color=white>Victory Points</color> through geographic influence over the six Regions. Each Region has its own "Scoring Card". Playing a Scoring Card causes <color=white>Victory Points</color> to be scored on how much influence each superpower has in that region at the time the card is played. The <color=white>Victory Points</color> are totaled for both players, and the net difference is marked on the <color=white>Victory Point Track</color>. A player may not hold a Scoring Card in their hand at the end of theirturn, as doing so results in automatically losing the game. A player may not be forced to hold a <color=white>Scoring Card</color> through the effects of a game event.<br><br>Scoring Card have the following scoring criteria:<br><br><color=white>> Presence:</color> A superpower has <color=white>Presence</color> in a Region if it Controls at least one (1) country in that Region.<br><br><color=white>> Domination:</color> A superpower has <color=white>Domination</color> in a Region if it <color=white>Controls</color> more countries than an opponent and it <color=white>Controls</color> more <color=white>Battleground</color> countries in that Region. A superpower must <color=white>Control</color> at least one (1) <color=white>non-Battleground</color> and one (1) <color=white>Battleground</color> country in that Region to achieve domination.<br><br><color=white>> Control:</color> A superpower has <color=white>Control</color> of a Region if it <color=white>Controls</color> more countries in that Region than its opponent, and <color=white>Controls</color> all of the <color=white>Battleground</color> countries in that Region.<br><br><color=white>> Additional Scoring:</color> A +1 VP is granted per country that is under Control and adjacent to the enemy superpower.<br><br><color=white>> Additional Scoring:</color> A +1 VP is granted per <color=white>Battleground</color> Country that is under a player's <color=white>Control</color> in the scoring region.	게임의 목적은 여섯 지역에 대한 지정학적 영향력을 통해 <color=white>승점</color>을 얻는 것이다. 각 지역에는 고유한 "점수 카드"가 있다. 점수 카드를 플레이하면 그 시점에 각 초강대국이 그 지역에 얼마나 영향력을 가지고 있는지에 따라 <color=white>승점</color>을 계산한다. 양 플레이어의 <color=white>승점</color>을 합산하고, 순차이를 <color=white>승점 트랙</color>에 표시한다. 플레이어는 턴 종료 시 손에 점수 카드를 들고 있어서는 안 되며, 그렇게 하면 자동 패배한다. 게임 이벤트 효과로 인해 <color=white>점수 카드</color>를 강제로 보유하게 될 수도 없다.<br><br>점수 카드는 다음 기준으로 점수 계산한다:<br><br><color=white>> 진출:</color> 초강대국이 해당 지역의 국가를 하나 이상 지배하면 그 지역에 <color=white>진출</color>한 것이다.<br><br><color=white>> 지배:</color> 초강대국이 상대보다 더 많은 국가를 <color=white>지배</color>하고, 그 지역에서 상대보다 더 많은 <color=white>격전지</color>을 <color=white>지배</color>하면 그 지역을 <color=white>지배</color>한 것이다. 지배를 달성하려면 그 지역에서 최소 하나의 <color=white>비격전지</color>과 하나의 <color=white>격전지</color>을 지배해야 한다.<br><br><color=white>> 장악:</color> 초강대국이 상대보다 더 많은 국가를 <color=white>지배</color>하고, 그 지역의 모든 <color=white>격전지</color>을 지배하면 그 지역을 <color=white>장악</color>한 것이다.<br><br><color=white>> 추가 점수:</color> 적 초강대국에 인접한 지배 국가마다 +1 승점을 얻는다.<br><br><color=white>> 추가 점수:</color> 점수 계산 지역에서 플레이어가 <color=white>지배</color>하는 <color=white>격전지</color>마다 +1 승점을 얻는다.
The phasing player always decides whether the event is to take place before or after the Operations are conducted. If a card play triggers an opponent’s <color=white>Event</color>, but that <color=white>Event</color> cannot occur because a prerequisite has not been met, the Event does not occur.	차례 플레이어는 항상 이벤트를 작전 수행 전후 중 언제 해결할지 결정한다. 카드 플레이로 상대의 <color=white>이벤트</color>가 발동되더라도, 선행 조건이 충족되지 않아 그 <color=white>이벤트</color>가 일어날 수 없다면 이벤트는 발생하지 않는다.
Tories returned to power; Churchill and Eden dominate. Move Socialist Governments to the Mid War deck; Suez Crisis event has no effect (permanently).	보수당이 다시 집권하고 처칠과 이든이 정국을 장악한다. 사회주의 정부 카드를 중기 전쟁 덱으로 옮기고, 수에즈 위기 이벤트는 영구히 효과가 없어진다.
Tunisia	튀니지
Turn	턴
Turn Zero consists six Crisis cards, ten Statecraft cards, and two modified event cards (Europe Scoring and Nationalist China) The Statecraft cards are divided between the players—each will get the three that are marked with their superpower’s flag.	Turn Zero는 여섯 장의 위기 카드, 열 장의 국정 카드, 그리고 수정된 이벤트 카드 두 장(유럽 점수 계산, 국민당 중국)으로 구성된다. 국정 카드는 양 플레이어에게 나뉘며, 각자 자기 초강대국 깃발이 표시된 세 장을 받는다.
Turn Zero consists six Crisis cards, ten Statecraft cards, and two modified event cards (Europe Scoring and Nationalist China) The Statecraft cards are divided between the players—each will get the three that are marked with their superpower’s flag.<br><br>	Turn Zero는 여섯 장의 위기 카드, 열 장의 국정 카드, 그리고 수정된 이벤트 카드 두 장(유럽 점수 계산, 국민당 중국)으로 구성된다. 국정 카드는 양 플레이어에게 나뉘며, 각자 자기 초강대국 깃발이 표시된 세 장을 받는다.
Twilight Struggle has ten turns, and each turn will involve six or seven card plays by each player. At the beginning of the game, each player receives eight cards from the <color=white>Early War</color> deck. At the beginning of Turn 4, the <color=white>Mid War</color> deck is shuffled into the draw pile and the player’s hand size is increased to nine. At the beginning of Turn 8, the <color=white>Late War</color> deck is shuffled into the draw pile. When there are no cards remaining in the draw deck, the game reshuffles all discarded cards to form a new draw deck. The game will deal all cards remaining in the draw deck before reshuffling, except in Turns 4 and 8.	Twilight Struggle는 10턴으로 진행되며, 각 턴마다 각 플레이어는 카드 6장 또는 7장을 플레이한다. 게임 시작 시 각 플레이어는 <color=white>초기 전쟁</color> 덱에서 카드 8장을 받는다. 4턴이 시작되면 <color=white>중기 전쟁</color> 덱이 뽑기 더미에 섞이고 손패 한도는 9장으로 증가한다. 8턴이 시작되면 <color=white>후기 전쟁</color> 덱이 뽑기 더미에 섞인다. 뽑기 덱에 카드가 남지 않으면 버린 카드를 모두 다시 섞어 새 뽑기 덱을 만든다. 단, 4턴과 8턴에는 재섞기 전에 남은 카드를 먼저 모두 배분하지 않는다.
US Coup attempts in Battleground Countries do not affect the DEFCON track for the remainder of the turn (does not affect <i>Cuban Missle Crisis</i>).	미국의 격전지 대상 쿠데타 시도는 이번 턴 남은 동안 데프콘 트랙에 영향을 주지 않는다(<i>쿠바 미사일 위기</i>에는 적용되지 않음).
US Influence	미국 영향력
US Player reveals their hand. Then the USSR may Conduct Operations as if they played a 1 Op card.	미국 플레이어가 손패를 공개한다. 그 후 소련은 작전치 1 카드처럼 작전을 수행할 수 있다.
US Presence	미국 진출
US gains 1 VP for each US<br>controlled Battleground country<br>in Central America and<br>South America.	미국은 중앙아메리카와 남아메리카에서 자신이 지배하는 격전지마다 1 승점을 얻는다.
US gains 1 VP for every 2 USSR Influence in Libya.	미국은 리비아의 소련 영향력 2개마다 1 승점을 얻습니다.
US gains 1 VP.<br><br>US receives 1 Influence in Israel,   Jordan and Egypt.<br><br><i>'Arab-Israeli War' event no longer playable.</i>	미국이 1 승점을 얻는다.<br><br>미국은 이스라엘, 요르단, 이집트에 영향력 1씩을 받는다.<br><br><i>'아랍-이스라엘 전쟁' 이벤트는 더 이상 플레이할 수 없다.</i>
US gains 1 VP.<br><br>US receives 1 Influence in Israel, Jordan and Egypt.<br><br><i>'Arab-Israeli War' event no longer playable.</i>	미국이 1 승점을 얻는다.<br><br>미국은 이스라엘, 요르단, 이집트에 영향력 1씩을 받는다.<br><br><i>'아랍-이스라엘 전쟁' 이벤트는 더 이상 플레이할 수 없다.</i>
US gains 1 VP.<br>Add 1 USSR Influence in Argentina. Remove all USSR Influence from UK.<br><i> Socialist Governments</i> event no      longer playable.	미국이 1 승점을 얻는다.<br>아르헨티나에 소련 영향력 1을 추가하고 영국의 소련 영향력을 모두 제거한다.<br><i>사회주의 정부</i> 이벤트는 더 이상 플레이할 수 없다.
US gains 1 VP.<br>Add 1 USSR Influence in Argentina. Remove all USSR Influence from UK.<br><i> Socialist Governments</i> event no longer playable.	미국이 1 승점을 얻는다.<br>아르헨티나에 소련 영향력 1을 추가하고 영국의 소련 영향력을 모두 제거한다.<br><i>사회주의 정부</i> 이벤트는 더 이상 플레이할 수 없다.
US gains sufficient Influence in Japan<br>for Control.<br><br>USSR may no longer make Coup or<br>Realignment rolls in Japan.	미국은 일본을 지배하기에 충분한 영향력을 얻는다.<br>소련은 더 이상 일본에서 쿠데타나 재편성을 할 수 없다.
US gains sufficient Influence in<br>Japan for Control.<br>USSR may no longer make Coup or Realignment rolls in Japan.	미국은 일본을 지배하기에 충분한 영향력을 얻는다.<br>소련은 더 이상 일본에서 쿠데타나 재편성을 할 수 없다.
US may add 1 Influence in three countries that currently contain no Influence from either power.	미국은 현재 어느 강대국의 영향력도 없는 세 국가에 영향력 1씩을 추가할 수 있습니다.
US places 3 Influence in Asia, no more than 1 per country.	미국은 아시아에 영향력 3을 배치합니다. 한 국가에는 최대 1만 놓을 수 있습니다.
US player exposes his hand to USSR player for remainder of turn. USSR then chooses one card from US hand; this card is discarded.	이번 턴 남은 동안 미국 플레이어는 손패를 소련 플레이어에게 공개한다. 이후 소련은 미국 손패에서 카드 1장을 선택하고, 그 카드는 버려진다.
US player exposes his hand to USSR player for remainder of turn.<br><br>USSR then chooses one card from US hand; this card is discarded.	이번 턴 남은 동안 미국 플레이어는 손패를 소련 플레이어에게 공개한다. 이후 소련은 미국 손패에서 카드 1장을 선택하고, 그 카드는 버려진다.
US player may discard up to entire hand (including Scoring cards) and draw replacements from the deck.<br>The number of cards discarded must be decided prior to drawing any replacements.	미국 플레이어는 손패 전체(점수 카드 포함)까지 버리고 덱에서 새로 뽑을 수 있다.<br>버릴 카드 수는 새 카드를 뽑기 전에 미리 결정해야 한다.
US player may discard up to entire hand (including Scoring cards) and draw replacements from the deck.<br>The number of cards discarded must<br>be decided prior to drawing any replacements.	미국 플레이어는 손패 전체(점수 카드 포함)까지 버리고 덱에서 새로 뽑을 수 있다.<br>버릴 카드 수는 새 카드를 뽑기 전에 미리 결정해야 한다.
US receives 2 Influence in Saudi Arabia. Muslim Revolution may no longer be played as an event.	미국이 사우디아라비아에 영향력 2를 얻습니다. "이슬람 혁명"은 더 이상 이벤트로 플레이할 수 없습니다.
USA / USSR Influenced	미국 / 소련 영향력
USSR	소련
USSR Headlines COMECON*	소련이 COMECON을 헤드라인으로 사용*
USSR Influence	소련 영향력
USSR LEADS	소련 우세
USSR MilOPS Completed	소련 군사 작전 완료
USSR either adds 2 Influence in South Africa or adds 1 Influence in South Africa and 2 Influence in any countries adjacent to South Africa.	소련은 남아프리카에 영향력 2를 추가하거나, 남아프리카에 영향력 1과 남아프리카에 인접한 국가들에 영향력 총 2를 추가합니다.
USSR gains 1 VP for each of the following countries they control:<br><br>Egypt, Iran, Libya, Saudi Arabia, Iraq, Gulf States, and Venezuela.<br><br><font="TIMESI SDF>Unplayable as an event if 'North Sea Oil' is in effect.	소련은 다음 국가 중 자신이 지배하는 국가마다 1 승점을 얻는다:<br><br>이집트, 이란, 리비아, 사우디아라비아, 이라크, 걸프 산유국, 베네수엘라.<br><br><font="TIMESI SDF">'북해 석유'가 발동 중이면 이벤트로 플레이할 수 없다.
USSR gains 1 VP for each of the following countries they control:<br><br>Egypt, Iran, Libya, Saudi Arabia, Iraq, Gulf States, and Venezuela.<br><br><i>Unplayable as an event if 'North Sea Oil' is in effect.	소련은 다음 국가 중 자신이 지배하는 국가마다 1 승점을 얻는다:<br><br>이집트, 이란, 리비아, 사우디아라비아, 이라크, 걸프 산유국, 베네수엘라.<br><br><font="TIMESI SDF">'북해 석유'가 발동 중이면 이벤트로 플레이할 수 없다.
USSR gains 1 VP.<br><br>If <font="TIMESI SDF>UN Intervention</font> played later this turn as an Event, either by US or USSR, gain an additional 1 VP.	소련이 1 승점을 얻는다.<br><br>이 턴 후반에 미국 또는 소련이 <font="TIMESI SDF">UN Intervention</font>을 이벤트로 플레이하면 추가로 1 승점을 얻는다.
USSR gains 1 VP.<br><br>If <i>UN Intervention</i> played later this turn as an Event, either by US or USSR, gain an additional 1 VP.	소련이 1 승점을 얻는다.<br><br>이 턴 후반에 미국 또는 소련이 <font="TIMESI SDF">UN Intervention</font>을 이벤트로 플레이하면 추가로 1 승점을 얻는다.
USSR gains 1 VP.<br>Remove 1 US Influence from up to three countries in Western Europe.	소련이 1 승점을 얻는다.<br>서유럽 최대 세 국가에서 미국 영향력 1씩 제거한다.
USSR gains 1 VP.<br>USSR receives 1 Influence in West Germany.<br>Cancels NATO for West Germany.<br><i>This event is unplayable and/or canceled by 'Tear Down This Wall.'	소련이 1 승점을 얻는다.<br>서독에 소련 영향력 1을 받는다.<br>서독에 대한 NATO를 취소한다.<br><i>이 이벤트는 '이 장벽을 허물어라'에 의해 사용할 수 없거나 취소된다.</i>
USSR gains 2 VP for every subsequently US played "war card" (played as an event or Operations) unless played on the space race. War Cards: <i>Arab-Israeli War, Korean War, Brush War, Indo-Pakistani War or Iran-Iraq War.<br><br>This event canceled by 'An Evil Empire'.	이후 미국이 플레이하는 모든 \\"전쟁 카드\\"마다 소련은 2 승점을 얻는다(우주 경쟁에 사용한 경우 제외). 전쟁 카드: <i>아랍-이스라엘 전쟁, 한국 전쟁, 소규모 전쟁, 인도-파키스탄 전쟁, 이란-이라크 전쟁</i>.<br><br>이 이벤트는 '악의 제국'에 의해 취소된다.
USSR gains 2 VP for every subsequently US played "war card" (played as an event or Operations) unless played on the space race.<br><br>War Cards: <i>Arab-Israeli War, Korean War, Brush War, Indo-Pakistani War or Iran-Iraq War.<br><br>This event canceled by 'An Evil Empire'.	이후 미국이 플레이하는 모든 \\"전쟁 카드\\"마다 소련은 2 승점을 얻는다(우주 경쟁에 사용한 경우 제외). 전쟁 카드: <i>아랍-이스라엘 전쟁, 한국 전쟁, 소규모 전쟁, 인도-파키스탄 전쟁, 이란-이라크 전쟁</i>.<br><br>이 이벤트는 '악의 제국'에 의해 취소된다.
USSR gains 2 VP.<br>Improve DEFCON one level.<br>If <font="TIMESI SDF">The Reformer</font> is in effect, then the USSR may place Influence or attempt Realignments as if they played a 4 Ops card.	소련이 2 승점을 얻는다.<br>데프콘을 1단계 올린다.<br><font=\\"TIMESI SDF\\">개혁가</font>가 발동 중이라면 소련은 작전치 4 카드처럼 영향력 배치 또는 재편성을 수행할 수 있다.
USSR gains 2 VP.<br>Improve DEFCON one level.<br>If <i>The Reformer</i> is in effect, then the USSR may place Influence or attempt Realignments as if they played a 4 Ops card.	소련이 2 승점을 얻는다.<br>데프콘을 1단계 올린다.<br><font=\\"TIMESI SDF\\">개혁가</font>가 발동 중이라면 소련은 작전치 4 카드처럼 영향력 배치 또는 재편성을 수행할 수 있다.
USSR may immediately make a Coup attempt using this card's Operations value against a non-battleground country in Central America, South America, or Africa.<br>If the Coup removes any US Influence, USSR may make a second Coup attempt against a different target under the same restrictions.	소련은 즉시 이 카드의 작전치으로 중앙아메리카
USSR may relocate up to 4 Influence points to non-US controlled countries.<br><br>No more than 2 influence may be placed in the same country.	소련은 최대 4 영향력을 미국 비지배 국가들로 재배치할 수 있다.<br><br>한 국가에는 최대 2까지만 둘 수 있다.
USSR player must randomly discard one card. If the card is a US associated Event, the Event occurs immediately. If the card is a USSR associated Event or an Event applicable to both players, then the card must be discarded without triggering the Event.	소련 플레이어는 무작위로 카드 1장을 버려야 한다. 그 카드가 미국 관련 이벤트라면 즉시 발동한다. 소련 관련 이벤트이거나 양측 공통 이벤트라면 이벤트를 발동하지 않고 그냥 버린다.
USSR player must randomly discard one card. If the card is a US associated Event, the Event occurs immediately.<br><br>If the card is a USSR associated Event or an Event applicable to both players, then the card must be discarded without triggering the Event.	소련 플레이어는 무작위로 카드 1장을 버려야 한다. 그 카드가 미국 관련 이벤트라면 즉시 발동한다. 소련 관련 이벤트이거나 양측 공통 이벤트라면 이벤트를 발동하지 않고 그냥 버린다.
USSR receives 1 VP for each US coup attempt made for the remainder of the current turn.	이번 턴의 남은 동안 미국이 쿠데타를 시도할 때마다 소련은 1 승점를 얻습니다.
USSR receives 2 Influence in Chile.	칠레에 소련 영향력 2를 추가합니다.
USSR reveals hand this turn.<br><br>Then the US may Conduct<br>Operations as if they played a<br>1 Op card.	이번 턴 동안 소련은 손패를 공개한다.<br><br>그 후 미국은 작전치 1 카드처럼 작전을 수행할 수 있다.
Unless <i>UN Intervention</i> is played as an Event on the US player's next round, USSR gains 3 VP prior to any US VP award.<br><br>Degrade DEFCON one level.	미국 플레이어의 다음 라운드에서 <i>UN Intervention</i>이 이벤트로 플레이되지 않는 한, 소련은 미국이 승점을 얻기 전에 3 승점을 먼저 얻는다.<br><br>데프콘을 1단계 낮춘다.
Unless UN <i>Intervention</i> is played as an Event on the US player's next round, USSR gains 3 VP prior to any US VP award.<br><br>Degrade DEFCON one level.	미국 플레이어의 다음 라운드에서 <i>UN Intervention</i>이 이벤트로 플레이되지 않는 한, 소련은 미국이 승점을 얻기 전에 3 승점을 먼저 얻는다.<br><br>데프콘을 1단계 낮춘다.
Unless US Player immediately discards<br>a '3' or more value Operations card, eliminate all US Influence in<br>West Germany.	미국 플레이어가 즉시 작전치 3 이상 카드를 버리지 않으면, 서독의 미국 영향력을 모두 제거한다.
Unless the US Player immediately discards a '3' or greater Operations card, double USSR the Influence in two countries in South America.	미국 플레이어가 즉시 작전치 3 이상 카드를 버리지 않으면, 남아메리카 두 국가의 소련 영향력을 두 배로 한다.
Until the Soviet Player has placed <color=white>3 Influence Points</color> on the Chinese Civil War space, the <color=white>China Card</color> is not in any player’s possession. Once the Soviet player has placed <color=white>3 Influence Points</color> into the space, the player immediately receives the <color=white>China Card</color> face up and ready for play. Additionally, the ban on play of the <color=white>Red Scare/Purge</color> and <color=white>Formosan Resolution </color>events are immediately lifted. <br><br>	소련 플레이어가 중국 내전 공간에 <color=white>영향력 3</color>을 놓기 전까지는 <color=white>중국 카드</color>를 어느 플레이어도 보유하지 않는다. 소련 플레이어가 그 공간에 <color=white>영향력 3</color>을 놓는 즉시, 앞면으로 된 <color=white>중국 카드</color>를 받아 곧바로 플레이할 수 있게 된다. 또한 <color=white>Red Scare/Purge</color>와 <color=white>Formosan Resolution</color> 이벤트 플레이 금지도 즉시 해제된다.<br><br>
Until the Soviet player has placed <color=white> 3 Influence Points</color> on the Chinese Civil War space, the Soviet player may not play <color=white>Red Scare/Purge</color> or <color=white>Cultural Revolution</color> as events. Additionally, the US player may not play <color=white>Formosan Resolution</color> as an event. These cards may be played for <color=white>Operations Points</color> normally.	소련 플레이어가 중국 내전 공간에 <color=white>영향력 3</color>을 놓기 전까지는 <color=white>Red Scare/Purge</color> 또는 <color=white>Cultural Revolution</color>을 이벤트로 플레이할 수 없다. 또한 미국 플레이어는 <color=white>Formosan Resolution</color>을 이벤트로 플레이할 수 없다. 이 카드들은 <color=white>작전치</color>으로는 정상적으로 사용할 수 있다.
Until the Soviet player has placed <color=white>3 Influence Points</color> on the Chinese Civil War space, the Soviet player subtracts an additional 1 when rolling for the resolution of the <color=white>Korean War</color> event.	소련 플레이어가 중국 내전 공간에 <color=white>영향력 3</color>을 놓기 전까지는, <color=white>한국 전쟁</color> 이벤트 해결을 위한 주사위 굴림에서 소련은 추가로 1을 더 뺀다.
Upon reaching space 2 (Earth Satellite), at the beginning of the Check Military Operations Status phase, add two Military Operations to the player's total.	우주 경쟁 2칸(지구 위성)에 도달하면 군사 작전 현황 확인 단계 시작 시 그 플레이어의 군사 작전에 2를 더한다.
VICTORY	승리
VICTORY POINTS	승점
VICTORY POINTS GAINED	획득한 승점
VP and Turn Count	승점 및 턴 수
Victory Points	승점
Victory Points Gained:	획득한 승점:
Victory Points Lost:	잃은 승점:
W. African States	서아프리카 국가들
West African States	서아프리카 국가들
WAR	전쟁
WARNING	경고
WARNING!!	경고!!
While Europe may have been object of the Cold War, Asia was the battleground. From the Chinese Civil War, to the Korean War to Vietnam and Afghanistan, Asia was the place where the Cold War came closest to growing hot. For this reason, Asia is the second most significant region for scoring.	유럽이 냉전의 중심 대상이었다면, 아시아는 그 전장이었다. 중국 내전에서 한국 전쟁, 베트남, 아프가니스탄에 이르기까지 아시아는 냉전이 가장 뜨겁게 달아오른 곳이었다. 그런 이유로 아시아는 점수 계산에서 두 번째로 중요한 지역이다.
YES	예
You may discard 1 held card.	보유 카드 1장을 버릴 수 있습니다.
Your opponent event	상대 이벤트
Yugoslavia	유고슬라비아
Zaire's stability number permanently becomes 3. Add 2 US Influence in Zaire.	자이르의 안정도가 영구히 3이 됩니다. 자이르에 미국 영향력 2를 추가합니다.
글라스노스트 이벤트의 효과를 강화한다.	manual card text
승리 효과: 소련은 2 승점을 얻고	이스라엘의 미국 영향력을 모두 소련 영향력으로 교체한다.
"Everyone imposes his own system as far as his army can reach." - Joeseph Stalin	"누구나 자신의 군대가 닿는 곳까지 자신의 체제를 강요한다." - 이오시프 스탈린
"From Stettin in the Baltic to Trieste in the Adriatic, an iron curtain has descended across the continent." - Winston Churchill	"발트 해의 슈체친에서 아드리아 해의 트리에스테까지, 대륙을 가로질러 철의 장막이 내려앉았다." - 윈스턴 처칠
4. The first Crisis card from the first pile is revealed.	4. 첫 번째 더미의 첫 번째 위기 카드가 공개됩니다.
6 Action<br>Rounds	행동 라운드 6회
6. Your opponent's Statecraft card is revealed.	6. 상대방의 국정술 카드가 공개됩니다.
<color=white>SUCCESSFUL COUP:</color> the number of Influence removed from your opponent's target country is equal to the number produced by the Coup resolution.  If there is insufficient opposing Influence to remove, friendly Influence is added to make up the difference. 	<color=white>쿠데타 성공:</color> 상대방의 목표 국가에서 제거되는 영향력 수는 쿠데타 결과값과 같습니다. 제거할 상대방 영향력이 부족하다면, 부족한 만큼 자신의 영향력이 추가됩니다. 
Add Late War cards<br>Final Scoring at End of Turn	후기 전쟁 카드 추가<br>턴 종료 시 최종 득점
Add Mid War cards<br>7 Action Rounds	중기 전쟁 카드 추가<br>행동 라운드 7회
After	이후
Andropov	안드로포프
Animal<br>in Space	동물<br>우주 비행
Anti-Ballistic Missiles	대탄도 미사일
At the beginning of the Check Mil Ops Status phase, add two Mil Ops to your total	군사 작전 현황 확인 단계 시작 시 군사 작전치 2를 추가합니다
Attempt Coup	쿠데타 시도
Bear Trap	곰 덫
Before	이전
Beria	베리야
Brush War	국지전
Che	체 게바라
Classic Cards	클래식 카드
Classic Map	클래식 맵
Click on a region for details	지역을 클릭하면 상세 내용 확인
Collector Edition	콜렉터 에디션
Colonial Rear Guards	식민지 후위대
Coup Defense	쿠데타 방어력
Crisis Card Resolution	위기 카드 처리
Crisis Cards	위기 카드
Decolonization	탈식민지화
Defcon Details	데프콘 상세
Defcon Status	데프콘 현황
Defectors	탈주자들
Die Roll Modifier	주사위 수정치
Discard	버리기
Drag card here for chance<br>at gaining rank on the<br>"Space Race" track.	카드를 여기로 드래그하여<br>"우주 경쟁" 트랙에서<br>순위를 올리세요.
Drag card here for chance<br>at performing a Coup in<br>a country of your choice.	카드를 여기로 드래그하여<br>원하는 국가에서<br>쿠데타를 시도하세요.
Drag card here to discard it.	카드를 여기로 드래그하여 버리세요.
Drag card here to play the cards Ops value as influence in countries of your choice.	카드를 여기로 드래그하여 카드의 작전치만큼 원하는 국가에 영향력을 배치하세요.
Drag card here to play the event described on the card.	카드를 여기로 드래그하여 카드에 적힌 이벤트를 발동하세요.
Drag card here to play your<br>Score Card.	카드를 여기로 드래그하여<br>득점 카드를 사용하세요.
Drag card here to select as<br>your Headline Card.	카드를 여기로 드래그하여<br>헤드라인 카드로 선택하세요.
Drag card here to select it.	카드를 여기로 드래그하여 선택하세요.
Drag card here to trigger the opponent's event. You will conduct Operations afterwards.	카드를 여기로 드래그하여 상대방 이벤트를 발동하세요. 이벤트 처리 후 작전을 수행합니다.
Drag card to target field to attempt to break trap. Scoring cards ignore trap.	카드를 목표 칸으로 드래그하여 덫을 해제하세요. 득점 카드는 덫을 무시합니다.
Dulles	덜레스
EXAMPLE: To Control Israel (Stability Number 4), a player must have at least 4 Influence points in Israel, and must have at least 4 more Influence points in Israel than his/her opponent has. 	예시: 이스라엘(안정도 4)을 지배하려면, 플레이어는 이스라엘에 최소 4점의 영향력을 보유해야 하며, 상대방보다 최소 4점 더 많은 영향력을 이스라엘에 보유해야 합니다. 
Eagle/Bear<br>has Landed	독수리/곰이<br>착륙하다
Earth<br>Satellite	지구<br>위성
East European Unrest	동유럽 불안
Failure	실패
Five-Year Plan	5개년 계획
H-Bomb	수소 폭탄
Headline Card	헤드라인 카드
History	역사
ICBMs	대륙간 탄도 미사일
Junta	훈타
Kennan	케넌
Khrushchev	흐루쇼프
Kickstarter	킥스타터
Kremlin Flu	크렘린 독감
Late War Cards	후기 전쟁 카드
Latin American Debt Crisis	중남미 부채 위기
Liberation Theology	해방 신학
Lunar<br>Orbit	달<br>궤도 진입
MIRVs	다탄두 각개 목표 재진입체
Man in<br>Earth Orbit	인간<br>지구 궤도 진입
Man<br>in Space	인간<br>우주 비행
Marshall	마셜
May Play<br>2 Space<br>Race Cards<br>per turn	매 턴<br>우주 경쟁 카드<br>2장 사용 가능
May take<br>8 Action<br>Rounds	행동 라운드<br>8회 수행 가능
May<br>Discard<br>1 Held<br>Card	보유 카드<br>1장<br>버리기 가능
MilOPS Needed	필요 군사 작전치
Missile Envy	미사일 선망
Molotov	몰로토프
Muslim Revolution	이슬람 혁명
Nationalist China	중화민국
Neutral	중립
Neutron Bombs	중성자 폭탄
Non-Aligned Movement	비동맹 운동
Note:	참고:
Nuclear Test Ban	핵실험 금지
Nuclear War	핵전쟁
Nuclear Warheads Available: 53,430	사용 가능한 핵탄두: 53,430개
Olympic Games	올림픽
Once per AR, placing influence in a country controlled by your opponent costs the standard 1 Ops point, rather than 2	AR당 1회, 상대방 지배 국가에 영향력 배치 비용이 2가 아닌 표준 1 작전치가 됩니다
Once per turn you may re-roll one of your coup attempts, accepting the re-rolled result	매 턴 1회, 쿠데타 시도 중 하나를 다시 굴릴 수 있으며 새 결과를 수용합니다
Opponent event WILL<br>resolve AFTER your action.	상대방 이벤트가 당신의 행동 이후에<br>발동됩니다.
Original Edition	오리지널 에디션
Peace	평화
Play Event	이벤트 발동
Promo Cards	프로모 카드
Random	무작위
Realignment	재편
Red Scare/Purge	적색 공포/숙청
Region Score Card	지역 득점 카드
Removed	제거됨
Result Preview	결과 미리보기
Romanian Abdication	루마니아 퇴위
SDI	전략 방위 구상(SDI)
Sample Cards	예시 카드
Select Card	카드 선택
Set the D E F C O N level	데프콘 단계를 설정합니다
Shuttle Diplomacy	셔틀 외교
Socialist Governments	사회주의 정부들
South African Unrest	남아프리카 불안
Space<br>Shuttle	우주<br>왕복선
Space<br>Station	우주<br>정거장
Special Relationship	특별한 관계
Standard Cards	표준 카드
Statecraft	국정술
Success	성공
Summit	정상 회담
Target Number	목표 숫자
Terrorism	테러리즘
The Cambridge Five	케임브리지 파이브
The Cold War, 1945 - 1989	냉전, 1945 - 1989
Total Operations	총 작전치
Trigger Event	이벤트 발동
Turn & Action Track	턴 및 행동 트랙
Turn Zero Cards	턴 제로 카드
US Avatar	미국 아바타
USSR Avatar	소련 아바타
Variant Games	변형 게임
Who Lost China	누가 중국을 잃었나
X/Y: X = VPs for first player in box, Y = VPs for second player in box.	X/Y: X = 해당 칸 첫 도달 시 VP, Y = 두 번째 도달 시 VP.
Yalta and Potsdam	얄타와 포츠담
You may attempt to reroll	다시 굴리기를 시도할 수 있습니다
You will be	당신의 진영은
Your opponent event<br>will NOT trigger.	상대방 이벤트가<br>발동되지 않습니다.
Your opponent's Coup attempts incur a -1 modifier to the die roll	상대방의 쿠데타 시도에 주사위 -1 수정
in Europe	유럽에서
“A man may die, nations may rise and fall, but an idea lives on. Ideas have endurance without death.” - John F. Kennedy	“한 사람은 죽을 수 있고 나라는 흥망성쇠를 겪지만, 사상은 계속 살아남는다. 사상은 죽음 없이 영속한다.” - 존 F. 케네디
“Mankind must put an end to war or war will put an end to mankind.”  - John F. Kennedy	“인류가 전쟁을 끝내지 않으면, 전쟁이 인류를 끝낼 것이다.” - 존 F. 케네디
“Regimes planted by bayonets do not take root.”- Ronald Reagan	“총검으로 심어진 정권은 뿌리를 내리지 못한다.” - 로널드 레이건
"An Evil Empire"*	"악의 제국"*
"Ask Not What Your Country Can Do For You..."*	"국가가 당신을 위해 무엇을 할 수 있는지 묻지 마십시오..."*
"Don't Wait For The Translation"*	"번역을 기다리지 마라"*
"Don't Wait for the Translation"*	"번역을 기다리지 마라"*
"We Will Bury You"*	"우리가 당신들을 묻어버리겠다"*
AWACS Sale to Saudis*	사우디에 AWACS 판매*
Animal in Space	우주 동물
Anti-Ballistic Missiles*	탄도탄 요격 미사일*
Brezhnev Doctrine*	브레즈네프 독트린*
CIA Created*	CIA 창설*
Camp David Accords*	캠프 데이비드 협정*
Captured Nazi Scientist*	나치 과학자 포획*
Cuban Missile Crisis*	쿠바 미사일 위기*
Cultural Revolution*	문화 대혁명*
De Gaulle Leads France*	드골의 프랑스 지도*
Earth Satellite	인공위성
First Lightning*	최초의 번개*
Formosan Resolution*	포르모사 결의*
Hostage Crisis*	인질 위기*
How I Learned to Stop Worrying*	걱정을 멈추는 법을 배운 방법*
Independent Reds*	독립 공산국*
Iran-Contra Scandal*	이란-콘트라 스캔들*
Iranian Hostage Crisis*	이란 인질 위기*
John Paul II Elected Pope*	요한 바오로 2세 교황 선출*
Kitchen Debates*	부엌 논쟁*
Latin America Death Squads	라틴아메리카 죽음의 분대
Marine Barracks Bombing*	해병대 막사 폭격*
Mobutu Sese Seko*	모부투 세세 세코*
NATO*	나토*
NORAD*	노라드*
Nixon Plays the China Card*	닉슨의 중국 카드*
OAS Founded*	미주기구 창설*
Ortega Elected in Nicaragua*	니카라과 오르테가 당선*
Our Man in Tehran*	테헤란의 우리 요원*
Panama Canal Returned*	파나마 운하 반환*
Pershing II Deployed*	퍼싱 II 배치*
Portuguese Empire Crumbles*	포르투갈 제국 붕괴*
Puppet Governments*	괴뢰 정부*
Reagan Bombs Libya*	레이건의 리비아 폭격*
Romanian Abdication*	루마니아 퇴위*
SALT Negotiations*	SALT 협상*
Salt Negotiations*	SALT 협상*
Sadat Expels Soviets*	사다트의 소련 축출*
Soviets Shoot Down KAL-007*	소련의 KAL-007 격추*
Stanislav Petrov*	스타니슬라프 페트로프*
Tear Down This Wall*	이 장벽을 허물어라*
Truman Doctrine*	트루먼 독트린*
U2 Incident*	U-2 사건*
US/Japan Mutual Defense Pact*	미일 상호 방위 조약*
Ussuri River Skirmish*	우수리강 충돌*
Vietnam Revolts*	베트남 반란*
Voice of America	미국의 소리
Warsaw Pact Formed*	바르샤바 조약 기구 결성*
We Will Bury You*	우리가 당신들을 묻어버리겠다*
Yuri and Samantha*	유리와 사만다*
<nobr>Nuclear Subs*	<nobr>핵잠수함*
 Allied           Berlin	 동맹국           베를린
 I agree to the Privacy Policy.	 개인정보 처리방침에 동의합니다.
 I agree to the Terms & Conditions.	 이용약관에 동의합니다.
 I agree to the Terms of Use.	 이용약관에 동의합니다.
 MilOps Points/<color=#ffffffff>NEED:</color>\n	 군사 작전치/<color=#ffffffff>필요:</color>\n
 You MUST play Score Card or LOSE the game\n	 점수 카드를 반드시 플레이하거나 게임에서 패배합니다\n
 extra round	 추가 라운드
"AN EVIL EMPIRE"	"악의 제국"
"One Small Step..."	"작은 한 걸음..."
"TEAR DOWN THIS WALL"	"이 장벽을 허물어라"
* = Remove From Play if event is used	* = 이벤트 사용 시 게임에서 제거
+1 per controlled Battleground Country in Region	지역 내 지배 중인 격전지 국가당 +1
1 per Country controlled that is adjacent to enemy superpower	적 강대국에 인접한 지배 국가당 1
2 Ops:<br>Roll 1-3	2 작전:<br>주사위 1-3
2 Ops:<br>Roll 1-4	2 작전:<br>주사위 1-4
3 OPS: Roll 1-4	3 작전: 주사위 1-4
3 Ops: Roll 1-4	3 작전: 주사위 1-4
4 OPS: Roll 1-5	4 작전: 주사위 1-5
4 Ops: Roll 1-5	4 작전: 주사위 1-5
Action Round and Active Country	행동 라운드 및 활성 국가
Add Operations Value of card to roll	카드의 작전 수치를 주사위에 추가
Adjacent Country	인접 국가
Adjust the game settings\nand other menu options.	게임 설정\n및 기타 메뉴 옵션을 조정합니다.
Adjust the volume\nof the music.	음악 볼륨을\n조정합니다.
Africa Scoring Region\n(click to expand)	아프리카 점수 지역\n(클릭하여 확장)
Are you sure you want to forfeit this game?	이 게임을 기권하시겠습니까?
Are you sure you want to remove this friend?	이 친구를 삭제하시겠습니까?
Are you sure you want to withdraw from this game?	이 게임에서 탈퇴하시겠습니까?
Are you sure you wish to FORFEIT this game?	이 게임을 기권하시겠습니까?
Are you sure you wish to forfeit this game?	이 게임을 기권하시겠습니까?
Asia Scoring Region\n(click to expand)	아시아 점수 지역\n(클릭하여 확장)
Asterisk = Remove from play if event is used	별표 = 이벤트 사용 시 게임에서 제거
Available Project	사용 가능한 프로젝트
Both Western and Eastern Europe	서유럽 및 동유럽 모두
Both players will select an event card to headline.	양 플레이어가 헤드라인 이벤트 카드를 선택합니다.
Both superpowers moderately distracted. No effect.\r	양 강대국 모두 약간 산만함. 효과 없음.\r
Cancel forfeiting \nthis game	이 게임\n기권 취소
Cancels/Prevents <font="TIMESI SDF">Flower Power.</font>\nUS gains 1 VP.	<font="TIMESI SDF">플라워 파워</font>를 취소/방지합니다.\n미국이 1 승점을 획득합니다.
Card Event Text	카드 이벤트 텍스트
Card Type - Collector's	카드 유형 - 수집가판
Cards with a Red star only are associated with the USSR\r	붉은 별만 있는 카드는 소련 전용입니다\r
Cards with a White star only are associated with the US\r	흰 별만 있는 카드는 미국 전용입니다\r
Cards with a split Red/White star are associated with both sides	붉은/흰 별이 나뉜 카드는 양측 모두와 관련됩니다
Central America	중앙 아메리카
Central America Scoring Region\n(click to expand)	중앙 아메리카 점수 지역\n(클릭하여 확장)
Chance to Fail:	실패 확률:
Chance to Succeed:	성공 확률:
Chinese Civil War	중국 내전
Click to Expand	클릭하여 확장
Collector's Edition Map\n	수집가판 지도\n
Completed Game List	완료된 게임 목록
Computer player - Easy.	컴퓨터 플레이어 - 쉬움.
Confirm Dialogues	대화 확인
Confirm Password	비밀번호 확인
Control: Automatic Victory	지배: 자동 승리
Create a new offline\ngame to play.	새로운 오프라인\n게임을 만듭니다.
Creating this Quick Match failed.\nToo many games open.	빠른 매칭 생성에 실패했습니다.\n열린 게임이 너무 많습니다.
Current MilOPS Level:	현재 군사 작전치:
Current Project Icon	현재 프로젝트 아이콘
Defcon result will be 3!	데프콘 결과가 3이 됩니다!
Delete This Friend?	이 친구를 삭제하시겠습니까?
Director: Information Technology	감독: 정보기술
Discard after playing this card on a Crisis	위기에 이 카드를 사용한 후 버립니다
Displaying Stats for this profile.	이 프로필의 통계를 표시합니다.
Early, Mid, or Late War indicator	초반, 중반 또는 후반 전쟁 표시기
Email Notifications	이메일 알림
Enter amount of influence you wish to bid and claim side.	입찰하려는 영향력 수치와 선택할 진영을 입력하세요.
Europe Scoring Region\n(click to expand)	유럽 점수 지역\n(클릭하여 확장)
Event Restrictions	이벤트 제한
Events In Play Counters:	플레이 중인 이벤트 카운터:
Exit this game and\ncontinue later	이 게임을 종료하고\n나중에 계속합니다
Filter Card Gallery to\nshow Early War cards.	카드 갤러리를 필터링하여\n초반 전쟁 카드를 표시합니다.
Filter Card Gallery to\nshow Late War cards.	카드 갤러리를 필터링하여\n후반 전쟁 카드를 표시합니다.
Filter Card Gallery to\nshow Mid War cards.	카드 갤러리를 필터링하여\n중반 전쟁 카드를 표시합니다.
Filter Card Gallery to\nshow Standard cards.	카드 갤러리를 필터링하여\n표준 카드를 표시합니다.
Filter Card Gallery to\nshow Turn Zero cards.	카드 갤러리를 필터링하여\n턴 제로 카드를 표시합니다.
Filter Card Gallery\nto show Nuetral cards.	카드 갤러리를 필터링하여\n중립 카드를 표시합니다.
Filter Card Gallery\nto show Promo cards.	카드 갤러리를 필터링하여\n프로모 카드를 표시합니다.
Filter Card Gallery\nto show U.S.S.R. cards.	카드 갤러리를 필터링하여\n소련 카드를 표시합니다.
Forfeit this game	이 게임을 기권합니다
Help : Basic Rules	도움말: 기본 규칙
Help : Bear trap	도움말: 곰 덫
Help : Chinese Civil War	도움말: 중국 내전
Help : Late War	도움말: 후반 전쟁
Help : Military Coup	도움말: 군사 쿠데타
Help : Realignment	도움말: 재편
Help : Space Race	도움말: 우주 경쟁
Help : Turn Track	도움말: 턴 트랙
Help : Turn Zero	도움말: 턴 제로
Impact of Control	지배의 영향
Jump to the Turn Zero\nchapter of the rulebook.	규칙서의 턴 제로\n챕터로 이동합니다.
Jump to the fifth\nchapter of the rulebook.	규칙서의 다섯 번째\n챕터로 이동합니다.
Jump to the fourth\nchapter of the rulebook.	규칙서의 네 번째\n챕터로 이동합니다.
Jump to the second\nchapter of the rulebook.	규칙서의 두 번째\n챕터로 이동합니다.
Jump to the third\nchapter of the rulebook.	규칙서의 세 번째\n챕터로 이동합니다.
Labour wins in a landside. No effect.\r	노동당이 압승을 거두다. 효과 없음.\r
Loading Cards...	카드 로딩 중...
Log into your Playdek account \nto play against another player.	다른 플레이어와 대전하려면\nPlaydek 계정에 로그인하세요.
Look and compare all\nthe cards in the game.	게임의 모든 카드를\n살펴보고 비교합니다.
Look and track your\nachievement progress \nin the game.	게임에서 업적\n진행 상황을 확인하고\n추적합니다.
Map Type - Classic	지도 유형 - 클래식
Map, Card, and Counter Art	지도, 카드 및 카운터 아트
Marketing/Community Manager	마케팅/커뮤니티 매니저
May Discard 1 Held Card	보유 카드 1장을 버릴 수 있습니다
May Play\n2 Space Race\nCards per turn	턴당 우주 경쟁\n카드를 2장\n플레이할 수 있습니다
May take\n8 Action Rounds	8번의 행동\n라운드를 가질 수 있습니다
Middle East Scoring Region\n(click to expand)	중동 점수 지역\n(클릭하여 확장)
Military Coup in Phillipines	필리핀 군사 쿠데타
Military Operations	군사 작전
Military Ops Gained:	획득한 군사 작전:
Minimum Ops Value card needed and Roll needed for success.	성공에 필요한 최소 작전 수치 카드 및 주사위 결과.
Music & Sound Design	음악 및 음향 디자인
Music - All Tracks	음악 - 전체 트랙
Music Selection	음악 선택
Need help with the rules,\nbrowse the rulebook.	규칙에 대한 도움이 필요하면\n규칙서를 살펴보세요.
Neutral Event Icon	중립 이벤트 아이콘
No Available Cards to Discard...	버릴 수 있는 카드가 없습니다...
No Cards Available	사용 가능한 카드 없음
Non Battleground	비격전지
Non-Battleground State	비격전지 국가
Nuclear Warhead	핵탄두
Nuclear Warheads	핵탄두
Nuclear Warheads Available	핵탄두 사용 가능
Nuclear Warheads Available: 	핵탄두 사용 가능:
Operation Value and Superpower Icon	작전 수치 및 강대국 아이콘
Operations Point Value	작전 포인트 수치
Operations Summary	작전 요약
Operations Value 	작전 수치
Opponent Choose\n& Show Headline\nCard First	상대방이 먼저\n헤드라인 카드를\n선택 및 공개
Opponent Chooses\n& Shows Headline\nCard First	상대방이 먼저\n헤드라인 카드를\n선택 및 공개
Opponent event WILL \nresolve AFTER your action.	상대방 이벤트는 당신의 행동\n이후에 해결됩니다.
Opponent event WILL resolve AFTER your action.	상대방 이벤트는 당신의 행동 이후에 해결됩니다.
Original Theme Only	원본 테마만
Play Both Tracks	양쪽 트랙 재생
Play Opponent Event	상대방 이벤트 플레이
Play an offline game \nagainst the computer.	컴퓨터를 상대로\n오프라인 게임을 플레이합니다.
Play through a beginner\ntutorial of the game.	게임의 초보자\n튜토리얼을 진행합니다.
Play with either Original\nor Collector Edition cards.	원본 또는 수집가판\n카드로 플레이합니다.
Playdek Newsletter	Playdek 뉴스레터
Previous Rating:	이전 등급:
Profile/Friends	프로필/친구
Purchase additional content.	추가 콘텐츠를 구매합니다.
Quit to desktop.	데스크톱으로 종료합니다.
Remember Password	비밀번호 기억
Remove 4 US Countries	미국 국가 4개 제거
Remove from play after scoring	점수 계산 후 게임에서 제거
Required Military Operations	필요한 군사 작전
Reroll Attempt:	주사위 재굴림 시도:
Resolving Card:	카드 해결 중:
Restore Purchases	구매 복원
Result Summary:	결과 요약:
Results of Bidding:	입찰 결과:
Return to the\nprevious menu.	이전 메뉴로\n돌아갑니다.
Roll Modifiers\n	주사위 보정\n
Scenario Summary:	시나리오 요약:
Score Cards currently in hand\n	현재 손에 있는 점수 카드\n
Set your preference for\nannouncement pop ups.	공지 팝업에 대한\n선호도를 설정합니다.
Show the help button\nin game for assistance\npop ups.	도움말 팝업을 위해\n게임 내 도움말 버튼을\n표시합니다.
South America Scoring Region\n(click to expand)	남아메리카 점수 지역\n(클릭하여 확장)
South East Asia\nScoring Region\n(click to expand)	동남아시아\n점수 지역\n(클릭하여 확장)
Soviet Control:	소련 지배:
Soviet\nPlayer\nOnly	소련\n플레이어\n전용
Soviets declare war on Japan in August 1945. No effect.\r	소련이 1945년 8월 일본에 선전포고하다. 효과 없음.\r
Soviets reach Berlin first. No effect.\r	소련이 베를린에 먼저 도달하다. 효과 없음.\r
Space Race Operations Cost & Chance	우주 경쟁 작전 비용 및 확률
SpaceRace Track\n(click for more info)	우주 경쟁 트랙\n(자세한 정보를 보려면 클릭)
SpaceRace: Man in Earth Orbit in Effect	우주 경쟁: 지구 궤도 유인 비행 효과 발동 중
Special Abilities:	특수 능력:
Stability Number	안정도 수치
Standard Game\nRules Help	표준 게임\n규칙 도움말
Start the game with\nthe current settings.	현재 설정으로\n게임을 시작합니다.
Statecraft Card	국정술 카드
Subtract 1 from the die roll total for\nthe current Crisis.	현재 위기의 주사위\n합계에서 1을 뺍니다.
Take back into hand after playing this on a Crisis	위기에 이 카드를 사용한 후 손으로 다시 가져옵니다
Target Summary:	목표 요약:
Target Summary\n	목표 요약\n
The Chinese Civil War Space	중국 내전 공간
The Council for Mutual Economic Assistance	상호 경제 원조 회의(코메콘)
The Game was Ended by Cuban Missile Crisis!	쿠바 미사일 위기로 게임이 종료되었습니다!
The following terms are used during Regional Scoring:	지역 점수 계산 시 다음 용어가 사용됩니다:
This scoring will end the game!	이 점수 계산으로 게임이 종료됩니다!
This will forfeit the\ncurrent game	현재 게임을\n기권합니다
Toggle the Crisis\nCard Results.	위기 카드 결과를\n전환합니다.
Toggle the history\nof the Card's event.	카드 이벤트의 기록을\n전환합니다.
Turn 1, Action Round 1	1턴, 행동 라운드 1
Turn 1, Headline Phase	1턴, 헤드라인 단계
Turn Zero Expansion	턴 제로 확장팩
Turn Zero Theme Only\n	턴 제로 테마만\n
US/Japan Mutual	미일 상호
Variation: Chinese Civil War	변형: 중국 내전
Variation: The Late War	변형: 후반 전쟁
Victory Point\nCounter	승점\n카운터
View credits of\nTwilight Struggle.	황혼의 투쟁\n크레딧을 봅니다.
View your offline\ngame stats.	오프라인 게임\n통계를 확인합니다.
Waiting for Player to decide...	플레이어의 결정을 기다리는 중...
Warning: The current DEFCON level is now at:	경고: 현재 데프콘 수준이 다음으로 변경되었습니다:
Would you like to remove this player from your friend list?	이 플레이어를 친구 목록에서 삭제하시겠습니까?
You MUST skip your turn.	턴을 반드시 건너뛰어야 합니다.
You have no Completed Games at this time.	현재 완료된 게임이 없습니다.
You have no active Games at this time.	현재 활성 게임이 없습니다.
Zoom to Central America	중앙 아메리카로 확대
Zoom to South America	남아메리카로 확대
to Saudis*	사우디에*
ARAB-ISRAELI WAR	아랍-이스라엘 전쟁
ASIA SCORING	아시아 점수 계산
AWACS SALE TO SAUDIS	사우디에 대한 AWACS 판매
Additional Programming	추가 프로그래밍
Additional Sound Design	추가 사운드 디자인
Attempt	시도
CHINESE CIVIL WAR	중국 내전
Chief Creative Officer	최고 크리에이티브 책임자
Chief Executive Officer	최고 경영 책임자
Chief Technical Officer	최고 기술 책임자
Critical!!	치명타!!
DECOLONIZATION	탈식민지화
DEFECTORS	탈주자들
DUCK AND COVER	덕 앤 커버
Decision:	결정:
Defcon	데프콘
Display Legend	범례 표시
EUROPE SCORING	유럽 점수 계산
Early	초기
End Game	게임 종료
Game Designers	게임 디자이너
Game List	게임 목록
Headline Phase	헤드라인 단계
INDO-PAKISTANI WAR	<nobr>인도-파키스탄</nobr> 전쟁
LATE WAR CARDS	후기 전쟁 카드
Lead Programmer	수석 프로그래머
MIDDLE EAST SCORING	중동 점수 계산
Nato*	나토*
Norad*	노라드*
Nuclear	핵전쟁
Opec	오펙
PROMO CARDS	프로모 카드
Playdek Administration	PLAYDEK 운영팀
RED SCARE/PURGE	적색 공포/숙청
ROMANIAN ABDICATION	루마니아 퇴위
Rating: 	등급:
Rematch	재대결
Reroll	다시 굴리기
Reshuffle	다시 섞기
Round ##	라운드 ##
SOCIALIST GOVERNMENTS	사회주의 정부들
SOUTH AMERICA SCORING	남아메리카 점수 계산
Senior Programmers	시니어 프로그래머
South America 	남아메리카
Standard Games	표준 게임
Success!	성공!
THE CAMBRIDGE FIVE	케임브리지 파이브
THE IRON LADY	철의 여인
THE VOICE OF AMERICA	미국의 소리
TURN ZERO CARDS	턴 제로 카드
Total Points	총점
Turn 	턴
Turn ##	턴 ##
USSR Leads	소련 우세
Victory	승리
War	전쟁
Warning	경고
Warning!!	경고!!
Yes	예
drag a profile tab to the player slot	프로필 탭을 플레이어 슬롯으로 끌어오세요
influence	영향력
"Lone Gunman"*	"고독한 총잡이"*
"Ask Not What Your Country Can Do For You..."	"국가가 당신을 위해 무엇을 할 수 있는지 묻지 마십시오..."
"Ask not what your country<br>can do for you..."*	"국가가 당신을 위해 무엇을 할 수 있는지 묻지 마십시오..."*
"Strange Game. The only winning move is not to play." - "Joshua"	"기묘한 게임이군. 이길 수 있는 유일한 방법은 플레이하지 않는 것이다." - "조슈아"
Berlin Wall*	베를린 장벽*
Blockade*	봉쇄*
BLOCKADE	봉쇄
Chernobyl*	체르노빌*
CHERNOBYL	체르노빌
Comecon*	코메콘*
COMECON	코메콘
Containment*	봉쇄 정책*
Defense Pact*	방위 조약*
Fidel*	피델*
FIDEL	피델
Flower Power*	플라워 파워*
Glasnost*	글라스노스트*
INDEPENDENT REDS	독립 공산국
Iran-Iraq War*	이란-이라크 전쟁*
KOREAN WAR	한국 전쟁
Korean War*	한국 전쟁*
Korean<br>War*	한국<br>전쟁*
Marshall Plan*	마셜 플랜*
Nassar*	나세르*
Nasser*	나세르*
NASSER	나세르
North Sea Oil*	북해 원유*
NORTH SEA OIL	북해 원유
Nuclear Subs*	핵잠수함*
NUCLEAR SUBS	핵잠수함
Quagmire*	수렁*
Reformer*	개혁가*
The Reformer*	개혁가*
Solidarity*	연대*
SOLIDARITY	연대
Star Wars*	스타 워즈*
STAR WARS	스타 워즈
Suez Crisis*	수에즈 위기*
SUEZ CRISIS	수에즈 위기
The Iron Lady*	철의 여인*
UN INTERVENTION	유엔 개입
UN Intervention	유엔 개입
VE DAY	유럽 전승 기념일
VE Day	유럽 전승 기념일
VJ Day	태평양 전승 기념일
VIETNAM REVOLTS	베트남 반란
WARSAW PACT FORMED	바르샤바 조약 기구 결성
WHO LOST CHINA?	누가 중국을 잃었나?
Wargames*	워게임즈*
Willy Brandt*	빌리 브란트*
YALTA AND PUTSDAM	얄타와 포츠담
ALLIANCE FOR PROGRESS	진보를 위한 동맹
DE-STALINIZATION	탈스탈린화
DE GAULLE LEADS FRANCE	드골의 프랑스 지도
EARLY WAR CARDS	초기 전쟁 카드
EARLY WAR 	초기 전쟁
MID WAR CARDS	중기 전쟁 카드
MIDEAST SCORING	중동 점수 계산
REAGAN BOMBS LIBYA	레이건의 리비아 폭격
SOVIETS SHOOT DOWN KAL-007	소련의 KAL-007 격추
CAPTURED NAZI SCIENTIST	나치 과학자 포획
FORMOSAN RESOLUTION	포르모사 결의
FIRST LIGHTNING	최초의 번개
ISRAEL	이스라엘
PROFILES LIST	프로필 목록
SETUP	셋업
CREATE PROFILE	프로필 만들기
(OPEN) (OPEN) (OPEN) (OPEN) (OPEN)	(열림) (열림) (열림) (열림) (열림)
(Click to continue)	(클릭하여 계속)
(No restrictions)	(제한 없음)
+ Asia	+ 아시아
+ Middle East	+ 중동
00:00:00 hours	00:00:00 시간
# Action Rounds\n	# 행동 라운드\n
# Cards in Hand\n	패 # 장\n
# Rounds Remaining	# 라운드 남음
3 Ops:<br>Roll 1-3	3 작전:<br>주사위 1-3
3 Ops:<br>Roll 1-4	3 작전:<br>주사위 1-4
4 Ops:<br>Roll 1-2	4 작전:<br>주사위 1-2
3 Score Cards in hand, game LOSS at end of TURN imminent\n	점수 카드 3장 보유 중, 이번 턴 종료 시 패배 위기\n
6 Action Rounds	행동 라운드 6회
6. Your opponent's Statecraft card is revealed.<br><br>	6. 상대방의 국정술 카드가 공개됩니다.<br><br>
8 Cards in Hand	패 8장
<allcaps>Help : Defcon & </allcaps>Mil<allcaps>Ops	<allcaps>도움말: 데프콘 & </allcaps>군사<allcaps>작전
<color=#FFFFFF>Early</color> War	<color=#FFFFFF>초기</color> 전쟁
<color=#FFFFFF>Late</color> War	<color=#FFFFFF>후기</color> 전쟁
<color=#FFFFFF>Mid</color> War	<color=#FFFFFF>중기</color> 전쟁
<color=white>COST:</color> 1 card.	<color=white>비용:</color> 카드 1장.
<color=white>MODIFIERS:</color> None.	<color=white>수정:</color> 없음.
AI Player	AI 플레이어
Add Profile	프로필 추가
After Coup	쿠데타 후
Adjacent	인접
Before Coup	쿠데타 전
Both US and<br>USSR Presence	미국과 소련<br>모두 진출
B. Deal Cards:	B. 카드 배분:
C. Headline Phase:	C. 헤드라인 단계:
D. Action Rounds:	D. 행동 라운드:
E. Check Military Operations Phase:	E. 군사 작전 확인 단계:
F. Reveal Held Card:	F. 보유 카드 공개:
G. Flip China Card:	G. 중국 카드 뒤집기:
H. Advance Turn Marker:	H. 턴 마커 전진:
FDR attends Yalta but dies before Potsdam. No effect.	루스벨트가 얄타에 참석하지만 포츠담 이전에 사망. 효과 없음.
SPACE RACE IN EFFECT: May take 8 Action Rounds.	우주 경쟁 발동 중: 행동 라운드 8회 수행 가능.
US Control:	미국 지배:
USSR Control	소련 지배
USSR Controlled	소련 지배
US Presence<br>USSR Control	미국 진출<br>소련 지배
US Control	미국 지배
US Event Icon	미국 이벤트 아이콘
USSR Event Icon	소련 이벤트 아이콘
US Card Modifier	미국 카드 수정치
USSR Card Modifier	소련 카드 수정치
US MilOPS Completed	미국 군사 작전 완료
US Project Completed	미국 프로젝트 완료
USSR Project Completed	소련 프로젝트 완료
US Track	미국 트랙
USSR Track	소련 트랙
US Player Avatar\npress to see stats	미국 플레이어 아바타\n누르면 통계 확인
USSR Player Avatar\npress to see stats	소련 플레이어 아바타\n누르면 통계 확인
Phasing Players	진행 중인 플레이어
DEFCON and MilOps Track\n(click for more info)	데프콘 및 군사작전 트랙\n(클릭하여 상세 정보 확인)
VP and Turn Count\n(click for more info)	승점 및 턴 수\n(클릭하여 상세 정보 확인)
Turn Counter	턴 카운터
Turn Zero	턴 제로
Score: 00	점수: 00
Game Log	게임 로그
Game Results:	게임 결과:
Game Sequence:	게임 순서:
Game Stats	게임 통계
Game Timer	게임 타이머
Game Type	게임 유형
Current Turn:	현재 턴:
Set Up Phase	설정 단계
Player Hand	플레이어 패
Player Ratings	플레이어 등급
Space Race	우주 경쟁
Space Shuttle	우주 왕복선
Space Station	우주 정거장
Man in Earth Orbit	지구 궤도 유인 비행
Man in Space	유인 우주 비행
Eagle/Bear has Landed	독수리/곰이 착륙하다
Quick Rules:	빠른 규칙:
Rules Summary:	규칙 요약:
Help : War	도움말: 전쟁
Card Gallery	카드 갤러리
Card Icon	카드 아이콘
Card Title	카드 제목
Cards in hand	패의 카드
Find Game	게임 찾기
More Games	더 많은 게임
Friends List	친구 목록
Friends:	친구:
Invite Friend	친구 초대
Join Game	게임 참가
Quick Match	빠른 매칭
Random Sides	무작위 진영
Rating Value	등급 수치
Military Coup	군사 쿠데타
In Progress:	진행 중:
In-App Store	앱 내 상점
Notifications	알림
iOS Notifications	iOS 알림
User Name	사용자 이름
Username	사용자 이름
Password	비밀번호
Password:	비밀번호:
Enter Email	이메일 입력
Enter Password	비밀번호 입력
Forgot Login	로그인 정보 찾기
Create Account	계정 만들기
Windowed Mode	창 모드
Sound Volume	효과음 볼륨
Music Volume	음악 볼륨
Effects Volume	효과음 볼륨
Effects:	효과:
Speed Medium	속도 보통
Pause Game	게임 일시정지
Paused	일시정지됨
Resume Game	게임 재개
Forfeit Game	게임 기권
Forfeits:	기권:
Viewing Turn:	보는 턴:
In Progress :	진행 중:
Completed:	완료:
Markers:	마커:
Components:	구성 요소:
Procedure:	절차:
Introduction:	소개:
Example:	예시:
Help Enabled	도움말 활성화
Next Game	다음 게임
Next Project:	다음 프로젝트:
No Player Data	플레이어 데이터 없음
U.S. Summary	미국 요약
U.S.S.R. Summary	소련 요약
U.S.A. Record:	미국 전적:
U.S.S.R. Record:	소련 전적:
U.S.A. Record :	미국 전적:
U.S.S.R. Record :	소련 전적:
Wins versus :	대전 전적:
Terms & Conditions	이용약관
Warning:	경고:
Notice	공지
Error	오류
Auto Success!	자동 성공!
Expire Timer	만료 타이머
Expires: 11:59:44	만료: 11:59:44
Discard:	버리기:
Draw:	뽑기:
Profile:	프로필:
Producers	제작자
Programmer	프로그래머
Programmers	프로그래머
Lead Artist	수석 아티스트
Rename Profile	프로필 이름 변경
Delete Friend	친구 삭제
Delete Friend?	친구를 삭제하시겠습니까?
Chat Name	채팅 이름
Clear Invite	초대 취소
New Rating:	새 등급:
Rating +/- 500	등급 +/- 500
Rating +/-100	등급 +/-100
bid:	입찰:
has won the bid!	입찰 성공!
side:	진영:
receive	받기
will	됩니다
must select and reveal their Headline Card before: 	헤드라인 카드를 선택 및 공개해야 합니다:
by deeds of extreme bravery and sacrifice, defeats	극도의 용기와 희생으로, 물리쳤습니다
Choose Sides\n	진영 선택\n
(1947) Formed in 1942 under the War Information Office, the VOA initially broadcast war news into Nazi occupied Europe. In 1947, it altered its mission to begin broadcasting into the Soviet Union. Voice of America has become one of the best known international broadcast efforts in the world. It provided a powerful outside link to the state-controlled media systems of the Eastern Bloc. Together with Radio Free Europe and Radio Free Asia, Voice of America became a hallmark of US public diplomacy efforts during the Cold War.	(1947) 1942년 전쟁정보국 산하에 창설된 미국의 소리(VOA)는 처음에 나치 점령 유럽을 향해 전쟁 소식을 방송했습니다. 1947년에는 임무를 바꿔 소련을 향한 방송을 시작했습니다. 미국의 소리는 세계에서 가장 잘 알려진 국제 방송 중 하나가 되었습니다. 동구권의 국가 통제 언론 체제에 강력한 외부 연결 통로를 제공했습니다. 자유유럽방송, 자유아시아방송과 함께 미국의 소리는 냉전 시대 미국 공공외교 활동의 상징이 되었습니다.
(1945 – 1989) Preceeding the start of the Cold War, citizens of the Eastern bloc, fled or defected to the West. Defectors came in two primary archetypes. Spies and Double agents who had been discovered or needed to “come in from the cold” would frequently flee to their masters and elude capture. Examples of this type of defector include KGB Deputy Chief Yuri Nosenko and KGB London Bureau Chief Oleg Gordievsky. Perhaps more embarassingly, and certainly more publicly, many talentend Soviet artists defected while on tour in the United States or Europe. While the West also suffered occasional defections, particularly from westerners involved in espionage, it never reached the same proportion or the same level of public spectacle.	(1945 – 1989) 냉전이 시작되기 전부터 동구권 시민들은 서방으로 탈출하거나 망명했습니다. 망명자들은 크게 두 가지 유형으로 나뉩니다. 신분이 발각되었거나 "냉혹한 현실에서 벗어나야" 했던 스파이와 이중 첩자들은 자신의 공작 주체에게 도망쳐 체포를 피하곤 했습니다. 이런 유형의 망명자로는 KGB 부국장 유리 노센코와 KGB 런던 지부장 올레크 고르디옙스키가 있습니다. 더욱 당혹스럽고 분명히 더 세간의 이목을 끈 사례로는, 재능 있는 소련 예술가들이 미국이나 유럽 순회공연 중에 망명한 경우가 많았습니다. 서방도 간간이 망명자가 발생했지만, 특히 첩보 활동에 관여한 서방인들에 한정되었으며, 동구권과 같은 규모나 수준의 공개적 파장에는 이르지 못했습니다.
(1945-1973) Code named “Project Paperclip” in the United States, the victors of World War II scrambled to “recruit” former Nazi scientists into their own research establishments. In the West, such efforts involved shielding scientist from war crime investigations. Perhaps the most famous case is Wernher von Braun who is thought of as the father of America’s rocketry program. Stalin was reportedly confounded by Soviets failure to grab this knowledge base first.	(1945-1973) 미국에서 "페이퍼클립 작전"이라는 암호명으로 불린 이 계획에서, 제2차 세계대전의 승전국들은 앞다투어 나치 과학자들을 자국 연구기관에 "영입"하려 했습니다. 서방에서는 이를 위해 해당 과학자들을 전쟁범죄 수사로부터 보호하기도 했습니다. 가장 유명한 사례는 미국 로켓 프로그램의 아버지로 불리는 베르너 폰 브라운입니다. 스탈린은 소련이 이 귀중한 지식 기반을 먼저 확보하지 못한 것에 크게 당혹스러워했다고 전해집니다.
(1945-1989) Sparked by fears that the “enemy is among us,” the “red scare” hits its apex with Senator Joseph McCarthy, and the hearings on “Un-American activities” in the House of Representatives during the 1950s. Soviets purges were a notorious aspect of power transition within the Kremlin. However, Stalin was the true master, 12 million people were imprisoned in his camps at the time of his death in 1953.	(1945-1989) "적이 우리 안에 있다"는 공포에서 비롯된 "적색 공포"는 1950년대 조지프 매카시 상원의원과 하원의 "반미 활동" 청문회에서 절정에 달했습니다. 소련의 숙청은 크렘린 내 권력 이양 과정에서 악명 높은 관행이었습니다. 그러나 진정한 달인은 스탈린이었으니, 1953년 그가 사망할 당시 그의 수용소에는 1,200만 명이 수감되어 있었습니다.
(1946) Ho Chi Minh tried repeatedly to enlist the aid of Truman Administration for independence. His letters never received a response. The French government, with support from the US and Britain, attempted to reestablish its colony in Indochina. The attempt was doomed and would lead to disaster at Dien Bien Phu.	(1946) 호치민은 독립을 위해 트루먼 행정부의 지원을 얻으려 거듭 시도했습니다. 그의 서한들은 끝내 아무런 답장도 받지 못했습니다. 프랑스 정부는 미국과 영국의 지원을 받아 인도차이나에 식민지를 재건하려 했습니다. 그 시도는 처음부터 실패할 운명이었으며, 결국 디엔비엔푸의 참사로 이어지게 됩니다.
(1947) Beginning with the end of the Second World War, the US was challenged by democratic leftist movements within its sphere. Italy, under de Gasperi, was particularly contentious with communists and socialists participating in government. The CIA funded an extensive propaganda program against these movements. Socialists governments would be the topic of concern again during the 1960s in France, and with left-wing labor party in the UK.	(1947) 제2차 세계대전이 끝나면서부터 미국은 자국 세력권 내의 민주적 좌파 운동의 도전을 받았습니다. 데 가스페리가 이끄는 이탈리아에서는 공산당과 사회당이 정부에 참여하면서 특히 첨예한 갈등이 빚어졌습니다. CIA는 이러한 운동에 대항하는 광범위한 선전 프로그램에 자금을 지원했습니다. 사회주의 정부 문제는 1960년대 프랑스와 영국의 좌파 노동당을 둘러싸고 다시 우려의 대상이 되었습니다.
(1947) King Micahael I, a westernized monarch, was forced to abdicate his throne at gunpoint.  Romania was thereafter declared a democratic socialist republic. After the death of its first communist leader, Gheorghiu-Dej, Romania was ruled by Nicolae Ceausecscu, second only to Stalin in cruelty to his own people.	(1947) 서구화된 군주 미하이 1세 국왕은 총부리 앞에서 강제로 퇴위당했습니다. 이후 루마니아는 민주 사회주의 공화국으로 선포되었습니다. 초대 공산주의 지도자 게오르게 게오르기우-데지가 사망한 후, 루마니아는 자국민에 대한 잔인함에서 스탈린 다음가는 니콜라에 차우셰스쿠의 통치를 받게 되었습니다.
(1947-1979) While it is hard to put precise dates on the decolonization process, those dates chosen represent two of the most significant decolonization successes. Sparking the retreat from empire was Britain’s fulfilled promise of independence for India in 1947. At the other extreme, Rhodesia’s first majority elections spelled doom for the apartheid system.	(1947-1979) 탈식민지화 과정에 정확한 날짜를 붙이기는 어렵지만, 이 날짜들은 탈식민지화의 가장 중요한 두 가지 성과를 대표합니다. 제국주의의 후퇴를 촉발한 것은 1947년 영국이 인도에 대한 독립 약속을 이행한 일이었습니다. 반대편 극단에서는 로디지아의 첫 다수결 선거가 아파르트헤이트 체제의 종말을 예고했습니다.
(1947-48, 1965, 1971) From the time of India’s independence from Britain, the Muslim and Hindu elements of this former colony have been in conflict. Pakistan has traditionally been on the losing end of these conflicts, but has relied on US and PRC support to maintain military credibility against a more robust Indian defense capability.	(1947-48, 1965, 1971) 인도가 영국으로부터 독립한 때부터, 이 옛 식민지의 이슬람과 힌두 세력은 갈등을 빚어왔습니다. 파키스탄은 전통적으로 이러한 분쟁에서 패배하는 쪽이었지만, 더욱 강력한 인도의 국방력에 맞서 군사적 신뢰성을 유지하기 위해 미국과 중국의 지원에 의존해왔습니다.
(1947-?) The United Nations remained generally unable to influence the struggle between the superpowers due to Security Council veto power throughout the Cold War. However, it occasionally stood as a gauge for world opinion, and could mediate in stalled conflicts throughout the Third World. It was also the backdrop for a number of quintessential moments of the conflict, including the Soviet Korean War walkout, the “We Will Bury You” speech, and of course, the Cuban Missile Crisis – don’t wait for the translation Mr. Zorin!	(1947-?) 유엔은 냉전 내내 안전보장이사회의 거부권으로 인해 강대국 간의 대립에 영향력을 행사하지 못했습니다. 그러나 간간이 세계 여론의 척도 역할을 하거나 제3세계의 교착된 분쟁을 중재하기도 했습니다. 또한 소련의 한국전쟁 퇴장, "우리는 당신들을 매장할 것이다" 연설, 그리고 물론 쿠바 미사일 위기 등 냉전의 정수와 같은 순간들의 배경이 되기도 했습니다 – 조린 씨, 번역을 기다리지 마십시오!
(1948) The Communist Information Bureau, COMINFORM, expelled Yugoslavia for the Marshall Tito’s refusal to conform to Moscow’s wishes. Albania would ultimately follow a similar tack, breaking with Yugoslavia, then Khrushcev’s USSR. While remaining within the Soviet structure, Ceausescu’s Romania would also test the limits of Moscow’s patience with occasional flares of independence and nationalism.	(1948) 공산당 정보국(코민포름)은 티토 원수가 모스크바의 뜻을 따르기를 거부했다는 이유로 유고슬라비아를 축출했습니다. 알바니아도 결국 비슷한 길을 걸으며, 유고슬라비아와 결별하고 이어 흐루쇼프의 소련과도 갈라섰습니다. 소련 체제 안에 머물면서도, 차우셰스쿠의 루마니아 역시 간헐적인 독립 노선과 민족주의로 모스크바의 인내심을 시험했습니다.
(1948-49) The Soviets attempted to increase pressure on the Western allies to dissuade them from creating an independent “West” German government in their zones. The primary pressure point was a blockade of West Berlin. In response, the UK and US launched the Berlin Airlift, which at its peak during the “Easter Parade,” had a cargo plane landing in Berlin every minute.	(1948-49) 소련은 서방 연합국이 자신들의 점령 구역에 독립적인 서독 정부를 수립하는 것을 막기 위해 압박을 강화하려 했습니다. 주된 압박 수단은 서베를린 봉쇄였습니다. 이에 대응하여 영국과 미국은 베를린 공수 작전을 펼쳤으며, "부활절 퍼레이드" 기간 절정에 달했을 때는 1분마다 화물기가 베를린에 착륙했습니다.
(1948-49,1956,1967,1968-1970,1973,1982) The State of Israel was virtually born of war. After the end of the British mandate, Israel was thrust into conflict with its Arab neighbors. Israel prevailed in all such wars, excepting its invasion of Lebanon in 1982, from which it ultimately had to withdraw. Arab success was nearly achieved during the surprise attacks of Yom Kippur War, however these ultimately failed. While superpower intervention was frequently threatened on both sides, ultimately success or failure in the conflicts rode upon the relative capabilities of Arab and Israeli militaries.	(1948-49,1956,1967,1968-1970,1973,1982) 이스라엘 국가는 사실상 전쟁 속에서 태어났습니다. 영국 위임통치가 끝난 후, 이스라엘은 아랍 이웃 국가들과의 충돌에 내던져졌습니다. 이스라엘은 결국 철수할 수밖에 없었던 1982년 레바논 침공을 제외한 모든 전쟁에서 승리했습니다. 욤 키푸르 전쟁의 기습 공격 때 아랍 측이 거의 성공할 뻔했으나, 결국 실패로 끝났습니다. 양측 모두 강대국 개입이 자주 위협으로 등장했지만, 결국 분쟁의 승패는 아랍과 이스라엘 군대의 상대적 전력에 달려 있었습니다.
(1949-1991) The Council for Mutual Economic Assistance (COMECON) was founded in reaction to the allure of the Marshall Plan to the Soviet satellites in Eastern Europe. While very loosely organized and dominated by the Soviets in its early years, COMECON would ultimately fulfill the role of trade liberalization and industrial rationalization for Eastern Europe.	(1949-1991) 경제상호원조회의(코메콘)는 소련의 동유럽 위성국들이 마셜 플랜에 매혹되는 것에 대응하여 창설되었습니다. 초기에는 매우 느슨하게 조직되어 소련이 지배했지만, 코메콘은 결국 동유럽의 무역 자유화와 산업 합리화 역할을 수행하게 되었습니다.
(1950) The US Congress passed into law the Federal Civil Defense Act, in reaction to the first Soviet tests of nuclear weapons in 1949, Duck and Cover is perhaps the most memorable of the variety of civil defense efforts to raise awareness of nuclear attack. Ironically, such films may have assisted in increasing the possibility of nuclear war by making the possibility of such a conflict “thinkable” by the general public.	(1950) 미국 의회는 1949년 소련의 첫 핵무기 실험에 대응하여 연방 민방위법을 제정했습니다. "엎드려 숨어라(Duck and Cover)"는 핵 공격 인식을 높이기 위한 다양한 민방위 노력 중 가장 기억에 남는 것일 것입니다. 아이러니하게도, 이러한 영상들은 핵전쟁의 가능성을 일반 대중이 "상상 가능한" 것으로 만들어 오히려 핵전쟁의 가능성을 높이는 데 일조했을 수도 있습니다.
(1950-53) Sparked by a North Korean invasion across the 38th parallel, the Korean War would be the first war sanctioned by the United Nations. There were 15 nations beyond the US and South Korea with combat forces attempting to defend South Korean independence. MacArthur’s campaign to the Yalu River provoked Chinese response that reset the war to its starting positions on the 38th parallel.	(1950-53) 북한의 38선 침공으로 촉발된 한국전쟁은 유엔이 승인한 최초의 전쟁이 되었습니다. 미국과 한국 외에도 15개국이 한국의 독립을 지키기 위해 전투 병력을 파견했습니다. 맥아더의 압록강까지의 진격은 중국의 개입을 유발하여 전선을 다시 38선으로 되돌려 놓았습니다.
(1954-1970) One of the giants in the Pan-Arab movement, Gamal Abdel Nasser rose to power through military coup. Attempting to steer an independent course during the Cold War, he provoked western governments by accepting Soviet aid, and nationalizing commercial property – the Suez Canal being the most prominent example. Egypt, under his leadership, was viewed as a Soviet client, and would serve as a Russian proxy during repeated wars with Israel. He died in office after 18 years of service, having frustrated the attempts of a variety of domestic and international enemies.	(1954-1970) 범아랍 운동의 거인 중 하나인 가말 압델 나세르는 군사 쿠데타를 통해 권력을 장악했습니다. 냉전 중 독자 노선을 추구하면서, 그는 소련의 원조를 받아들이고 상업 재산을 국유화함으로써 서방 정부들을 자극했으며, 가장 두드러진 예가 수에즈 운하였습니다. 그의 지도 아래 이집트는 소련의 피후견국으로 간주되었으며, 이스라엘과의 거듭된 전쟁에서 소련의 대리인 역할을 했습니다. 그는 18년간 재직하며 국내외 수많은 적들의 시도를 좌절시키고 임기 중에 사망했습니다.
(1955) A reaction to perceived Western aggression by the creation of NATO, the Warsaw Pact was a Russian-dominated military alliance that included all of the states of Eastern Europe except Yugoslavia. It integrated both tactics and equipment throughout the alliance along Soviet models. Albania withdrew from the Pact in 1968.	(1955) NATO 창설에 의한 서방의 공격성에 대한 반응으로, 바르샤바 조약은 유고슬라비아를 제외한 동유럽의 모든 국가를 포함하는 러시아 주도의 군사 동맹이었습니다. 소련 모델에 따라 전술과 장비를 동맹 전체에 걸쳐 통합했습니다. 알바니아는 1968년에 조약에서 탈퇴했습니다.
(1955) Reacting to the “loss of China” the United States Congress extended to President Eisenhower open ended authority to defend Taiwan—technically known as the Republic of China on Taiwan—with military force. The resolution came at a time when the United States faced challenges from the People’s Republic in Indochina as well as the Korean peninsula. Effectively, Taiwan sat under the US nuclear umbrella, and the balance of power within the Taiwan Straits would now remain a question of strategic importance to the United States.	(1955) "중국의 상실"에 대응하여, 미국 의회는 아이젠하워 대통령에게 공식적으로 중화민국으로 알려진 대만을 군사력으로 방어할 수 있는 포괄적 권한을 부여했습니다. 이 결의안은 미국이 인도차이나와 한반도에서 중화인민공화국의 도전에 직면하고 있던 시기에 나왔습니다. 사실상 대만은 미국의 핵우산 아래 놓이게 되었으며, 대만해협 내 세력 균형은 이제 미국에 전략적으로 중요한 문제로 남게 되었습니다.
(1955) The United States launched the first nuclear powered submarine. It instantly antiquated decades of anti-submarine warfare that had developed during the Second World War. Admiral Hyman Rickover was to oversee the development of a new nuclear navy, and create a third, and seemingly invulnerable arm, in the American nuclear triad. Ultimately, the Soviets would follow suit.	(1955) 미국은 최초의 핵추진 잠수함을 진수시켰습니다. 이는 제2차 세계대전 동안 발전해온 수십 년의 대잠전 기술을 순식간에 구식으로 만들어버렸습니다. 하이먼 리코버 제독은 새로운 핵 해군의 개발을 감독하여 미국 핵 삼각 체계의 세 번째이자 사실상 난공불락의 축을 만들어냈습니다. 소련도 결국 이를 뒤따랐습니다.
(1956) An embarrassment among allies, the Suez Crisis ended any remaining doubt that the old system of Great Power imperialism was dead. Threatened by Nasser’s nationalization of the Suez Canal, Israel, France, and the United Kingdom conspired to alter Egyptian policy at bayonet point. They failed to appreciate Eisenhower’s aggravation at their unannounced initiative. Though initially militarily successful, the three powers were compelled to withdraw under American pressure.	(1956) 동맹국들 사이에서 큰 망신을 초래한 수에즈 위기는 구식 강대국 제국주의 체제가 사망했다는 남은 의혹을 말끔히 해소시켰습니다. 나세르의 수에즈 운하 국유화에 위협을 느낀 이스라엘, 프랑스, 영국은 이집트의 정책을 총검으로 바꾸려 모의했습니다. 그들은 사전 통보 없이 독자 행동에 나선 것에 대한 아이젠하워의 분노를 간과했습니다. 초기에는 군사적으로 성공했지만, 세 나라는 미국의 압력으로 철수해야만 했습니다.
(1956) During the 20th Party Congress, Nikita Khrushchev openly attacked Stalin’s leadership of the Soviet Union. It was seen both inside and outside the Soviet Union as the beginning of a new era. This proved to be a particularly bloody assumption for Nagy’s Hungary. Khrushchev had no intention of “liberalizing” Soviet domination of Eastern Europe, even if he was trying to bring an end to the cult personality that have characterized internal Soviet government.	(1956) 제20차 당 대회에서 니키타 흐루쇼프는 소련에 대한 스탈린의 지도력을 공개적으로 비판했습니다. 이는 소련 안팎에서 새로운 시대의 시작으로 받아들여졌습니다. 이 가정은 너지의 헝가리에 특히 피비린내 나는 결과를 낳았습니다. 흐루쇼프는 소련 내부 정치를 특징지었던 개인숭배에 종지부를 찍으려 했을 뿐, 동유럽에 대한 소련의 지배를 "자유화"할 의도는 전혀 없었습니다.
(1958-1969) Founder of France’s Fifth Republic, De Gaulle’s role during the Cold War is generally viewed through the lens of second presidency. While still a western ally, De Gaulle attempted to establish France as an independent voice within the confines of the Western campl. He developed an independent nuclear deterrent, withdrew from NATO’s unified command structure, and criticized US policy in Vietnam. He also pursued increased trade and cultural relations with the Soviet Bloc. He sought in all things to restore France to her former place of greatness in world affairs.	(1958-1969) 프랑스 제5공화국의 창설자인 드골의 냉전 역할은 일반적으로 그의 두 번째 대통령 임기라는 렌즈를 통해 평가됩니다. 여전히 서방 동맹국이면서도, 드골은 서방 진영의 울타리 안에서 프랑스를 독자적인 목소리로 세우려 했습니다. 그는 독립적인 핵 억지력을 개발하고, NATO의 통합 지휘 체계에서 탈퇴했으며, 베트남에서의 미국 정책을 비판했습니다. 또한 소련 블록과의 무역 및 문화 관계 확대를 추구했습니다. 그는 모든 면에서 세계 무대에서 프랑스의 과거 위대함을 회복하려 했습니다.
(1959) Coming to power after deposing the corrupt Batista, Castro disenchanted the US after it became clear he was leading a Marxist revolution. The US tried various schemes to depose or assassinate Castro, culminating in the disastrous “Bay of Pigs” invasion. Ultimately, communist Cuba would lend support to Marxist governments in Angola and Ethiopia.	(1959) 부패한 바티스타를 몰아내고 권력을 잡은 카스트로는 자신이 마르크스주의 혁명을 이끌고 있음이 분명해지면서 미국을 실망시켰습니다. 미국은 카스트로를 제거하거나 암살하기 위한 다양한 계획을 시도했으며, 결국 파국으로 끝난 "피그만 침공"으로 귀결되었습니다. 결국 공산주의 쿠바는 앙골라와 에티오피아의 마르크스주의 정부를 지원하게 됩니다.
(1961 – 1973) Initiated by President Kennedy as a counter for growing Cuban influence in Central and South America, the Alliance for Progress was to help integrate the economies of North and Latin America. Emphases for the program included land reform, democratic reform and tax reform. By the late 60’s the United States had become fully embroiled in Vietnam and South Asia, thus aid for Latin America waned. Furthermore, few Latin American countries proved willing to undertake the required reforms. As a result, the Organization of American States disbanded its “permanent” Alliance for Progress Committee in 1973.	(1961 – 1973) 중남미에서 커져가는 쿠바의 영향력에 대응하기 위해 케네디 대통령이 시작한 진보를 위한 동맹은 북미와 라틴 아메리카의 경제를 통합하는 것을 목표로 했습니다. 이 프로그램의 중점 사항에는 토지 개혁, 민주주의 개혁, 세제 개혁이 포함되었습니다. 1960년대 후반이 되자 미국은 베트남과 남아시아에 완전히 얽매이게 되어 라틴 아메리카에 대한 지원이 약해졌습니다. 더구나 라틴 아메리카 국가들 중 필요한 개혁을 기꺼이 단행하려는 나라가 거의 없었습니다. 결과적으로 미주기구는 1973년 "상설" 진보를 위한 동맹 위원회를 해산했습니다.
(1963-?) The first Nuclear Test Ban treaty owes its origins to the de-escalation process that followed the Cuban Missile Crisis. It prohibited further nuclear tests in the air, underwater or in space. International pressure for such a ban mounted in the 1950s as scientific evidence began to document severe environmental damage caused by earlier atmospheric testing by the nuclear powers. Underground testing remained an allowable methodology, but all forms of “peaceful nuclear explosions” were also banned, tightening the non-proliferation regime.	(1963-?) 최초의 핵실험 금지 조약은 쿠바 미사일 위기 이후의 긴장 완화 과정에서 비롯되었습니다. 이 조약은 대기, 수중, 우주에서의 추가적인 핵실험을 금지했습니다. 이러한 금지에 대한 국제적 압박은 핵보유국들의 이전 대기권 핵실험이 심각한 환경 피해를 야기했다는 과학적 증거가 축적되기 시작한 1950년대부터 고조되었습니다. 지하 핵실험은 허용 방법으로 남아 있었지만, 모든 형태의 "평화적 핵폭발"도 금지되어 비확산 체제가 강화되었습니다.
(1979 – 1990) In many ways presaging the “Reagan revolution” in the United States, Margaret Thatcher led a rejuvenation of the conservative movement in the United Kingdom. An ardent anti-communist, Thatcher received the moniker “Iron Lady” from the Soviet newspaper, “The Red Star.” Thatcher provided the perfect partner for Ronald Reagan, and together, they renewed the “special relationship” that formed the lynchpin of the post-war Atlantic Alliance. Thatcher’s finest moment may have been her vigorous defense of Britain’s colonial outpost in the Falkland Islands. The military junta ruling Argentina launched an invasion of what they referred to as the Malvinas Islands. In a sharp, short military action, the UK expelled the Argentinian forces, and restored some small luster to Britain’s former imperial pretensions. Thatcher reigned through the close of the Cold War, and is Britain’s longest serving prime minister.	(1979 – 1990) 여러 면에서 미국의 "레이건 혁명"을 예고한 마거릿 대처는 영국 보수 운동의 부활을 이끌었습니다. 열렬한 반공주의자인 대처는 소련 신문 "붉은 별"로부터 "철의 여인"이라는 별명을 얻었습니다. 대처는 로널드 레이건의 완벽한 파트너가 되었으며, 함께 전후 대서양 동맹의 핵심축을 이루는 "특별한 관계"를 새롭게 했습니다. 대처의 가장 빛나는 순간은 영국의 식민지 전초기지인 포클랜드 제도를 강력히 수호한 것일 것입니다. 아르헨티나를 지배하던 군사 정권이 그들이 말비나스 제도라고 부르는 곳을 침공했습니다. 짧고 신속한 군사 행동으로 영국은 아르헨티나 군대를 몰아내고 영국의 옛 제국적 위상에 작지만 빛나는 광채를 되살렸습니다. 대처는 냉전이 끝날 때까지 집권하며 영국 최장수 총리가 되었습니다.
(1980 – ?) A trade union movement originating in the Polish shipyards of Gdansk, Solidarity became the focal point for anti-communist resistance within the Eastern bloc. Solidarity quickly moved beyond a simple worker’s movement and rallied pro-Catholic, intellectuals and other social dissidents to its banner. Its toleration within a Warsaw Pact nation was unprecedented, and involved a cat and mouse game heavily reliant on public scrutiny of Soviet intentions, the prestige of the Polish Pope, John Paul II, and the political courage of its leader Lech Walesa. While Poland’s communist led government under Wojciech Jaruzelski did crack down on Solidarity and imprison much of its leadership, the organization went underground and began to regrow. By 1988, Solidarity led strikes had forced the Polish Communists into open negotiations.	(1980 – ?) 그단스크의 폴란드 조선소에서 시작된 노동조합 운동인 연대(솔리다리노시치)는 동구권 내 반공 저항의 구심점이 되었습니다. 연대는 단순한 노동자 운동을 넘어 친가톨릭 세력, 지식인, 기타 사회적 반체제 인사들을 자신의 깃발 아래 결집시켰습니다. 바르샤바 조약 국가 내에서 이것이 용인된 것은 전례 없는 일이었으며, 소련의 의도에 대한 여론의 감시, 폴란드 교황 요한 바오로 2세의 권위, 그리고 지도자 레흐 바웬사의 정치적 용기에 크게 의존한 숨바꼭질 같은 게임이 펼쳐졌습니다. 보이치에흐 야루젤스키 지도하의 폴란드 공산당 정부가 연대를 탄압하고 지도부 다수를 투옥했지만, 조직은 지하로 들어가 다시 성장하기 시작했습니다. 1988년에 이르러 연대가 주도한 파업은 폴란드 공산당을 공개 협상 테이블로 끌어내었습니다.
(1980) While the first oil discoveries in the North Sea occurred in the 1960’s, it would take the Iranian oil crisis to make the exploitation of North Sea oil economically viable. The North Sea contains the majority of Europe’s oil reserves and has become one of the leading non-OPEC producing regions in the world. Shared between the United Kingdom, the Netherlands and Norway, the North Sea fields provided a welcome release from the death grip in which OPEC had hitherto held Western Europe.	(1980) 북해에서의 첫 석유 발견은 1960년대에 이루어졌지만, 북해 석유 개발을 경제적으로 실행 가능하게 만든 것은 이란 석유 위기였습니다. 북해는 유럽 석유 매장량의 대부분을 포함하고 있으며, 세계 최고의 비OPEC 산유 지역 중 하나가 되었습니다. 영국, 네덜란드, 노르웨이가 공유하는 북해 유전은 OPEC이 지금까지 서유럽을 옥죄어온 죽음의 손아귀로부터 반가운 탈출구를 제공했습니다.
(1983 – ?) More properly known as the Strategic Defense Initiative, President Reagan announced this radical departure from the Cold War doctrine of “mutually assured destruction” in a live television speech to the American public. The initial concept for the “space shield” was developed at Lawrence Livermore National Laboratory by Dr. Peter Hagelstein. Notionally, it would create a series of space based satellites powered by nuclear reactors that would create an impenetrable field to block Soviet ICBM’s. While scientifically sound on paper, the concept was never successfully engineered. Later iterations involved “smart pebbles” and missile based interceptors. SDI is frequently credited as one of the factors that convinced Gorbachev that the Soviet Union could not keep up the Cold War.	(1983 – ?) 정식 명칭은 전략방위구상(SDI)으로, 레이건 대통령은 생방송 텔레비전 연설을 통해 미국 국민에게 냉전의 "상호확증파괴" 독트린으로부터의 급진적인 이탈을 선언했습니다. "우주 방패"의 초기 개념은 로렌스 리버모어 국립연구소의 피터 헤이겔스타인 박사가 개발했습니다. 개념상으로는 핵반응로로 구동되는 일련의 우주 기반 위성들을 만들어 소련 대륙간탄도미사일을 차단하는 난공불락의 방어막을 형성하는 것이었습니다. 이론상으로는 과학적으로 타당했지만, 실제로 공학화에 성공하지는 못했습니다. 이후 버전에서는 "스마트 페블"과 미사일 기반 요격체가 등장했습니다. SDI는 고르바초프가 소련이 냉전을 지속할 수 없다는 것을 납득하게 만든 요인 중 하나로 자주 거론됩니다.
(1983) First used by President Ronald Reagan before the National Association of Evangelicals, conservatives applied the term “evil empire” to the Soviet Union. This change in terminology encapsulated the conservative movement’s rejection of Nixon’s morally ambiguous policy of detente. The speech sparked controversy within the NATO alliance, as many European leaders found the speech unnecessarily provocative. Domestically, the left argued that the United States had no room to criticize Soviet actions during the Cold War, and pointed to CIA involvement in places like Chile. The speech gave further indication that the last phase of the Cold War would be a confrontational one.	(1983) 로널드 레이건 대통령이 전국복음주의자협회 앞에서 처음 사용한 이래, 보수주의자들은 소련에 "악의 제국"이라는 표현을 적용했습니다. 이 용어의 변화는 닉슨의 도덕적으로 모호한 데탕트 정책에 대한 보수 운동의 거부를 압축적으로 보여주었습니다. 이 연설은 많은 유럽 지도자들이 불필요하게 도발적이라고 느끼면서 NATO 동맹 내에 논란을 일으켰습니다. 국내에서 좌파는 미국이 냉전 중 소련의 행동을 비판할 자격이 없다고 주장하며 칠레 같은 곳에서의 CIA 개입을 지적했습니다. 이 연설은 냉전의 마지막 국면이 대결적인 것이 될 것임을 더욱 분명히 예고했습니다.
(1983) Flying from New York City, to Seoul, South Korea, the doomed Korean Airlines Flight 007 strayed into Soviet Airspace due to a navigational error involving the plane’s autopilot system. While the Soviets contemporaneously claimed that they did not know that plane was civilian, tape releases after the Cold War indicate that little if any warning was given to the airliner. The Reagan administration rallied global reaction against the Soviets—even playing decoded messages before the UN Security Council. 269 passengers and crew were killed during the attack, including one member of Congress.	(1983) 뉴욕에서 대한민국 서울로 향하던 대한항공 007편은 항공기 자동 조종 장치와 관련된 항법 오류로 인해 소련 영공을 침범했습니다. 소련은 당시 그 비행기가 민간기인 줄 몰랐다고 주장했지만, 냉전 이후 공개된 테이프는 여객기에 거의 아무런 경고가 주어지지 않았음을 보여줍니다. 레이건 행정부는 유엔 안전보장이사회에서 해독된 통신문을 공개하는 등 소련에 대한 세계적인 반응을 결집시켰습니다. 미 의회 의원 1명을 포함한 승객과 승무원 269명이 공격으로 사망했습니다.
(1986) After the fall of Nasser, a petro-dollar empowered strongman, Muamar Qaddafi, sought Libya’s day in the sun as leader of the Arab world. To prove his bona-fides Qaddafi became the leading source for state supported terrorism against the west. As Iran provided a new model for antiwestern resistance, Qaddafi took on an increasingly religious piety in his defamations of the West. Following earlier show-downs involving the Gulf of Sidra, the United States took swift retribution for Libya’s apparent involvement in a West German discotheque bombing that killed an American serviceman. Targeting was heavily focused on killing Qadaffi, and his personal residences were targeted. While he escaped death, Qadaffi’s international prestige was much tarnished.	(1986) 나세르의 몰락 이후, 석유 달러로 권력을 키운 독재자 무아마르 카다피는 아랍 세계의 지도자로서 리비아의 전성기를 꿈꿨습니다. 자신의 진정성을 증명하기 위해 카다피는 서방에 대한 국가 지원 테러의 최대 공급원이 되었습니다. 이란이 반서방 저항의 새로운 모델을 제시하자, 카다피는 서방을 비방할 때 점점 더 종교적 경건함을 내세웠습니다. 시드라 만을 둘러싼 이전의 대결에 이어, 미국은 미국 군인을 사살한 서독 디스코텍 폭탄 테러에 리비아가 연루된 것으로 보이자 신속하게 보복했습니다. 공격 목표는 카다피를 사살하는 데 집중되었으며, 그의 개인 거주지가 표적이 되었습니다. 그는 죽음을 면했지만, 카다피의 국제적 명성은 크게 실추되었습니다.
(1986) The Chernobyl accident was the worst disaster in the history of nuclear power. Radioactive debris spread in a massive cloud that stretched throughout Western Europe, and ultimately reached the eastern seaboard of the United States. 200,000 had to be relocated from badly contaminated regions of Soviet controlled Ukraine and Belarus. It is estimated that as many as 4,000 people may die from the deadly exposure they received that day. Chernobyl displayed the kind of staggering incompetence that came to reflect Soviet bureaucratic decision-making towards the close of the Cold War.	(1986) 체르노빌 사고는 핵 발전 역사상 최악의 재앙이었습니다. 방사성 잔해는 서유럽 전역으로 퍼진 거대한 구름 형태로 확산되었으며, 결국 미국 동해안에까지 도달했습니다. 소련이 통제하던 우크라이나와 벨라루스의 심각하게 오염된 지역에서 20만 명이 이주해야 했습니다. 최대 4,000명이 그날 받은 치명적인 방사선 노출로 사망할 것으로 추정됩니다. 체르노빌은 냉전 말기 소련 관료적 의사 결정의 단면을 보여주는 충격적인 무능함을 드러냈습니다.
(1986) The E3 “AWACS” aircraft is one of the most sophisticated early command and surveillance platforms available to the United States Air Force. Imagine Congress’ surprise when President Ronald Reagan announced plans to sell 5 of them to Saudi Arabia after they have only recently entered service in the United States. The “Airborne Warning and Control System” sale was, at that time, the largest military sale ever. While it met with Congressional resistance, as well as resistance from the Israeli government, ultimately, the objective was to cement Saudi Arabia as the US new anchor against Tehran. The high profile political risk associated with this arms sale would draw the two governments together long after the Cold War was over.	(1986) E3 "AWACS" 항공기는 미국 공군이 보유한 가장 정교한 조기 지휘 및 감시 플랫폼 중 하나입니다. 미국에서 막 실전 배치된 지 얼마 안 된 이 항공기 5대를 사우디아라비아에 판매하겠다는 로널드 레이건 대통령의 계획 발표에 의회가 얼마나 놀랐을지 상상해보십시오. "공중 경보 통제 시스템" 판매는 당시 역대 최대 규모의 군사 판매였습니다. 의회의 저항과 이스라엘 정부의 반대에도 불구하고, 궁극적인 목표는 사우디아라비아를 테헤란에 대항하는 미국의 새로운 거점으로 굳히는 것이었습니다. 이 무기 판매와 관련된 높은 정치적 위험성은 냉전이 끝난 한참 후에도 두 정부를 묶어두는 역할을 했습니다.
(1987) In a speech that hearkened back to Kennedy’s address in front of the Berlin wall, Ronald Reagan challenged newly installed Soviet leader Mikhail Gorbachev. Reagan, with the Brandenburg gate in the background, declared: “General Secretary Gorbachev, if you seek peace, if you seek prosperity for the Soviet Union and Eastern Europe, if you seek liberalization: Come here to this gate! Mr. Gorbachev, open this gate! Mr. Gorbachev, tear down this wall!” While provocative, the speech leveled a difficult criticism at the Soviet Union. Successful countries do not have to wall their citizens in. Two short years later, the Berlin Wall would come down.	(1987) 베를린 장벽 앞에서의 케네디 연설을 상기시키는 이 연설에서, 로널드 레이건은 새로 취임한 소련 지도자 미하일 고르바초프에게 도전장을 내밀었습니다. 브란덴부르크 문을 배경으로 레이건은 선언했습니다: "고르바초프 서기장, 평화를 원한다면, 소련과 동유럽의 번영을 원한다면, 자유화를 원한다면, 이 문으로 오십시오! 고르바초프 씨, 이 문을 여십시오! 고르바초프 씨, 이 장벽을 허무십시오!" 도발적이었지만, 이 연설은 소련에 대한 날카로운 비판을 가했습니다. 성공한 나라는 자국민을 담으로 가둘 필요가 없습니다. 불과 2년 후, 베를린 장벽은 무너졌습니다.
<color=red>EXAMPLE:</color> The US player targets North Korea for Realignment. There are 3 USSR Influence points in North Korea, while the US player has none.<br><br>The US player has no modifiers—he does not control any adjacent countries and has less Influence in North Korea then the Soviets. The USSR player has +1 because North Korea is adjacent to the USSR and +1 for having more Influence in North Korea then the US.<br><br>The US player gets lucky and rolls a 5 while the USSR player rolls a 2 which is modified to 4. The result is the USSR player must remove one Influence point from North Korea.	<color=red>예시:</color> 미국 플레이어가 북한을 재편성 대상으로 지정합니다. 북한에는 소련 영향력 3점이 있으며, 미국 플레이어는 아무 점수도 없습니다.<br><br>미국 플레이어는 수정치가 없습니다—인접한 국가를 지배하지 않고 북한에서 소련보다 영향력이 낮습니다. 소련 플레이어는 북한이 소련과 인접해 있어 +1, 북한에서 미국보다 영향력이 많아 +1을 받습니다.<br><br>미국 플레이어가 운 좋게 5를 굴리고 소련 플레이어는 2를 굴려 수정 후 4가 됩니다. 결과적으로 소련 플레이어는 북한에서 영향력 1점을 제거해야 합니다.
<color=white>Influence Markers</color> are placed one at a time, and must be placed with or adjacent to friendly markers, that were in place at the start of the phasing player's <color=white>Action Round</color>. It costs one (1) Operations point to place an Influence marker in a country that is friendly Controlled or Uncontrolled. It costs two (2) Operations points to place an <color=white>Influence Marker</color> in an enemy-controlled country. If a country's Control status changes while placing <color=white>Influence Markers</color>, the additional marker's costs adjust accordingly for future placement for that <color=white>Action Round</color>.\r	<color=white>영향력 마커</color>는 한 번에 하나씩 놓아야 하며, 해당 플레이어의 <color=white>행동 라운드</color> 시작 시점에 이미 배치되어 있던 아군 마커와 같은 칸 또는 인접한 칸에 놓아야 합니다. 아군이 지배하거나 지배되지 않은 국가에 영향력 마커를 놓는 데는 작전치 1점이 필요합니다. 적이 지배하는 국가에 <color=white>영향력 마커</color>를 놓는 데는 작전치 2점이 필요합니다. <color=white>영향력 마커</color>를 배치하는 도중에 국가의 지배 상태가 변경되면, 해당 <color=white>행동 라운드</color>의 이후 배치에 대한 추가 마커 비용이 그에 따라 조정됩니다.\r
<color=white>Influence Markers</color> are placed one at a time, and must be placed with or adjacent to friendly markers, that were in place at the start of the phasing player's <color=white>Action Round</color>. It costs one (1) Operations point to place an Influence marker in a country that is friendly Controlled or Uncontrolled. It costs two (2) Operations points to place an <color=white>Influence Marker</color> in an enemy-controlled country. If a country's Control status changes while placing <color=white>Influence Markers</color>, the additional marker's costs adjust accordingly for future placement for that <color=white>Action Round</color>.\r\n	<color=white>영향력 마커</color>는 한 번에 하나씩 놓아야 하며, 해당 플레이어의 <color=white>행동 라운드</color> 시작 시점에 이미 배치되어 있던 아군 마커와 같은 칸 또는 인접한 칸에 놓아야 합니다. 아군이 지배하거나 지배되지 않은 국가에 영향력 마커를 놓는 데는 작전치 1점이 필요합니다. 적이 지배하는 국가에 <color=white>영향력 마커</color>를 놓는 데는 작전치 2점이 필요합니다. <color=white>영향력 마커</color>를 배치하는 도중에 국가의 지배 상태가 변경되면, 해당 <color=white>행동 라운드</color>의 이후 배치에 대한 추가 마커 비용이 그에 따라 조정됩니다.\r\n
<color=white>PROCEDURE:</color> Each player rolls a die and each player adds the modifiers (listed below) to their own die roll.  The high roller may remove the difference between the rolls from the opponent's Influence in the target country.  Ties are considered a draw, and no markers are removed.  A player may make several realignment attempts against the same country using the Operations points from the same card.	<color=white>진행 방법:</color> 각 플레이어는 주사위를 굴리고 각자의 주사위 결과에 수정치(아래 목록 참조)를 더합니다. 높은 숫자를 굴린 플레이어는 두 굴림의 차이만큼 상대방의 대상 국가 영향력을 제거할 수 있습니다. 동점은 무승부로 간주하며, 마커는 제거되지 않습니다. 플레이어는 동일한 카드의 작전치를 사용하여 같은 국가에 여러 번 재편성을 시도할 수 있습니다.
<color=white>PURPOSE:</color> Reduce enemy Influence in a country.<br><br><color=white>CONDITIONS:</color> Opponent must have Influence markers in the target country.<br><br><color=white>COST:</color> 1 card.<br><br><color=white>PROCEDURE:</color> Each player rolls a die and each player adds the modifiers (listed below) to their own die roll.  The high roller may remove the difference between the rolls from the opponent's Influence in the target country.  Ties are considered a draw, and no markers are removed.  A player may make several realignment attempts against the same country using the Operations points from the same card.<br><br><color=white>MODIFIERS:</color><br>+1 for each controlled adjacent country<br>+1 if adjacent to rolling player's superpower<br>+1 if rolling player has more influence in target country than opponent	<color=white>목적:</color> 국가에서 적의 영향력을 줄입니다.<br><br><color=white>조건:</color> 상대방이 대상 국가에 영향력 마커를 보유하고 있어야 합니다.<br><br><color=white>비용:</color> 카드 1장.<br><br><color=white>진행 방법:</color> 각 플레이어는 주사위를 굴리고 각자의 주사위 결과에 수정치(아래 목록 참조)를 더합니다. 높은 숫자를 굴린 플레이어는 두 굴림의 차이만큼 상대방의 대상 국가 영향력을 제거할 수 있습니다. 동점은 무승부로 간주하며, 마커는 제거되지 않습니다. 플레이어는 동일한 카드의 작전치를 사용하여 같은 국가에 여러 번 재편성을 시도할 수 있습니다.<br><br><color=white>수정치:</color><br>+1 지배 중인 인접 국가 1개당<br>+1 굴림 플레이어의 강대국과 인접한 경우<br>+1 굴림 플레이어가 대상 국가에서 상대방보다 영향력이 많은 경우
<indent=1em><i>Twilight Struggle</i></indent> has ten turns. Each turn represents between three and five years, and will involve six or seven normal card plays by each player. At the beginning of the game, each player receives eight cards from the Early War deck. At the beginning of turn 4, the Mid War deck is shuffled into the draw pile and the players' hand size increases to nine. At the beginning of turn 8, the Late War deck is shuffled into the draw pile.	<indent=1em><i>Twilight Struggle</i></indent>는 10턴으로 구성됩니다. 각 턴은 3년에서 5년을 나타내며, 각 플레이어는 6~7번의 일반 카드 플레이를 진행합니다. 게임 시작 시, 각 플레이어는 초전 덱에서 카드 8장을 받습니다. 4턴 시작 시, 중전 덱이 드로우 파일에 섞이고 플레이어의 패 크기가 9장으로 늘어납니다. 8턴 시작 시, 후전 덱이 드로우 파일에 섞입니다.
<indent=1em><i>Twilight Struggle</i></indent> inherits its fundamental systems from the carddriven classics <i>We the People</i> and <i>Hannibal: Rome vs. Carthage</i>. It is a quick-playing, low-complexity game in that tradition. Event cards cover a vast array of historical happenings, from the Arab-Israeli conflicts of 1948 and 1967, to Vietnam and the U.S. peace movement, to the Cuban Missile Crisis and other such incidents that brought the world to the brink of nuclear annihilation. Subsystems capture the prestige-laden Space Race as well as nuclear tensions, with the possibility of nuclear war ending the game.	<indent=1em><i>Twilight Struggle</i></indent>는 카드 구동 방식의 고전 게임인 <i>We the People</i>과 <i>Hannibal: Rome vs. Carthage</i>의 기본 시스템을 계승합니다. 이 전통을 이어받은 빠르게 진행되는 저난도 게임입니다. 이벤트 카드는 1948년과 1967년의 아랍-이스라엘 분쟁, 베트남전과 미국의 평화 운동, 쿠바 미사일 위기 등 세계를 핵 전멸의 벼랑 끝으로 몰아넣은 수많은 역사적 사건들을 다룹니다. 하위 시스템은 명성이 걸린 우주 경쟁과 핵 긴장 상태를 표현하며, 핵전쟁으로 게임이 종료될 수 있습니다.
<indent=1em><i>Twilight Struggle</i></indent> is a two-player game simulating the forty-five year dance of intrigue, prestige, and occasional flares of warfare between the Soviet Union and the United States. The entire world is the stage on which these two titans fight to make the world safe for their own ideologies and ways of life. The game begins amidst the ruins of Europe as the two new 'superpowers' struggle over the wreckage of the Second World War, and ends in 1989, when only the United States remained standing.	<indent=1em><i>Twilight Struggle</i></indent>는 소련과 미국 사이의 45년에 걸친 음모, 명성, 그리고 간헐적인 전쟁의 불꽃을 시뮬레이션하는 2인용 게임입니다. 전 세계가 두 강대국이 자신들의 이념과 생활 방식을 위해 싸우는 무대가 됩니다. 게임은 두 신흥 '초강대국'이 제2차 세계대전의 잔해를 놓고 다투는 유럽의 폐허 속에서 시작되며, 미국만이 남은 1989년에 끝납니다.
<indent=1em>Advancing</indent> along the Space Race track results in an award of Victory Points, a special ability, or both. Five boxes on the Space Race track are marked with two numbers divided by a slash, e.g. Lunar Orbit has the numbers 3/1. The left-hand number is the amount of Victory Points awarded to the first player to reach that box; the right-hand number is the amount of Victory Points awarded to the second player to reach that box. Victory Points granted take effect immediately. All Space Race Victory Points are cumulative.	<indent=1em>우주 경쟁</indent> 트랙을 전진하면 승점, 특수 능력, 또는 둘 다를 획득합니다. 우주 경쟁 트랙의 다섯 칸에는 슬래시로 구분된 두 숫자가 표시되어 있습니다. 예를 들어 달 궤도 칸에는 3/1이라는 숫자가 있습니다. 왼쪽 숫자는 해당 칸에 먼저 도달한 플레이어에게 주어지는 승점이고, 오른쪽 숫자는 두 번째로 도달한 플레이어에게 주어지는 승점입니다. 획득한 승점은 즉시 효력이 발생합니다. 모든 우주 경쟁 승점은 누적됩니다.
<indent=1em>By</indent> the end of each turn, each player must have played a certain number of Military Operations. Failure to do so results in a Victory Point penalty. The number of Military Operations required each turn is equal to the <i>current</i> DEFCON status number. If fewer Military Operations are carried out, your opponent gains 1 VP per unplayed Military Operations point. If both players suffer a Victory Point penalty, the net total should be implemented on the Victory Points Track.	<indent=1em>각</indent> 턴이 끝날 때까지 각 플레이어는 일정 수의 군사 작전을 수행해야 합니다. 이를 충족하지 못하면 승점 패널티가 부과됩니다. 매 턴 요구되는 군사 작전 수는 <i>현재</i> 데프콘 수치와 동일합니다. 군사 작전이 부족하면, 상대방은 수행되지 않은 군사 작전 점수 1점당 1 VP를 획득합니다. 두 플레이어 모두 승점 패널티를 받을 경우, 순 합계를 승점 트랙에 반영합니다.
<indent=1em>Each</indent> player secretly selects a card from their hand. Once both players have made their choice, they reveal their cards to each other simultaneously. These cards are called 'Headline cards' and their Events take place in this phase (and if the event title has an asterisk, are removed from the game normally). To determine which Event takes place first, look at the Operations value on each card; that is its Headline Value. The card with the higher Headline Value takes effect first. In the event of a tie, the Headline Event played by the US player goes into effect first.\r<br><br>	<indent=1em>각</indent> 플레이어는 손에서 카드를 하나 비밀리에 선택합니다. 두 플레이어 모두 선택을 마치면, 동시에 서로에게 카드를 공개합니다. 이 카드들을 '헤드라인 카드'라 하며, 해당 이벤트는 이 단계에서 발생합니다(이벤트 제목에 별표가 있으면 게임에서 통상적으로 제거됩니다). 어떤 이벤트가 먼저 발생하는지 결정하려면, 각 카드의 작전치를 확인합니다. 그것이 헤드라인 수치입니다. 헤드라인 수치가 더 높은 카드가 먼저 효력을 발휘합니다. 동점일 경우, 미국 플레이어의 헤드라인 이벤트가 먼저 효력을 발휘합니다.\r<br><br>
<indent=1em>End</indent> Game Victory. If neither side has achieved victory of any kind by the end of turn 10, then every Region is scored as if its regional scoring card had just been played (these new VPs are added to the current score). Southeast Asia is not scored separately: it is included in the Asia scoring calculations. Every Region's score must be calculated before final victory is determined. Reaching 20 VPs does not result in Automatic Victory during scoring at the end of turn 10; however, Control of Europe does grant automatic victory to the controlling player, regardless of scoring elsewhere.	<indent=1em>게임</indent> 종료 승리. 10턴이 끝날 때까지 어느 쪽도 어떠한 방식으로도 승리를 거두지 못했다면, 각 지역의 점수 카드가 방금 사용된 것처럼 모든 지역의 점수가 계산됩니다(새로 획득한 VP는 현재 점수에 추가됩니다). 동남아시아는 별도로 계산되지 않으며, 아시아 점수 계산에 포함됩니다. 최종 승리를 결정하기 전에 모든 지역의 점수를 계산해야 합니다. 10턴 종료 시 점수 계산 중에는 20 VP에 도달해도 자동 승리가 되지 않습니다. 그러나 유럽을 지배하면, 다른 지역의 점수와 관계없이 지배하는 플레이어에게 자동 승리가 부여됩니다.
<indent=1em>In</indent> 1945, unlikely allies slew the Nazi beast, while humanity's most devastating weapons forced the proud Japanese Empire to its knees in a storm of fire. Where once there stood many great powers, now stood only two. The world had scant time to sigh relief before a new conflict threatened. Unlike the titanic conflicts of the preceding decades, this conflict would be waged primarily not by soldiers and tanks, but by spies and politicians, scientists and intellectuals, artists and traitors.	<indent=1em>1945년,</indent> 뜻밖의 동맹국들이 나치라는 괴물을 쓰러뜨렸고, 인류 역사상 가장 파괴적인 무기가 불의 폭풍 속에 자랑스러운 일본 제국을 무릎 꿇렸습니다. 한때 수많은 강대국이 존재했던 자리에 이제 두 나라만이 남았습니다. 세계가 안도의 한숨을 내쉴 시간도 없이 새로운 갈등이 위협해왔습니다. 앞선 수십 년간의 거대한 충돌과 달리, 이 갈등은 주로 군인과 탱크가 아닌 스파이와 정치인, 과학자와 지식인, 예술가와 배신자들에 의해 치러질 것이었습니다.
<indent=1em>Influence </indent>markers are placed one at a time. However, all markers must be placed with, or adjacent to, friendly markers that were in place at the start of the phasing player's Action Round.<br><br><i>Exception: markers placed when required by an Event are not subject to this restriction, unless specifically stated otherwise on the card.</i><br><br>If the amount of influence is sufficent to gain control of the country, the Marker switches to either red for U.S.S.R. or blue for the U.S.A..<br><br>	<indent=1em>영향력 </indent>마커는 한 번에 하나씩 배치됩니다. 그러나 모든 마커는 진행 중인 플레이어의 행동 라운드 시작 시 이미 배치되어 있던 아군 마커와 함께 또는 인접하여 배치해야 합니다.<br><br><i>예외: 이벤트에 의해 배치가 요구되는 마커는, 카드에 별도로 명시되지 않는 한, 이 제한을 받지 않습니다.</i><br><br>영향력이 해당 국가를 지배하기에 충분한 경우, 마커는 소련을 나타내는 빨간색 또는 미국을 나타내는 파란색으로 전환됩니다.<br><br>
<indent=1em>Operations</indent> points may be spent to attempt to move a marker to the next spot on the track. To do so, discard a card with an Operations point value equal to or greater than the number shown on the track into which you are attempting to advance. Roll the die: if the number falls within the range listed in the target box on the Space Race track, your marker advances to the new spot.	<indent=1em>작전치</indent>를 소비하여 마커를 트랙의 다음 칸으로 이동시키려 시도할 수 있습니다. 이를 위해, 이동하려는 칸에 표시된 숫자 이상의 작전치를 가진 카드를 버립니다. 주사위를 굴려서, 나온 숫자가 우주 경쟁 트랙의 목표 칸에 적힌 범위 안에 들어오면 마커가 새 칸으로 전진합니다.
<indent=1em>The</indent> map is divided into six Regions: Europe, Asia, Central America, South America, Africa, and the Middle East. A region is a group of geopolitically connected nations, normally in close geographic proximity. Europe is divided into two sub-regions, Eastern Europe and Western Europe. Two historically neutral countries (Austria and Finland) are categorized as being in both Eastern and Western Europe. Asia also contains a sub-region, Southeast Asia. The country spaces that comprise a region share a map color. Sub-regions have shades of the same color.	<indent=1em>지도는</indent> 유럽, 아시아, 중앙아메리카, 남아메리카, 아프리카, 중동의 6개 지역으로 나뉩니다. 지역은 지리적으로 가까운 지정학적으로 연결된 국가들의 집합입니다. 유럽은 동유럽과 서유럽의 두 하위 지역으로 나뉩니다. 역사적으로 중립국인 두 나라(오스트리아와 핀란드)는 동유럽과 서유럽 모두에 속하는 것으로 분류됩니다. 아시아에도 동남아시아라는 하위 지역이 있습니다. 한 지역을 구성하는 국가 칸들은 동일한 지도 색상을 공유합니다. 하위 지역은 같은 색상의 음영으로 표시됩니다.
<indent=1em>The</indent> object of the game is to score Victory Points (VPs). Regional Victory Points are scored through geographic Influence over the six Regions. VPs can also be received through the play of certain Events. Each region has its own 'scoring card'. Playing a scoring card causes Victory Points to be scored, based on how much influence each superpower has in that region at the time the card is played.	<indent=1em>게임의</indent> 목표는 승점(VP)을 획득하는 것입니다. 지역 승점은 6개 지역에 대한 지리적 영향력을 통해 획득됩니다. 특정 이벤트 카드를 통해서도 VP를 받을 수 있습니다. 각 지역에는 고유한 '점수 카드'가 있습니다. 점수 카드를 사용하면, 카드가 사용된 시점에 각 초강대국이 해당 지역에 얼마나 많은 영향력을 가지고 있는지에 따라 승점이 계산됩니다.
<indent=1em>There</indent> are six Action Rounds in turns 1 to 3 and seven action rounds turns 4 to 10. Players alternate playing cards, one per Action Round, for a total of six cards during turns 1 to 3, and seven cards during turns 4 to 10. The USSR player always takes his or her Action Round first, followed by the US player. All actions required by each card must be resolved before the next player starts his or her Action Round by playing a card. The player taking his or her Action Round is called the 'Phasing Player'.\r<br><br>	<indent=1em>1턴부터</indent> 3턴까지는 6번의 행동 라운드가 있고, 4턴부터 10턴까지는 7번의 행동 라운드가 있습니다. 플레이어들은 행동 라운드마다 카드를 한 장씩 번갈아 사용하며, 1~3턴에는 총 6장, 4~10턴에는 총 7장의 카드를 사용합니다. 소련 플레이어가 항상 먼저 행동 라운드를 진행하고, 미국 플레이어가 그 뒤를 따릅니다. 다음 플레이어가 카드를 사용하여 자신의 행동 라운드를 시작하기 전에 각 카드에 요구되는 모든 행동을 해결해야 합니다. 자신의 행동 라운드를 진행하는 플레이어를 '진행 중인 플레이어'라고 합니다.\r<br><br>
<indent=1em>Thus,</indent> the Late War period would begin in 1975, say, with the Fall of Saigon. So it is that date (and a dose of interpretation of history into the TS fabric) that has been selected to set the influence and events for the opening of the Late War Scenario.<br><br><indent=1em>The</indent> US appears to begin the post-Vietnam era in a decidedly strong position in game turns. Whether or not the dominoes have fallen, the US still dominates Asia, for example. Play of the scenario has shown that a US Automatic Victory is well within reach, so the Soviet player in this scenario wins just for engineering a more graceful decline of the Socialist experiment.<br><br>Have fun, and please try to avoid The Day After…	<indent=1em>따라서</indent> 후전 시기는 예컨대 사이공 함락과 함께 1975년에 시작됩니다. 그렇기에 바로 그 시점(그리고 TS의 틀 안에서 역사를 해석한 내용)이 후전 시나리오 개막의 영향력과 이벤트를 설정하기 위해 선택되었습니다.<br><br><indent=1em>미국은</indent> 게임 턴 기준으로 베트남 이후 시대를 확실히 강한 위치에서 시작하는 것으로 보입니다. 도미노가 쓰러졌든 아니든, 예를 들어 미국은 여전히 아시아를 지배하고 있습니다. 이 시나리오를 플레이해본 결과 미국의 자동 승리가 충분히 가능하기 때문에, 이 시나리오에서 소련 플레이어는 단지 사회주의 실험의 보다 우아한 쇠퇴를 이끌어내는 것만으로도 승리합니다.<br><br>즐겁게 플레이하시고, The Day After만큼은 피해보시길 바랍니다…
<indent=1em>Until</indent> the Soviet Player has placed 3 Influence Points on the Chinese Civil War space, the China Card is in no player's possession. Once the Soviet player had placed 3 Influence Points into the space, the player immediately receives the China Card face up and ready for play. Additionally, the ban on play of the Red Scare/Purge and Formosan Resolution events is immediately lifted.	<indent=1em>소련</indent> 플레이어가 중국 내전 칸에 영향력 3점을 배치하기 전까지는 중국 카드를 어느 플레이어도 보유하지 않습니다. 소련 플레이어가 해당 칸에 영향력 3점을 배치하면, 해당 플레이어는 즉시 앞면이 보이는 상태로 중국 카드를 받아 플레이할 수 있게 됩니다. 또한, 적색 공포/숙청 및 포모사 결의안 이벤트의 사용 금지가 즉시 해제됩니다.
<indent=1em>War</indent> Events: There are 5 "War" Events in the deck: <i>Korean War, Arab-Israeli War, Indo-Pakistani War, Brush War,</i> and <i>Iran-Iraq War</i>. These Events may be played regardless of the absence of either player's influence points in either the attacking or defending countries. If there is no influence at risk in the war, the Event's player still receives victory points upon success, and required military operations irrespective of success.	<indent=1em>전쟁</indent> 이벤트: 덱에는 5개의 "전쟁" 이벤트가 있습니다: <i>한국 전쟁, 아랍-이스라엘 전쟁, 인도-파키스탄 전쟁, 국지전,</i> 그리고 <i>이란-이라크 전쟁</i>. 이 이벤트들은 공격국이나 방어국에 어느 플레이어의 영향력이 없더라도 사용할 수 있습니다. 전쟁에서 위험에 처한 영향력이 없더라도, 이벤트를 사용한 플레이어는 성공 시 승점을 받으며, 성공 여부와 관계없이 필요한 군사 작전이 수행됩니다.
<indent=1em>•<indent=2em>The instant one player reaches a score of 20 VP, the game is over and that player is the winner. NOTE: All VP awards (for both players) that are scored during an event or scoring card must be applied prior to determining automatic victory.\r</indent><br>\r<br>•<indent=2em>EXCEPTION: If a player reaches 20 VP during the Check Military Operations Status phase, proceed to the Reveal Held Card phase before declaring that player the winner. If the player who reached 20 VP is revealed to be holding a scoring card, then that player loses instead of winning.\r</indent><br><br>\r•<indent=2em>If either side Controls Europe, that side wins when the Europe Scoring card is played.\r</indent><br><br>\r•<indent=2em>Nuclear War: A player may also win the instant his opponent causes the DEFCON level to reach 1.<br><br>	<indent=1em>•<indent=2em>어느 한 플레이어가 20 VP에 도달하는 순간, 게임은 종료되고 해당 플레이어가 승리합니다. 주의: 이벤트나 점수 카드 중에 두 플레이어 모두에게 부여되는 모든 VP는 자동 승리를 결정하기 전에 적용되어야 합니다.\r</indent><br>\r<br>•<indent=2em>예외: 군사 작전 상태 확인 단계에서 20 VP에 도달한 경우, 해당 플레이어를 승자로 선언하기 전에 보유 카드 공개 단계를 진행합니다. 20 VP에 도달한 플레이어가 점수 카드를 보유 중인 것으로 밝혀지면, 해당 플레이어는 승리 대신 패배합니다.\r</indent><br><br>\r•<indent=2em>어느 쪽이든 유럽을 지배하면, 유럽 점수 카드가 사용될 때 해당 쪽이 승리합니다.\r</indent><br><br>\r•<indent=2em>핵전쟁: 상대방이 데프콘 수준을 1로 만드는 순간 플레이어도 승리할 수 있습니다.<br><br>
<margin-right=12em><indent=1em>The</indent> Chinese Civil War space is considered adjacent to the Soviet Union and only the Soviet Union. The space is considered to be in Asia, but not South East Asia. It does not affect any scoring card. The only action that may be taken on the Chinese Civil War space is the placement of Influence Points by the Soviet player. The US player may not use Operations or events of any kind to effect the Chinese Civil War space. Once the Soviet player has placed 3 Influence Points</margin> on the Chinese Civil War space, it has no further effect. The markers may be returned to the Soviet player's pool, and the Chinese Civil War space is ignored for the remainder of the game.	<margin-right=12em><indent=1em>중국</indent> 내전 칸은 소련에만, 오직 소련에만 인접한 것으로 간주됩니다. 이 칸은 아시아에 속하지만 동남아시아에는 속하지 않습니다. 어떠한 점수 카드에도 영향을 미치지 않습니다. 중국 내전 칸에서 취할 수 있는 유일한 행동은 소련 플레이어의 영향력 배치입니다. 미국 플레이어는 어떠한 종류의 작전치나 이벤트로도 중국 내전 칸에 영향을 미칠 수 없습니다. 소련 플레이어가 중국 내전 칸에 영향력 3점을 배치하면</margin> 더 이상 효력이 없습니다. 마커들은 소련 플레이어의 풀로 반환될 수 있으며, 중국 내전 칸은 게임 나머지 동안 무시됩니다.
A <color=white>Coup</color> represents operations that change the composition of a target country's government. A player attempting a <color=white>Coup</color> does not need to have any <color=white>Influence</color> Markers in the Country; however your opponent must have <color=white>Influence Markers</color> in the target country. To resolve a <color=white>Coup</color> attempt, the game multiplies the <color=white>Stability Number</color> of the target country by two (2), then rolls a die and adds the <color=white>Operations</color> points on the card to it. If the modified roll is greater than this target number the coup is successful. <color=white>Influence Markers</color> equal to the difference from the target country target number are then removed, and the remainder (if any) is added to the friendly <color=white>Influence Markers</color> to make up the difference. \r	<color=white>쿠데타</color>는 목표 국가의 정부 구성을 바꾸는 작전을 나타냅니다. <color=white>쿠데타</color>를 시도하는 플레이어는 해당 국가에 <color=white>영향력</color> 마커를 보유할 필요가 없습니다. 그러나 상대방은 목표 국가에 <color=white>영향력 마커</color>를 보유하고 있어야 합니다. <color=white>쿠데타</color> 시도를 해결하기 위해, 게임은 목표 국가의 <color=white>안정 수치</color>에 2를 곱한 후, 주사위를 굴려 카드의 <color=white>작전치</color>를 더합니다. 수정된 결과가 이 목표 수치보다 크면 쿠데타는 성공합니다. 목표 국가의 목표 수치와의 차이만큼 <color=white>영향력 마커</color>가 제거되고, 나머지(있는 경우)는 차이를 메우기 위해 아군 <color=white>영향력 마커</color>에 추가됩니다. \r
A <color=white>Coup</color> represents operations that change the composition of a target country's government. A player attempting a <color=white>Coup</color> does not need to have any <color=white>Influence</color> Markers in the Country; however your opponent must have <color=white>Influence Markers</color> in the target country. To resolve a <color=white>Coup</color> attempt, the game multiplies the <color=white>Stability Number</color> of the target country by two (2), then rolls a die and adds the <color=white>Operations</color> points on the card to it. If the modified roll is greater than this target number the coup is successful. <color=white>Influence Markers</color> equal to the difference from the target country target number are then removed, and the remainder (if any) is added to the friendly <color=white>Influence Markers</color> to make up the difference. \r\n\nAfter the outcome of a <color=white>Coup</color> is resolved, the marker on the <color=white>Military Operations</color> track moves up the number of spaces equal to the <color=white>Operations</color> value of the card played. Any <color=white>Coup</color> attempt in a <color=white>Battleground</color> country degrades the DEFCON status one level. Cards that state a player may make a "free <color=white>Coup</color>  roll" in a particular region ignore the geographic restrictions of the DEFCON level. However if the free Coup roll is used in a <color=white>Battleground</color> country, the DEFCON status would still degrade one level.\r<br>\n	<color=white>쿠데타</color>는 목표 국가의 정부 구성을 바꾸는 작전을 나타냅니다. <color=white>쿠데타</color>를 시도하는 플레이어는 해당 국가에 <color=white>영향력</color> 마커를 보유할 필요가 없습니다. 그러나 상대방은 목표 국가에 <color=white>영향력 마커</color>를 보유하고 있어야 합니다. <color=white>쿠데타</color> 시도를 해결하기 위해, 게임은 목표 국가의 <color=white>안정 수치</color>에 2를 곱한 후, 주사위를 굴려 카드의 <color=white>작전치</color>를 더합니다. 수정된 결과가 이 목표 수치보다 크면 쿠데타는 성공합니다. 목표 국가의 목표 수치와의 차이만큼 <color=white>영향력 마커</color>가 제거되고, 나머지(있는 경우)는 차이를 메우기 위해 아군 <color=white>영향력 마커</color>에 추가됩니다. \r\n\n<color=white>쿠데타</color> 결과가 해결된 후, <color=white>군사 작전</color> 트랙의 마커는 사용된 카드의 <color=white>작전치</color>만큼 칸을 전진합니다. <color=white>격전지</color> 국가에서의 모든 <color=white>쿠데타</color> 시도는 데프콘 수준을 한 단계 낮춥니다. 특정 지역에서 "무료 <color=white>쿠데타</color> 굴림"을 할 수 있다고 명시된 카드는 데프콘 수준의 지리적 제한을 무시합니다. 그러나 무료 쿠데타 굴림이 <color=white>격전지</color> 국가에서 사용되면, 데프콘 수준은 여전히 한 단계 낮아집니다.\r<br>\n
A Pan-Arab Coalition invades Israel. Roll one die and subtract 1 for US Control of Israel and every US-controlled country adjacent to Israel.  USSR Victory on modified die roll 4-6. USSR adds 2 Military to Ops Track.<br><b>Effects of Victory:</b> USSR gains 2 VP and replaces all US Influence in Israel with USSR Influence.<br><i>Unplayable as an event after the "Camp David Accords" event has been played.</i>	범아랍 연합이 이스라엘을 침공합니다. 주사위 1개를 굴리고, 이스라엘의 미국 지배 및 이스라엘에 인접한 미국 지배 국가 각각에 대해 1씩 뺍니다. 수정된 주사위 결과 4~6이면 소련 승리. 소련은 작전 트랙에 군사 2를 추가합니다.<br><b>승리 효과:</b> 소련은 2 VP를 획득하고 이스라엘의 모든 미국 영향력을 소련 영향력으로 교체합니다.<br><i>"캠프 데이비드 협정" 이벤트가 사용된 이후에는 이벤트로 사용 불가.</i>
By the end of each turn, a player needs to have a certain number of <color=white>Military Operations</color>. Failure to do so results in a <color=white>Victory Point</color> penalty. The number of <color=white>Military Operations</color> required each turn is equal to the current DEFCON status number. <color=white>Coup</color> attempts and War Events are <color=white>Military Operations</color>, and when played the game moves the player's marker on the <color=white>Military Operations</color> track a number of spaces equal to the <color=white>Operations</color> value of the card.\n	각 턴이 끝날 때까지 플레이어는 일정 수의 <color=white>군사 작전</color>을 수행해야 합니다. 이를 충족하지 못하면 <color=white>승점</color> 패널티가 부과됩니다. 매 턴 요구되는 <color=white>군사 작전</color> 수는 현재 데프콘 수치와 동일합니다. <color=white>쿠데타</color> 시도와 전쟁 이벤트는 <color=white>군사 작전</color>에 해당하며, 사용 시 게임은 플레이어의 <color=white>군사 작전</color> 트랙 마커를 카드의 <color=white>작전치</color>만큼 전진시킵니다.\n
By the end of each turn, each player must have played a certain number of <color=white>Military Operations</color>. Failure to do so results in a <color=white>Victory Point</color> penalty. The number of <color=white>Military Operations</color> required each turn is equal to the current DEFCON status number. <color=white>Coup</color> attempts and War Events are <color=white>Military Operations</color>, and when played the game will move the the player's marker on the <color=white>Military Operations</color> track a number of spaces equal to the <color=white>Operations</color> value of the card.\n	각 턴이 끝날 때까지 각 플레이어는 일정 수의 <color=white>군사 작전</color>을 수행해야 합니다. 이를 충족하지 못하면 <color=white>승점</color> 패널티가 부과됩니다. 매 턴 요구되는 <color=white>군사 작전</color> 수는 현재 데프콘 수치와 동일합니다. <color=white>쿠데타</color> 시도와 전쟁 이벤트는 <color=white>군사 작전</color>에 해당하며, 사용 시 게임은 플레이어의 <color=white>군사 작전</color> 트랙 마커를 카드의 <color=white>작전치</color>만큼 전진시킵니다.\n
Countries that do not share a border, but are considered connected, are shown via lines on the map. A country is considered to be Adjacent to all other countries to which it is connected. Each country on the map is considered either to be <color=white>Controlled</color> by one of the player's, or it is Uncontrolled. A country is considered <color=white>Controlled</color> by a player if the player has Influence Points in the country greater than or equal to the country's <color=white>Stability Number</color>, and if the player's Influence in the country exceeds their opponent's Influence in that country by at least the country's <color=white>Stability Number</color>.\r	국경을 공유하지 않지만 연결된 것으로 간주되는 국가들은 지도에서 선으로 표시됩니다. 국가는 연결된 모든 다른 국가들과 인접한 것으로 간주됩니다. 지도의 각 국가는 한 플레이어에 의해 <color=white>지배</color>되거나 지배되지 않은 상태로 간주됩니다. 플레이어가 해당 국가에 국가의 <color=white>안정 수치</color> 이상의 영향력을 보유하고 있으며, 그 국가에서 플레이어의 영향력이 상대방의 영향력을 국가의 <color=white>안정 수치</color> 이상 초과하는 경우, 해당 국가는 그 플레이어에 의해 <color=white>지배</color>되는 것으로 간주됩니다.\r
Countries that do not share a border, but are considered connected, are shown via lines on the map. A country is considered to be Adjacent to all other countries to which it is connected. Each country on the map is considered either to be <color=white>Controlled</color> by one of the player's, or it is Uncontrolled. A country is considered <color=white>Controlled</color> by a player if the player has Influence Points in the country greater than or equal to the country's <color=white>Stability Number</color>, and if the player's Influence in the country exceeds their opponent's Influence in that country by at least the country's <color=white>Stability Number</color>.\r\n	국경을 공유하지 않지만 연결된 것으로 간주되는 국가들은 지도에서 선으로 표시됩니다. 국가는 연결된 모든 다른 국가들과 인접한 것으로 간주됩니다. 지도의 각 국가는 한 플레이어에 의해 <color=white>지배</color>되거나 지배되지 않은 상태로 간주됩니다. 플레이어가 해당 국가에 국가의 <color=white>안정 수치</color> 이상의 영향력을 보유하고 있으며, 그 국가에서 플레이어의 영향력이 상대방의 영향력을 국가의 <color=white>안정 수치</color> 이상 초과하는 경우, 해당 국가는 그 플레이어에 의해 <color=white>지배</color>되는 것으로 간주됩니다.\r\n
Except for <color=white>Scoring Cards</color>, all cards contain an <color=white>Operations Point</color> value, an <color=white>Event Title</color> and <color=white>Event Description</color>. <color=white>Scoring Cards</color> are labeled "SCORING" and must be played sometime during the turn they are drawn. Cards with a Red star are only associated with the USSR, and cards with a White star are only associated with the US. Cards that have a split Red/White star are Neutral, and are associated with both sides. <br><br>Cards are played in either one of two ways - as <color=white>Events</color> or <color=white>Operations</color>. Many cards have an asterisk following their <color=white>Event Title</color>. When these cards are played as <color=white>Events</color>, they are removed permanently from the game. Cards that have their <color=white>Event Title</color> underlined, and are played as an Event, are in effect on the game board until they are cancelled. Cards that are discarded, but not removed from the game, are placed face up in the discarded pile.\r<br>	<color=white>점수 카드</color>를 제외한 모든 카드에는 <color=white>작전치</color>, <color=white>이벤트 제목</color> 및 <color=white>이벤트 설명</color>이 포함되어 있습니다. <color=white>점수 카드</color>는 "SCORING"으로 표시되며, 드로우한 턴 중에 반드시 사용해야 합니다. 빨간 별이 있는 카드는 소련 전용이며, 흰 별이 있는 카드는 미국 전용입니다. 빨간/흰 별이 반반씩 나뉜 카드는 중립으로, 양측 모두와 연관됩니다. <br><br>카드는 두 가지 방식 중 하나로 사용됩니다 - <color=white>이벤트</color> 또는 <color=white>작전</color>으로. 많은 카드의 <color=white>이벤트 제목</color> 뒤에 별표가 있습니다. 이 카드들이 <color=white>이벤트</color>로 사용되면 게임에서 영구적으로 제거됩니다. <color=white>이벤트 제목</color>에 밑줄이 그어진 카드가 이벤트로 사용되면, 취소될 때까지 게임 보드에서 효력을 발휘합니다. 버려지지만 게임에서 제거되지 않은 카드는 버린 카드 더미에 앞면이 보이도록 놓입니다.\r<br>
Exchange this card for your opponent's highest valued Operations card in their hand. If two or more cards are tied, opponent chooses.<br><br>If the exchanged card contains your Event, or an Event applicable to both players, it occurs immediately. If it contains opponent's Event, use Operations value without triggering Event. Opponent must use this card for Operations during their next action round.	이 카드를 상대방 손에 있는 가장 높은 작전치 카드와 교환합니다. 두 장 이상이 동점이면 상대방이 선택합니다.<br><br>교환된 카드에 자신의 이벤트 또는 양측 모두에 해당하는 이벤트가 포함되어 있으면 즉시 발동됩니다. 상대방의 이벤트가 포함된 경우, 이벤트를 발동시키지 않고 작전치만 사용합니다. 상대방은 다음 행동 라운드에 이 카드를 작전치로 사용해야 합니다.
In 1946, Truman had to threaten to send warships to the Mediterranean to compel the Soviets to remove troops from Iran. Thus began the Cold War struggle in the Middle East. Since this region provided Western economies with their lifeblood – oil, it also provided USSR with an irresistible opportunity to meddle. US support for Israel gave the Soviets an opening to the Arab world that they would repeatedly exploit.	1946년, 트루먼은 소련이 이란에서 군대를 철수하도록 강제하기 위해 지중해에 군함을 파견하겠다고 위협해야 했습니다. 이렇게 중동에서의 냉전 투쟁이 시작되었습니다. 이 지역이 서방 경제에 생명선인 석유를 공급했기 때문에, 소련에게도 개입할 수 있는 거부할 수 없는 기회를 제공했습니다. 이스라엘에 대한 미국의 지원은 소련에게 아랍 세계로 진입할 수 있는 발판을 제공했으며, 소련은 이를 반복적으로 활용했습니다.
In 1949, Mao's armies forced Chiang Kai-shek and the Nationalist government to flee from mainland China to Taiwan. Due to America's long missionary involvement in China during the 19th and early 20th centuries, as well as its commercial and quasi-imperial experiences, Americans had a somewhat paternalistic view of the country. The declaration of the "People's Republic" meant that a long-standing ally was transformed into a bitter enemy. So, despite the warnings of Joe Stilwell and others, the debate raged in Washington about who to blame for the loss of China to communist forces. At the time, most of the blame fell on the Truman Administration and imagined "fifth column" communist sympathizers that had allegedly infiltrated the American government.	1949년, 마오쩌둥의 군대는 장제스와 국민당 정부를 중국 본토에서 대만으로 몰아냈습니다. 19세기와 20세기 초 미국의 오랜 선교 활동과 상업적·준제국주의적 경험으로 인해, 미국인들은 중국에 대해 다소 온정주의적인 시각을 가지고 있었습니다. "인민공화국" 선포는 오랜 동맹국이 숙적으로 변했음을 의미했습니다. 그래서 조 스틸웰 등의 경고에도 불구하고, 중국이 공산 세력에 넘어간 것을 누구의 책임으로 돌릴 것인지에 대한 논쟁이 워싱턴에서 격렬하게 벌어졌습니다. 당시 대부분의 비난은 트루먼 행정부와, 미국 정부에 침투했다고 주장되는 '5열' 공산주의 동조자들에게 쏟아졌습니다.
Players score additional points during Regional Scoring, as follows:<br><indent=1em>•<indent=2em>+1 VP per country they Control in the scoring region that is adjacent to the enemy superpower</indent><br>•<indent=2em>+1 VP per Battleground country that they Control in the scoring region.</indent><br>•<indent=2em>Victory points are then cumulated for both players, and the net difference between the two scores is marked on the Victory Point Track.	플레이어들은 지역 점수 계산 시 다음과 같이 추가 점수를 획득합니다:<br><indent=1em>•<indent=2em>점수 계산 지역에서 적 초강대국과 인접한 지배 국가 1개당 +1 VP</indent><br>•<indent=2em>점수 계산 지역에서 지배하는 격전지 국가 1개당 +1 VP</indent><br>•<indent=2em>그런 다음 두 플레이어의 승점이 합산되고, 두 점수의 순 차이가 승점 트랙에 표시됩니다.
The <color=white>Space Race</color> track contains a marker for each Superpower. <color=white>Operations</color> points may be spent by a player to attempt to move their marker to the next box on the track. A player may discard one card per turn in an attempt to advance the <color=white>Space Race</color>, unless a special exception allows additional attempts. The discarded card's <color=white>Operations</color> value must be equal to or greater than the number shown on the track into which you are attempting to advance. The game will roll the die, and if the number is within the range listed in the target box on the <color=white>Space Race</color> track, will move your marker to the new box.<br><br>Advancing the <color=white>Space Race</color> track will result in an award of <color=white>Victory Points</color>, a special ability, or both. The first player to reach a given <color=white>Space Race</color> box receives the left number of <color=white>Victory Points</color>, and the second player receives the right number of <color=white>Victory Points</color>. Special abilities are granted to the first player to reach certain Space Race boxes. The special effect is immediately cancelled when the second player reaches that box.\n	<color=white>우주 경쟁</color> 트랙에는 각 초강대국의 마커가 있습니다. 플레이어는 <color=white>작전치</color>를 소비하여 마커를 트랙의 다음 칸으로 이동시키려 시도할 수 있습니다. 플레이어는 특별한 예외가 추가 시도를 허용하지 않는 한, <color=white>우주 경쟁</color>을 전진시키기 위해 턴당 카드를 한 장만 버릴 수 있습니다. 버린 카드의 <color=white>작전치</color>는 이동하려는 칸에 표시된 숫자 이상이어야 합니다. 게임은 주사위를 굴리고, 숫자가 <color=white>우주 경쟁</color> 트랙의 목표 칸에 적힌 범위 안에 들어오면 마커를 새 칸으로 이동시킵니다.<br><br><color=white>우주 경쟁</color> 트랙을 전진하면 <color=white>승점</color>, 특수 능력, 또는 둘 다를 획득합니다. 특정 <color=white>우주 경쟁</color> 칸에 먼저 도달한 플레이어는 왼쪽 숫자의 <color=white>승점</color>을 받고, 두 번째 플레이어는 오른쪽 숫자의 <color=white>승점</color>을 받습니다. 특수 능력은 특정 우주 경쟁 칸에 먼저 도달한 플레이어에게 부여됩니다. 두 번째 플레이어가 해당 칸에 도달하면 특수 효과는 즉시 취소됩니다.\n
The Cambridge Five (Kim Philby, Guy Burgess, Anthony Blunt, John Cairncross, and Donald Maclean) were British civil servants who, unbeknownst to the British government, had become Communists while at university, and recruited as Soviet agents shortly thereafter. The spy ring was one of the most effective Soviet intelligence efforts of the Cold War, as all five rose to positions of great responsibility and trust in the civil service. Maclean, in particular, was privy to a large number of nuclear secrets; the information regarding the size and readiness of the Western nuclear arsenal played a key role in Stalin's decisions to blockade Berlin and to arm the North Koreans for their invasion of South Korea. The spy ring fell apart when the U.S. VENONA project exposed Maclean; he and Burgess defected in 1951. Philby was able to elude exposure until 1963, passing secrets all the while; he too managed to defect. Blunt was unmasked around the same time, but secretly gave a confession, exposing other agents (including Cairncross).	케임브리지 파이브(킴 필비, 가이 버지스, 앤서니 블런트, 존 케언크로스, 도널드 매클린)는 영국 공무원들로, 영국 정부가 알지 못한 채 대학 재학 중 공산주의자가 되어 이후 소련 요원으로 포섭되었습니다. 다섯 명 모두 공직에서 막중한 책임과 신뢰를 지닌 자리에 올랐기 때문에, 이 스파이 조직은 냉전 시기 가장 효과적인 소련 정보 활동 중 하나였습니다. 특히 매클린은 수많은 핵 기밀에 접근할 수 있었으며, 서방 핵 전력의 규모와 태세에 관한 정보는 스탈린의 베를린 봉쇄 결정과 북한의 한국 침공을 위한 무장 지원 결정에 핵심적인 역할을 했습니다. 미국의 베노나 프로젝트가 매클린을 폭로하면서 스파이 조직은 와해되었고, 매클린과 버지스는 1951년 망명했습니다. 필비는 1963년까지 발각을 피하며 계속 기밀을 넘겼고, 결국 그도 망명에 성공했습니다. 블런트도 비슷한 시기에 정체가 드러났지만 비밀리에 자백하여 다른 요원들(케언크로스 포함)을 폭로했습니다.
The DEFCON status measures nuclear tension in the game. It can go down or up due to events and actions by the players, but if at any point it decreases to 1, the game ends immediately. The player responsible for the status marker moving to DEFCON 1 loses the game. Any <color=white>Coup</color> attempt in a <color=white>Battleground</color> country degrades the DEFCON status one level. The consequences of the DEFCON status level will affect a player's ability to perform <color=white>Coup</color> or <color=white>Realignment</color> rolls in specific regions. At the beginning of any turn in which the DEFCON status is lower than 5, the DEFCON status will improve by 1.\n	데프콘 수치는 게임에서 핵 긴장 상태를 측정합니다. 이벤트와 플레이어들의 행동으로 인해 올라가거나 내려갈 수 있지만, 어느 시점에서든 1로 낮아지면 게임은 즉시 종료됩니다. 상태 마커를 데프콘 1로 이동시킨 플레이어가 게임에서 패배합니다. <color=white>격전지</color> 국가에서의 모든 <color=white>쿠데타</color> 시도는 데프콘 수준을 한 단계 낮춥니다. 데프콘 수준의 결과는 특정 지역에서 <color=white>쿠데타</color> 또는 <color=white>재편성</color> 굴림을 수행하는 플레이어의 능력에 영향을 미칩니다. 데프콘 수치가 5 미만인 상태로 시작하는 턴의 시작 시, 데프콘 수치는 1 향상됩니다.\n
The U.S. enjoyed a nuclear monopoly during the first days of the Cold War. It came to an end much sooner than the Americans had hoped. With the help of espionage, unyielding scientific effort, and brutal political pressure, the Soviet Union conducted a 22 kiloton nuclear test in Kazakhstan. In doing so, it altered the strategic balance of the Cold War. Until the test, the United States was able to rely on nuclear weapons to counter the Soviet Union's domination of conventional forces in Europe. After the test, the asymmetric nature of the conflict would change, and both nations would engage in an all-out contest with both strategic and conventional weapons systems.	냉전 초기에 미국은 핵 독점을 누렸습니다. 그러나 미국인들이 바랐던 것보다 훨씬 일찍 그 독점은 끝났습니다. 스파이 활동, 끈질긴 과학적 노력, 그리고 가혹한 정치적 압박의 도움으로 소련은 카자흐스탄에서 22킬로톤 핵실험을 실시했습니다. 이를 통해 소련은 냉전의 전략적 균형을 바꾸었습니다. 핵실험 이전까지 미국은 유럽에서 소련의 재래식 전력 우위를 상쇄하기 위해 핵무기에 의존할 수 있었습니다. 핵실험 이후 분쟁의 비대칭적 성격이 바뀌었고, 양국은 전략 무기와 재래식 무기 체계 모두에서 전면적인 경쟁을 벌이게 되었습니다.
The map is divided into six Regions: Europe, Asia, Central America, South America, Africa, and the Middle East. Europe is divided into two sub-regions, Eastern and Western Europe. Asia also contains a sub-region, Southeast Asia. The country spaces that comprise a region share a map color, and sub-regions have shades of the same color.\r<br><br>Any event, rule, action, or card that refers to "Europe" or "Asia" includes the associated sub-region. Each space on the map represents a country or bloc of countries, and each country has a <color=white>Stability Number </color>representing that country's overall stability, independence and power. <color=white>Battleground</color> countries operate the same way as normal countries, but have special rules for scoring and coup attempts. Their country name is highlighted in red for easy recognition.\r	지도는 유럽, 아시아, 중앙아메리카, 남아메리카, 아프리카, 중동의 6개 지역으로 나뉩니다. 유럽은 동유럽과 서유럽의 두 하위 지역으로 나뉩니다. 아시아에도 동남아시아라는 하위 지역이 있습니다. 한 지역을 구성하는 국가 칸들은 동일한 지도 색상을 공유하며, 하위 지역은 같은 색상의 음영으로 표시됩니다.\r<br><br>"유럽" 또는 "아시아"를 언급하는 모든 이벤트, 규칙, 행동 또는 카드에는 관련 하위 지역이 포함됩니다. 지도의 각 칸은 하나의 국가 또는 국가 집단을 나타내며, 각 국가에는 해당 국가의 전반적인 안정성, 독립성 및 국력을 나타내는 <color=white>안정 수치</color>가 있습니다. <color=white>격전지</color> 국가는 일반 국가와 동일한 방식으로 작동하지만, 점수 계산과 쿠데타 시도에 특별 규칙이 적용됩니다. 격전지 국가의 이름은 쉽게 알아볼 수 있도록 빨간색으로 강조 표시됩니다.\r
The map is divided into six Regions: Europe, Asia, Central America, South America, Africa, and the Middle East. Europe is divided into two sub-regions, Eastern and Western Europe. Asia also contains a sub-region, Southeast Asia. The country spaces that comprise a region share a map color, and sub-regions have shades of the same color.\r<br><br>Any event, rule, action, or card that refers to "Europe" or "Asia" includes the associated sub-region. Each space on the map represents a country or bloc of countries, and each country has a <color=white>Stability Number </color>representing that country's overall stability, independence and power. <color=white>Battleground</color> countries operate the same way as normal countries, but have special rules for scoring and coup attempts. Their country name is highlighted in red for easy recognition.\r\n	지도는 유럽, 아시아, 중앙아메리카, 남아메리카, 아프리카, 중동의 6개 지역으로 나뉩니다. 유럽은 동유럽과 서유럽의 두 하위 지역으로 나뉩니다. 아시아에도 동남아시아라는 하위 지역이 있습니다. 한 지역을 구성하는 국가 칸들은 동일한 지도 색상을 공유하며, 하위 지역은 같은 색상의 음영으로 표시됩니다.\r<br><br>"유럽" 또는 "아시아"를 언급하는 모든 이벤트, 규칙, 행동 또는 카드에는 관련 하위 지역이 포함됩니다. 지도의 각 칸은 하나의 국가 또는 국가 집단을 나타내며, 각 국가에는 해당 국가의 전반적인 안정성, 독립성 및 국력을 나타내는 <color=white>안정 수치</color>가 있습니다. <color=white>격전지</color> 국가는 일반 국가와 동일한 방식으로 작동하지만, 점수 계산과 쿠데타 시도에 특별 규칙이 적용됩니다. 격전지 국가의 이름은 쉽게 알아볼 수 있도록 빨간색으로 강조 표시됩니다.\r\n
The object of the game is to score <color=white>Victory Points</color> through geographic influence over the six Regions. Each Region has its own "Scoring Card". Playing a Scoring Card causes <color=white>Victory Points</color> to be scored on how much influence each superpower has in that region at the time the card is played. The <color=white>Victory Points</color> are totaled for both players, and the net difference is marked on the <color=white>Victory Point Track</color>. A player may not hold a Scoring Card in their hand at the end of theirturn, as doing so results in automatically losing the game. A player may not be forced to hold a <color=white>Scoring Card</color> through the effects of a game event.<br><br>Scoring Card have the following scoring criteria:<br><br><color=white>> Presence:</color> A superpower has <color=white>Presence</color> in a Region if it Controls at least one (1) country in that Region.<br><br><color=white>> Domination:</color> A superpower has <color=white>Domination</color> in a Region if it <color=white>Controls</color> more countries than an opponent and it <color=white>Controls</color> more <color=white>Battleground</color> countries in that Region. A superpower must <color=white>Control</color> at least one (1) <color=white>non-Battleground</color> and one (1) <color=white>Battleground</color> country in that Region to achieve domination.<br><br><color=white>> Control:</color> A superpower has <color=white>Control</color> of a Region if it <color=white>Controls</color> more countries in that Region than its opponent, and <color=white>Controls</color> all of the <color=white>Battleground</color> countries in that Region.<br><br><color=white>> Additional Scoring:</color> A +1 VP is granted per country that is under Control and adjacent to the enemy superpower.<br><br><color=white>> Additional Scoring:</color> A +1 VP is granted per <color=white>Battleground</color> Country that is under a player's <color=white>Control</color> in the scoring region.\n	게임의 목표는 6개 지역에 대한 지리적 영향력을 통해 <color=white>승점</color>을 획득하는 것입니다. 각 지역에는 고유한 "점수 카드"가 있습니다. 점수 카드를 사용하면 카드가 사용된 시점에 각 초강대국이 해당 지역에 얼마나 많은 영향력을 가지고 있는지에 따라 <color=white>승점</color>이 계산됩니다. <color=white>승점</color>은 두 플레이어 모두 합산되며, 순 차이가 <color=white>승점 트랙</color>에 표시됩니다. 플레이어는 턴 종료 시 점수 카드를 손에 보유할 수 없으며, 이를 어길 경우 자동으로 게임에서 패배합니다. 플레이어는 게임 이벤트의 효과로 인해 <color=white>점수 카드</color>를 강제로 보유하게 되는 일이 없습니다.<br><br>점수 카드의 점수 기준은 다음과 같습니다:<br><br><color=white>> 진출:</color> 초강대국이 해당 지역에서 최소 1개 국가를 지배하면 그 지역에 <color=white>진출</color>한 것입니다.<br><br><color=white>> 지배:</color> 초강대국이 상대방보다 더 많은 국가를 지배하고 해당 지역에서 더 많은 <color=white>격전지</color> 국가를 지배하면 그 지역을 <color=white>지배</color>한 것입니다. 지배를 달성하려면 초강대국은 해당 지역에서 최소 1개의 <color=white>비격전지</color> 국가와 1개의 <color=white>격전지</color> 국가를 지배해야 합니다.<br><br><color=white>> 장악:</color> 초강대국이 해당 지역에서 상대방보다 더 많은 국가를 지배하고 해당 지역의 모든 <color=white>격전지</color> 국가를 지배하면 그 지역을 <color=white>장악</color>한 것입니다.<br><br><color=white>> 추가 점수:</color> 적 초강대국과 인접하여 지배하는 국가 1개당 +1 VP가 부여됩니다.<br><br><color=white>> 추가 점수:</color> 점수 계산 지역에서 플레이어가 <color=white>지배</color>하는 <color=white>격전지</color> 국가 1개당 +1 VP가 부여됩니다.\n
Twilight Struggle has ten turns, and each turn will involve six or seven card plays by each player. At the beginning of the game, each player receives eight cards from the <color=white>Early War</color> deck. At the beginning of Turn 4, the <color=white>Mid War</color> deck is shuffled into the draw pile and the player's hand size is increased to nine. At the beginning of Turn 8, the <color=white>Late War</color> deck is shuffled into the draw pile. When there are no cards remaining in the draw deck, the game reshuffles all discarded cards to form a new draw deck. The game will deal all cards remaining in the draw deck before reshuffling, except in Turns 4 and 8.\r	Twilight Struggle는 10턴으로 구성되며, 각 턴마다 각 플레이어가 6~7번의 카드 플레이를 진행합니다. 게임 시작 시, 각 플레이어는 <color=white>초전</color> 덱에서 카드 8장을 받습니다. 4턴 시작 시, <color=white>중전</color> 덱이 드로우 파일에 섞이고 플레이어의 패 크기가 9장으로 늘어납니다. 8턴 시작 시, <color=white>후전</color> 덱이 드로우 파일에 섞입니다. 드로우 덱에 남은 카드가 없으면, 게임은 버린 카드를 모두 다시 섞어 새 드로우 덱을 만듭니다. 게임은 4턴과 8턴을 제외하고, 다시 섞기 전에 드로우 덱에 남은 모든 카드를 배분합니다.\r
Twilight Struggle has ten turns, and each turn will involve six or seven card plays by each player. At the beginning of the game, each player receives eight cards from the <color=white>Early War</color> deck. At the beginning of Turn 4, the <color=white>Mid War</color> deck is shuffled into the draw pile and the player's hand size is increased to nine. At the beginning of Turn 8, the <color=white>Late War</color> deck is shuffled into the draw pile. When there are no cards remaining in the draw deck, the game reshuffles all discarded cards to form a new draw deck. The game will deal all cards remaining in the draw deck before reshuffling, except in Turns 4 and 8.\r\n	Twilight Struggle는 10턴으로 구성되며, 각 턴마다 각 플레이어가 6~7번의 카드 플레이를 진행합니다. 게임 시작 시, 각 플레이어는 <color=white>초전</color> 덱에서 카드 8장을 받습니다. 4턴 시작 시, <color=white>중전</color> 덱이 드로우 파일에 섞이고 플레이어의 패 크기가 9장으로 늘어납니다. 8턴 시작 시, <color=white>후전</color> 덱이 드로우 파일에 섞입니다. 드로우 덱에 남은 카드가 없으면, 게임은 버린 카드를 모두 다시 섞어 새 드로우 덱을 만듭니다. 게임은 4턴과 8턴을 제외하고, 다시 섞기 전에 드로우 덱에 남은 모든 카드를 배분합니다.\r\n
•<indent=1em>DEFCON 5: No effect</indent><br>•<indent=1em>DEFCON 4: No Coup or Realignment rolls are permitted in Europe.</indent><br>•<indent=1em>DEFCON 3: No Coup or Realignment rolls are permitted in Europe or Asia.</indent><br>•<indent=1em>DEFCON 2: No Coup or Realignment rolls are permitted in Europe, Asia, or the Middle East.</indent><br>•<indent=1em>DEFCON 1: Game over. The player responsible for the status going to 1 (the Phasing Player) loses the game.\r	•<indent=1em>데프콘 5: 효과 없음</indent><br>•<indent=1em>데프콘 4: 유럽에서 쿠데타 또는 재편성 굴림 불가.</indent><br>•<indent=1em>데프콘 3: 유럽 또는 아시아에서 쿠데타 또는 재편성 굴림 불가.</indent><br>•<indent=1em>데프콘 2: 유럽, 아시아 또는 중동에서 쿠데타 또는 재편성 굴림 불가.</indent><br>•<indent=1em>데프콘 1: 게임 종료. 수치를 1로 만든 플레이어(진행 중인 플레이어)가 게임에서 패배합니다.\r
•<indent=1em>Ordinarily, a player will have a card left over after the completion of all Action Rounds. This card is considered 'held', and may be played in subsequent rounds. Scoring cards may never be held.</indent><br><br>•<indent=1em>If a player has insufficient cards to take the requisite number of actions for the turn, that player must sit out of the remaining Action Rounds while the opposing player completes the turn.\r	•<indent=1em>통상적으로, 모든 행동 라운드가 완료된 후 플레이어에게 카드 한 장이 남습니다. 이 카드는 '보유'된 것으로 간주되며, 이후 라운드에서 사용할 수 있습니다. 점수 카드는 절대 보유할 수 없습니다.</indent><br><br>•<indent=1em>플레이어가 해당 턴의 필요한 행동 수를 취하기에 카드가 부족한 경우, 해당 플레이어는 상대방이 턴을 완료하는 동안 나머지 행동 라운드에서 빠져야 합니다.\r
•<indent=1em>Scoring cards may be played during the Headline Phase. However, they are considered to have a Headline Value of zero (0) and always take effect second. If both players elect a scoring card as their Headline Cards, the US player's scoring card takes effect first.</indent><br><br>•<indent=1em>Players must create a Headline event, regardless of whether the event helps them or their opponent.\r<br><br>	•<indent=1em>점수 카드는 헤드라인 단계에 사용할 수 있습니다. 그러나 헤드라인 수치가 0으로 간주되어 항상 두 번째로 효력을 발휘합니다. 두 플레이어 모두 점수 카드를 헤드라인 카드로 선택한 경우, 미국 플레이어의 점수 카드가 먼저 효력을 발휘합니다.</indent><br><br>•<indent=1em>플레이어들은 이벤트가 자신에게 유리하든 상대방에게 유리하든 관계없이 반드시 헤드라인 이벤트를 만들어야 합니다.\r<br><br>
1:   Soviets invade Manchuria and Korea in early 1945. Apply the 2-3 result. Then, move the US/Japan Mutual Defense Pact card to the Mid War deck and add 1 USSR Influence in each of Japan and South Korea during setup.\n2/3: “Committees” penetrate southern Korea. Soviets receive 1 Influence in South Korea during setup.\n4/5: Soviets declare was on Japan in August 1945. No effect.\n6:   Japan surrenders after Hiroshima bomb; Stalin reins in surrogates.	1:   소련이 1945년 초 만주와 한반도를 침공한다. 2-3 결과를 적용한다. 그런 다음 "미일 상호방위조약" 카드를 중기 전쟁 덱으로 옮기고, 준비 단계에서 일본과 남한에 소련 영향력 1씩을 추가한다.\n2/3: "위원회"가 한반도 남부에 침투한다. 준비 단계에서 소련은 남한에 영향력 1을 받는다.\n4/5: 소련이 1945년 8월 일본에 선전포고한다. 효과 없음.\n6:   히로시마 원폭 투하 이후 일본이 항복하고, 스탈린은 대리 세력을 억제한다.
Add 4 Influence in Europe (no more than 2 per country). If USSR is ahead of US in VP, then 6 Influence may be added instead.<br>USSR may no longer conduct Coup attempts in Europe.<br><font=“TIMESI SDF”>Improves effect of “Glasnost” event.</font>	유럽에 영향력 4를 추가한다(한 국가당 최대 2). 소련이 승점에서 미국보다 앞서 있다면 대신 영향력 6을 추가할 수 있다.<br>소련은 더 이상 유럽에서 쿠데타를 시도할 수 없다.<br><font=""TIMESI SDF"">"글라스노스트" 이벤트의 효과를 강화한다.</font>
Add 4 Influence in Europe (no more than 2 per country). If USSR is ahead of US in VP, then 6 Influence may be added instead.<br>USSR may no longer conduct Coup attempts in Europe.<br><i>Improves effect of “Glasnost” event.</i>	유럽에 영향력 4를 추가한다(한 국가당 최대 2). 소련이 승점에서 미국보다 앞서 있다면 대신 영향력 6을 추가할 수 있다.<br>소련은 더 이상 유럽에서 쿠데타를 시도할 수 없다.<br><font=""TIMESI SDF"">"글라스노스트" 이벤트의 효과를 강화한다.</font>
Everyone imposes his own system as far as his army can reach.“ - Joeseph Stalin	"각자는 자기 군대가 도달하는 곳까지 자신의 체제를 강요한다." - 조지프 스탈린
Everyone imposes his own system as far as his army can reach.“ -Joeseph Stalin	"각자는 자기 군대가 도달하는 곳까지 자신의 체제를 강요한다." - 조지프 스탈린
From Stettin in the Baltic to Trieste in the Adriatic, an iron curtain has descended across the continent.“ - Winston Churchill	"발트해의 슈테틴에서 아드리아해의 트리에스테까지, 대륙 전체를 가로질러 철의 장막이 드리워졌다." - 윈스턴 처칠
If the US controls Canada, the US<br>may add 1 Influence to any country<br>already containing US Influence at<br>the conclusion of any Action Round in which the DEFCON MARKER moves<br>to the '2' box. This event is canceled<br>by #42 <font=“TIMESI SDF”>Quagmire.</font>	미국이 캐나다를 지배하고 있다면, 데프콘 마커가 '2' 칸으로 이동한 행동 라운드 종료 시 미국 영향력이 이미 있는 모든 국가에 영향력 1을 추가할 수 있다. 이 이벤트는 #42 <font="TIMESI SDF">수렁</font>에 의해 취소된다.
Remove all US Influence in Iran.<br>Add 2 USSR Influence in Iran. <br><br>Doubles effect of <i>“Terrorism”</i><br>card against US.	이란의 미국 영향력을 모두 제거한다.<br>이란에 소련 영향력 2를 추가한다.<br><br>미국을 상대로 하는 <i>\\"테러리즘\\"</i><br>카드 효과를 두 배로 만든다.
Remove all US Influence in two of the following countries: Sudan, Iran, Iraq, Egypt, Libya, Saudi Arabia, Syria, Jordan.<br><br><i>This event is unplayable after play of the optional card “AWACS Sales to Saudis”.</i>	다음 국가 중 두 곳에서 미국 영향력을 모두 제거한다: 수단, 이란, 이라크, 이집트, 리비아, 사우디아라비아, 시리아, 요르단.<br><br><i>이 이벤트는 선택 카드 "AWACS 사우디 판매" 플레이 후 사용할 수 없다.</i>
Remove all US Influence in two of the following countries:<br><br>Sudan, Iran, Iraq, Egypt, Libya, Saudi Arabia, Syria, Jordan.<br><br><i>This event is unplayable after play of the optional card “AWACS Sales to Saudis”.</i>	다음 국가 중 두 곳에서 미국 영향력을 모두 제거한다: 수단, 이란, 이라크, 이집트, 리비아, 사우디아라비아, 시리아, 요르단.<br><br><i>이 이벤트는 선택 카드 "AWACS 사우디 판매" 플레이 후 사용할 수 없다.</i>
Strange Game. The only winning move is not to play. - “Joshua”	이상한 게임이군. 이기는 유일한 수는 플레이하지 않는 거야. - "조슈아"
Strange Game. The only winning move is not to play.“ - ”Joshua“	"이상한 게임이군. 이기는 유일한 수는 플레이하지 않는 거야." - "조슈아"
The object of the game is to score <color=white>Victory Points</color> through geographic influence over the six Regions. Each Region has its own “Scoring Card”. Playing a Scoring Card causes <color=white>Victory Points</color> to be scored on how much influence each superpower has in that region at the time the card is played. The <color=white>Victory Points</color> are totaled for both players, and the net difference is marked on the <color=white>Victory Point Track</color>. A player may not hold a Scoring Card in their hand at the end of theirturn, as doing so results in automatically losing the game. A player may not be forced to hold a <color=white>Scoring Card</color> through the effects of a game event.<br><br>Scoring Card have the following scoring criteria:<br><br><color=white>> Presence:</color> A superpower has <color=white>Presence</color> in a Region if it Controls at least one (1) country in that Region.<br><br><color=white>> Domination:</color> A superpower has <color=white>Domination</color> in a Region if it <color=white>Controls</color> more countries than an opponent and it <color=white>Controls</color> more <color=white>Battleground</color> countries in that Region. A superpower must <color=white>Control</color> at least one (1) <color=white>non-Battleground</color> and one (1) <color=white>Battleground</color> country in that Region to achieve domination.<br><br><color=white>> Control:</color> A superpower has <color=white>Control</color> of a Region if it <color=white>Controls</color> more countries in that Region than its opponent, and <color=white>Controls</color> all of the <color=white>Battleground</color> countries in that Region.<br><br><color=white>> Additional Scoring:</color> A +1 VP is granted per country that is under Control and adjacent to the enemy superpower.<br><br><color=white>> Additional Scoring:</color> A +1 VP is granted per <color=white>Battleground</color> Country that is under a player's <color=white>Control</color> in the scoring region.	게임의 목적은 여섯 지역에 대한 지정학적 영향력을 통해 <color=white>승점</color>을 얻는 것이다. 각 지역에는 고유한 "점수 카드"가 있다. 점수 카드를 플레이하면 그 시점에 각 초강대국이 그 지역에 얼마나 영향력을 가지고 있는지에 따라 <color=white>승점</color>을 계산한다. 양 플레이어의 <color=white>승점</color>을 합산하고, 순차이를 <color=white>승점 트랙</color>에 표시한다. 플레이어는 턴 종료 시 손에 점수 카드를 들고 있어서는 안 되며, 그렇게 하면 자동 패배한다. 게임 이벤트 효과로 인해 <color=white>점수 카드</color>를 강제로 보유하게 될 수도 없다.<br><br>점수 카드는 다음 기준으로 점수 계산한다:<br><br><color=white>> 진출:</color> 초강대국이 해당 지역의 국가를 하나 이상 지배하면 그 지역에 <color=white>진출</color>한 것이다.<br><br><color=white>> 지배:</color> 초강대국이 상대보다 더 많은 국가를 <color=white>지배</color>하고, 그 지역에서 상대보다 더 많은 <color=white>격전지</color>을 <color=white>지배</color>하면 그 지역을 <color=white>지배</color>한 것이다. 지배를 달성하려면 그 지역에서 최소 하나의 <color=white>비격전지</color>과 하나의 <color=white>격전지</color>을 지배해야 한다.<br><br><color=white>> 장악:</color> 초강대국이 상대보다 더 많은 국가를 <color=white>지배</color>하고, 그 지역의 모든 <color=white>격전지</color>을 지배하면 그 지역을 <color=white>장악</color>한 것이다.<br><br><color=white>> 추가 점수:</color> 적 초강대국에 인접한 지배 국가마다 +1 승점을 얻는다.<br><br><color=white>> 추가 점수:</color> 점수 계산 지역에서 플레이어가 <color=white>지배</color>하는 <color=white>격전지</color>마다 +1 승점을 얻는다.
USSR gains 1 VP for each of the following countries they control:<br><br>Egypt, Iran, Libya, Saudi Arabia, Iraq, Gulf States, and Venezuela.<br><br><font=“TIMESI SDF>Unplayable as an event if 'North Sea Oil' is in effect.	소련은 다음 국가 중 자신이 지배하는 국가마다 1 승점을 얻는다:<br><br>이집트, 이란, 리비아, 사우디아라비아, 이라크, 걸프 산유국, 베네수엘라.<br><br><font="TIMESI SDF">'북해 석유'가 발동 중이면 이벤트로 플레이할 수 없다.
USSR gains 1 VP.<br><br>If <font=“TIMESI SDF>UN Intervention</font> played later this turn as an Event, either by US or USSR, gain an additional 1 VP.	소련이 1 승점을 얻는다.<br><br>이 턴 후반에 미국 또는 소련이 <font="TIMESI SDF">UN Intervention</font>을 이벤트로 플레이하면 추가로 1 승점을 얻는다.
USSR gains 2 VP for every subsequently US played “war card” (played as an event or Operations) unless played on the space race. War Cards: <i>Arab-Israeli War, Korean War, Brush War, Indo-Pakistani War or Iran-Iraq War.<br><br>This event canceled by 'An Evil Empire'.	이후 미국이 플레이하는 모든 \\"전쟁 카드\\"마다 소련은 2 승점을 얻는다(우주 경쟁에 사용한 경우 제외). 전쟁 카드: <i>아랍-이스라엘 전쟁, 한국 전쟁, 소규모 전쟁, 인도-파키스탄 전쟁, 이란-이라크 전쟁</i>.<br><br>이 이벤트는 '악의 제국'에 의해 취소된다.
USSR gains 2 VP for every subsequently US played “war card” (played as an event or Operations) unless played on the space race.<br><br>War Cards: <i>Arab-Israeli War, Korean War, Brush War, Indo-Pakistani War or Iran-Iraq War.<br><br>This event canceled by 'An Evil Empire'.	이후 미국이 플레이하는 모든 \\"전쟁 카드\\"마다 소련은 2 승점을 얻는다(우주 경쟁에 사용한 경우 제외). 전쟁 카드: <i>아랍-이스라엘 전쟁, 한국 전쟁, 소규모 전쟁, 인도-파키스탄 전쟁, 이란-이라크 전쟁</i>.<br><br>이 이벤트는 '악의 제국'에 의해 취소된다.
USSR gains 2 VP.<br>Improve DEFCON one level.<br>If <font=“TIMESI SDF”>The Reformer</font> is in effect, then the USSR may place Influence or attempt Realignments as if they played a 4 Ops card.	소련이 2 승점을 얻는다.<br>데프콘을 1단계 올린다.<br><font=\\"TIMESI SDF\\">개혁가</font>가 발동 중이라면 소련은 작전치 4 카드처럼 영향력 배치 또는 재편성을 수행할 수 있다.
“Everyone imposes his own system as far as his army can reach.” - Joeseph Stalin	"누구나 자신의 군대가 닿는 곳까지 자신의 체제를 강요한다." - 이오시프 스탈린
“From Stettin in the Baltic to Trieste in the Adriatic, an iron curtain has descended across the continent.” - Winston Churchill	"발트 해의 슈체친에서 아드리아 해의 트리에스테까지, 대륙을 가로질러 철의 장막이 내려앉았다." - 윈스턴 처칠
Drag card here for chance<br>at gaining rank on the<br>“Space Race” track.	카드를 여기로 드래그하여<br>"우주 경쟁" 트랙에서<br>순위를 올리세요.
“An Evil Empire”*	"악의 제국"*
“Ask Not What Your Country Can Do For You...”*	"국가가 당신을 위해 무엇을 할 수 있는지 묻지 마십시오..."*
“Don't Wait For The Translation”*	"번역을 기다리지 마라"*
“Don't Wait for the Translation”*	"번역을 기다리지 마라"*
“We Will Bury You”*	"우리가 당신들을 묻어버리겠다"*
“AN EVIL EMPIRE”	"악의 제국"
“One Small Step...”	"작은 한 걸음..."
“TEAR DOWN THIS WALL”	"이 장벽을 허물어라"
Cancels/Prevents <font=“TIMESI SDF”>Flower Power.</font>\nUS gains 1 VP.	<font="TIMESI SDF">플라워 파워</font>를 취소/방지합니다.\n미국이 1 승점을 획득합니다.
“Lone Gunman”*	"고독한 총잡이"*
“Ask Not What Your Country Can Do For You...”	"국가가 당신을 위해 무엇을 할 수 있는지 묻지 마십시오..."
“Ask not what your country<br>can do for you...”*	"국가가 당신을 위해 무엇을 할 수 있는지 묻지 마십시오..."*
“Strange Game. The only winning move is not to play.” - “Joshua”	"기묘한 게임이군. 이길 수 있는 유일한 방법은 플레이하지 않는 것이다." - "조슈아"
(1945 – 1989) Preceeding the start of the Cold War, citizens of the Eastern bloc, fled or defected to the West. Defectors came in two primary archetypes. Spies and Double agents who had been discovered or needed to “come in from the cold” would frequently flee to their masters and elude capture. Examples of this type of defector include KGB Deputy Chief Yuri Nosenko and KGB London Bureau Chief Oleg Gordievsky. Perhaps more embarassingly, and certainly more publicly, many talentend Soviet artists defected while on tour in the United States or Europe. While the West also suffered occasional defections, particularly from westerners involved in espionage, it never reached the same proportion or the same level of public spectacle.	(1945 – 1989) 냉전이 시작되기 전부터 동구권 시민들은 서방으로 탈출하거나 망명했습니다. 망명자들은 크게 두 가지 유형으로 나뉩니다. 신분이 발각되었거나 "냉혹한 현실에서 벗어나야" 했던 스파이와 이중 첩자들은 자신의 공작 주체에게 도망쳐 체포를 피하곤 했습니다. 이런 유형의 망명자로는 KGB 부국장 유리 노센코와 KGB 런던 지부장 올레크 고르디옙스키가 있습니다. 더욱 당혹스럽고 분명히 더 세간의 이목을 끈 사례로는, 재능 있는 소련 예술가들이 미국이나 유럽 순회공연 중에 망명한 경우가 많았습니다. 서방도 간간이 망명자가 발생했지만, 특히 첩보 활동에 관여한 서방인들에 한정되었으며, 동구권과 같은 규모나 수준의 공개적 파장에는 이르지 못했습니다.
(1945-1973) Code named “Project Paperclip” in the United States, the victors of World War II scrambled to “recruit” former Nazi scientists into their own research establishments. In the West, such efforts involved shielding scientist from war crime investigations. Perhaps the most famous case is Wernher von Braun who is thought of as the father of America’s rocketry program. Stalin was reportedly confounded by Soviets failure to grab this knowledge base first.	(1945-1973) 미국에서 "페이퍼클립 작전"이라는 암호명으로 불린 이 계획에서, 제2차 세계대전의 승전국들은 앞다투어 나치 과학자들을 자국 연구기관에 "영입"하려 했습니다. 서방에서는 이를 위해 해당 과학자들을 전쟁범죄 수사로부터 보호하기도 했습니다. 가장 유명한 사례는 미국 로켓 프로그램의 아버지로 불리는 베르너 폰 브라운입니다. 스탈린은 소련이 이 귀중한 지식 기반을 먼저 확보하지 못한 것에 크게 당혹스러워했다고 전해집니다.
(1945-1989) Sparked by fears that the “enemy is among us,” the “red scare” hits its apex with Senator Joseph McCarthy, and the hearings on “Un-American activities” in the House of Representatives during the 1950s. Soviets purges were a notorious aspect of power transition within the Kremlin. However, Stalin was the true master, 12 million people were imprisoned in his camps at the time of his death in 1953.	(1945-1989) "적이 우리 안에 있다"는 공포에서 비롯된 "적색 공포"는 1950년대 조지프 매카시 상원의원과 하원의 "반미 활동" 청문회에서 절정에 달했습니다. 소련의 숙청은 크렘린 내 권력 이양 과정에서 악명 높은 관행이었습니다. 그러나 진정한 달인은 스탈린이었으니, 1953년 그가 사망할 당시 그의 수용소에는 1,200만 명이 수감되어 있었습니다.
(1947-?) The United Nations remained generally unable to influence the struggle between the superpowers due to Security Council veto power throughout the Cold War. However, it occasionally stood as a gauge for world opinion, and could mediate in stalled conflicts throughout the Third World. It was also the backdrop for a number of quintessential moments of the conflict, including the Soviet Korean War walkout, the “We Will Bury You” speech, and of course, the Cuban Missile Crisis – don’t wait for the translation Mr. Zorin!	(1947-?) 유엔은 냉전 내내 안전보장이사회의 거부권으로 인해 강대국 간의 대립에 영향력을 행사하지 못했습니다. 그러나 간간이 세계 여론의 척도 역할을 하거나 제3세계의 교착된 분쟁을 중재하기도 했습니다. 또한 소련의 한국전쟁 퇴장, "우리는 당신들을 매장할 것이다" 연설, 그리고 물론 쿠바 미사일 위기 등 냉전의 정수와 같은 순간들의 배경이 되기도 했습니다 – 조린 씨, 번역을 기다리지 마십시오!
(1948-49) The Soviets attempted to increase pressure on the Western allies to dissuade them from creating an independent “West” German government in their zones. The primary pressure point was a blockade of West Berlin. In response, the UK and US launched the Berlin Airlift, which at its peak during the “Easter Parade,” had a cargo plane landing in Berlin every minute.	(1948-49) 소련은 서방 연합국이 자신들의 점령 구역에 독립적인 서독 정부를 수립하는 것을 막기 위해 압박을 강화하려 했습니다. 주된 압박 수단은 서베를린 봉쇄였습니다. 이에 대응하여 영국과 미국은 베를린 공수 작전을 펼쳤으며, "부활절 퍼레이드" 기간 절정에 달했을 때는 1분마다 화물기가 베를린에 착륙했습니다.
(1950) The US Congress passed into law the Federal Civil Defense Act, in reaction to the first Soviet tests of nuclear weapons in 1949, Duck and Cover is perhaps the most memorable of the variety of civil defense efforts to raise awareness of nuclear attack. Ironically, such films may have assisted in increasing the possibility of nuclear war by making the possibility of such a conflict “thinkable” by the general public.	(1950) 미국 의회는 1949년 소련의 첫 핵무기 실험에 대응하여 연방 민방위법을 제정했습니다. "엎드려 숨어라(Duck and Cover)"는 핵 공격 인식을 높이기 위한 다양한 민방위 노력 중 가장 기억에 남는 것일 것입니다. 아이러니하게도, 이러한 영상들은 핵전쟁의 가능성을 일반 대중이 "상상 가능한" 것으로 만들어 오히려 핵전쟁의 가능성을 높이는 데 일조했을 수도 있습니다.
(1955) Reacting to the “loss of China” the United States Congress extended to President Eisenhower open ended authority to defend Taiwan—technically known as the Republic of China on Taiwan—with military force. The resolution came at a time when the United States faced challenges from the People’s Republic in Indochina as well as the Korean peninsula. Effectively, Taiwan sat under the US nuclear umbrella, and the balance of power within the Taiwan Straits would now remain a question of strategic importance to the United States.	(1955) "중국의 상실"에 대응하여, 미국 의회는 아이젠하워 대통령에게 공식적으로 중화민국으로 알려진 대만을 군사력으로 방어할 수 있는 포괄적 권한을 부여했습니다. 이 결의안은 미국이 인도차이나와 한반도에서 중화인민공화국의 도전에 직면하고 있던 시기에 나왔습니다. 사실상 대만은 미국의 핵우산 아래 놓이게 되었으며, 대만해협 내 세력 균형은 이제 미국에 전략적으로 중요한 문제로 남게 되었습니다.
(1956) During the 20th Party Congress, Nikita Khrushchev openly attacked Stalin’s leadership of the Soviet Union. It was seen both inside and outside the Soviet Union as the beginning of a new era. This proved to be a particularly bloody assumption for Nagy’s Hungary. Khrushchev had no intention of “liberalizing” Soviet domination of Eastern Europe, even if he was trying to bring an end to the cult personality that have characterized internal Soviet government.	(1956) 제20차 당 대회에서 니키타 흐루쇼프는 소련에 대한 스탈린의 지도력을 공개적으로 비판했습니다. 이는 소련 안팎에서 새로운 시대의 시작으로 받아들여졌습니다. 이 가정은 너지의 헝가리에 특히 피비린내 나는 결과를 낳았습니다. 흐루쇼프는 소련 내부 정치를 특징지었던 개인숭배에 종지부를 찍으려 했을 뿐, 동유럽에 대한 소련의 지배를 "자유화"할 의도는 전혀 없었습니다.
(1959) Coming to power after deposing the corrupt Batista, Castro disenchanted the US after it became clear he was leading a Marxist revolution. The US tried various schemes to depose or assassinate Castro, culminating in the disastrous “Bay of Pigs” invasion. Ultimately, communist Cuba would lend support to Marxist governments in Angola and Ethiopia.	(1959) 부패한 바티스타를 몰아내고 권력을 잡은 카스트로는 자신이 마르크스주의 혁명을 이끌고 있음이 분명해지면서 미국을 실망시켰습니다. 미국은 카스트로를 제거하거나 암살하기 위한 다양한 계획을 시도했으며, 결국 파국으로 끝난 "피그만 침공"으로 귀결되었습니다. 결국 공산주의 쿠바는 앙골라와 에티오피아의 마르크스주의 정부를 지원하게 됩니다.
(1961 – 1973) Initiated by President Kennedy as a counter for growing Cuban influence in Central and South America, the Alliance for Progress was to help integrate the economies of North and Latin America. Emphases for the program included land reform, democratic reform and tax reform. By the late 60’s the United States had become fully embroiled in Vietnam and South Asia, thus aid for Latin America waned. Furthermore, few Latin American countries proved willing to undertake the required reforms. As a result, the Organization of American States disbanded its “permanent” Alliance for Progress Committee in 1973.	(1961 – 1973) 중남미에서 커져가는 쿠바의 영향력에 대응하기 위해 케네디 대통령이 시작한 진보를 위한 동맹은 북미와 라틴 아메리카의 경제를 통합하는 것을 목표로 했습니다. 이 프로그램의 중점 사항에는 토지 개혁, 민주주의 개혁, 세제 개혁이 포함되었습니다. 1960년대 후반이 되자 미국은 베트남과 남아시아에 완전히 얽매이게 되어 라틴 아메리카에 대한 지원이 약해졌습니다. 더구나 라틴 아메리카 국가들 중 필요한 개혁을 기꺼이 단행하려는 나라가 거의 없었습니다. 결과적으로 미주기구는 1973년 "상설" 진보를 위한 동맹 위원회를 해산했습니다.
(1963-?) The first Nuclear Test Ban treaty owes its origins to the de-escalation process that followed the Cuban Missile Crisis. It prohibited further nuclear tests in the air, underwater or in space. International pressure for such a ban mounted in the 1950s as scientific evidence began to document severe environmental damage caused by earlier atmospheric testing by the nuclear powers. Underground testing remained an allowable methodology, but all forms of “peaceful nuclear explosions” were also banned, tightening the non-proliferation regime.	(1963-?) 최초의 핵실험 금지 조약은 쿠바 미사일 위기 이후의 긴장 완화 과정에서 비롯되었습니다. 이 조약은 대기, 수중, 우주에서의 추가적인 핵실험을 금지했습니다. 이러한 금지에 대한 국제적 압박은 핵보유국들의 이전 대기권 핵실험이 심각한 환경 피해를 야기했다는 과학적 증거가 축적되기 시작한 1950년대부터 고조되었습니다. 지하 핵실험은 허용 방법으로 남아 있었지만, 모든 형태의 "평화적 핵폭발"도 금지되어 비확산 체제가 강화되었습니다.
(1979 – 1990) In many ways presaging the “Reagan revolution” in the United States, Margaret Thatcher led a rejuvenation of the conservative movement in the United Kingdom. An ardent anti-communist, Thatcher received the moniker “Iron Lady” from the Soviet newspaper, “The Red Star.” Thatcher provided the perfect partner for Ronald Reagan, and together, they renewed the “special relationship” that formed the lynchpin of the post-war Atlantic Alliance. Thatcher’s finest moment may have been her vigorous defense of Britain’s colonial outpost in the Falkland Islands. The military junta ruling Argentina launched an invasion of what they referred to as the Malvinas Islands. In a sharp, short military action, the UK expelled the Argentinian forces, and restored some small luster to Britain’s former imperial pretensions. Thatcher reigned through the close of the Cold War, and is Britain’s longest serving prime minister.	(1979 – 1990) 여러 면에서 미국의 "레이건 혁명"을 예고한 마거릿 대처는 영국 보수 운동의 부활을 이끌었습니다. 열렬한 반공주의자인 대처는 소련 신문 "붉은 별"로부터 "철의 여인"이라는 별명을 얻었습니다. 대처는 로널드 레이건의 완벽한 파트너가 되었으며, 함께 전후 대서양 동맹의 핵심축을 이루는 "특별한 관계"를 새롭게 했습니다. 대처의 가장 빛나는 순간은 영국의 식민지 전초기지인 포클랜드 제도를 강력히 수호한 것일 것입니다. 아르헨티나를 지배하던 군사 정권이 그들이 말비나스 제도라고 부르는 곳을 침공했습니다. 짧고 신속한 군사 행동으로 영국은 아르헨티나 군대를 몰아내고 영국의 옛 제국적 위상에 작지만 빛나는 광채를 되살렸습니다. 대처는 냉전이 끝날 때까지 집권하며 영국 최장수 총리가 되었습니다.
(1983 – ?) More properly known as the Strategic Defense Initiative, President Reagan announced this radical departure from the Cold War doctrine of “mutually assured destruction” in a live television speech to the American public. The initial concept for the “space shield” was developed at Lawrence Livermore National Laboratory by Dr. Peter Hagelstein. Notionally, it would create a series of space based satellites powered by nuclear reactors that would create an impenetrable field to block Soviet ICBM’s. While scientifically sound on paper, the concept was never successfully engineered. Later iterations involved “smart pebbles” and missile based interceptors. SDI is frequently credited as one of the factors that convinced Gorbachev that the Soviet Union could not keep up the Cold War.	(1983 – ?) 정식 명칭은 전략방위구상(SDI)으로, 레이건 대통령은 생방송 텔레비전 연설을 통해 미국 국민에게 냉전의 "상호확증파괴" 독트린으로부터의 급진적인 이탈을 선언했습니다. "우주 방패"의 초기 개념은 로렌스 리버모어 국립연구소의 피터 헤이겔스타인 박사가 개발했습니다. 개념상으로는 핵반응로로 구동되는 일련의 우주 기반 위성들을 만들어 소련 대륙간탄도미사일을 차단하는 난공불락의 방어막을 형성하는 것이었습니다. 이론상으로는 과학적으로 타당했지만, 실제로 공학화에 성공하지는 못했습니다. 이후 버전에서는 "스마트 페블"과 미사일 기반 요격체가 등장했습니다. SDI는 고르바초프가 소련이 냉전을 지속할 수 없다는 것을 납득하게 만든 요인 중 하나로 자주 거론됩니다.
(1983) First used by President Ronald Reagan before the National Association of Evangelicals, conservatives applied the term “evil empire” to the Soviet Union. This change in terminology encapsulated the conservative movement’s rejection of Nixon’s morally ambiguous policy of detente. The speech sparked controversy within the NATO alliance, as many European leaders found the speech unnecessarily provocative. Domestically, the left argued that the United States had no room to criticize Soviet actions during the Cold War, and pointed to CIA involvement in places like Chile. The speech gave further indication that the last phase of the Cold War would be a confrontational one.	(1983) 로널드 레이건 대통령이 전국복음주의자협회 앞에서 처음 사용한 이래, 보수주의자들은 소련에 "악의 제국"이라는 표현을 적용했습니다. 이 용어의 변화는 닉슨의 도덕적으로 모호한 데탕트 정책에 대한 보수 운동의 거부를 압축적으로 보여주었습니다. 이 연설은 많은 유럽 지도자들이 불필요하게 도발적이라고 느끼면서 NATO 동맹 내에 논란을 일으켰습니다. 국내에서 좌파는 미국이 냉전 중 소련의 행동을 비판할 자격이 없다고 주장하며 칠레 같은 곳에서의 CIA 개입을 지적했습니다. 이 연설은 냉전의 마지막 국면이 대결적인 것이 될 것임을 더욱 분명히 예고했습니다.
(1986) The E3 “AWACS” aircraft is one of the most sophisticated early command and surveillance platforms available to the United States Air Force. Imagine Congress’ surprise when President Ronald Reagan announced plans to sell 5 of them to Saudi Arabia after they have only recently entered service in the United States. The “Airborne Warning and Control System” sale was, at that time, the largest military sale ever. While it met with Congressional resistance, as well as resistance from the Israeli government, ultimately, the objective was to cement Saudi Arabia as the US new anchor against Tehran. The high profile political risk associated with this arms sale would draw the two governments together long after the Cold War was over.	(1986) E3 "AWACS" 항공기는 미국 공군이 보유한 가장 정교한 조기 지휘 및 감시 플랫폼 중 하나입니다. 미국에서 막 실전 배치된 지 얼마 안 된 이 항공기 5대를 사우디아라비아에 판매하겠다는 로널드 레이건 대통령의 계획 발표에 의회가 얼마나 놀랐을지 상상해보십시오. "공중 경보 통제 시스템" 판매는 당시 역대 최대 규모의 군사 판매였습니다. 의회의 저항과 이스라엘 정부의 반대에도 불구하고, 궁극적인 목표는 사우디아라비아를 테헤란에 대항하는 미국의 새로운 거점으로 굳히는 것이었습니다. 이 무기 판매와 관련된 높은 정치적 위험성은 냉전이 끝난 한참 후에도 두 정부를 묶어두는 역할을 했습니다.
(1987) In a speech that hearkened back to Kennedy’s address in front of the Berlin wall, Ronald Reagan challenged newly installed Soviet leader Mikhail Gorbachev. Reagan, with the Brandenburg gate in the background, declared: “General Secretary Gorbachev, if you seek peace, if you seek prosperity for the Soviet Union and Eastern Europe, if you seek liberalization: Come here to this gate! Mr. Gorbachev, open this gate! Mr. Gorbachev, tear down this wall!” While provocative, the speech leveled a difficult criticism at the Soviet Union. Successful countries do not have to wall their citizens in. Two short years later, the Berlin Wall would come down.	(1987) 베를린 장벽 앞에서의 케네디 연설을 상기시키는 이 연설에서, 로널드 레이건은 새로 취임한 소련 지도자 미하일 고르바초프에게 도전장을 내밀었습니다. 브란덴부르크 문을 배경으로 레이건은 선언했습니다: "고르바초프 서기장, 평화를 원한다면, 소련과 동유럽의 번영을 원한다면, 자유화를 원한다면, 이 문으로 오십시오! 고르바초프 씨, 이 문을 여십시오! 고르바초프 씨, 이 장벽을 허무십시오!" 도발적이었지만, 이 연설은 소련에 대한 날카로운 비판을 가했습니다. 성공한 나라는 자국민을 담으로 가둘 필요가 없습니다. 불과 2년 후, 베를린 장벽은 무너졌습니다.
<indent=1em>War</indent> Events: There are 5 “War” Events in the deck: <i>Korean War, Arab-Israeli War, Indo-Pakistani War, Brush War,</i> and <i>Iran-Iraq War</i>. These Events may be played regardless of the absence of either player's influence points in either the attacking or defending countries. If there is no influence at risk in the war, the Event's player still receives victory points upon success, and required military operations irrespective of success.	<indent=1em>전쟁</indent> 이벤트: 덱에는 5개의 "전쟁" 이벤트가 있습니다: <i>한국 전쟁, 아랍-이스라엘 전쟁, 인도-파키스탄 전쟁, 국지전,</i> 그리고 <i>이란-이라크 전쟁</i>. 이 이벤트들은 공격국이나 방어국에 어느 플레이어의 영향력이 없더라도 사용할 수 있습니다. 전쟁에서 위험에 처한 영향력이 없더라도, 이벤트를 사용한 플레이어는 성공 시 승점을 받으며, 성공 여부와 관계없이 필요한 군사 작전이 수행됩니다.
A <color=white>Coup</color> represents operations that change the composition of a target country's government. A player attempting a <color=white>Coup</color> does not need to have any <color=white>Influence</color> Markers in the Country; however your opponent must have <color=white>Influence Markers</color> in the target country. To resolve a <color=white>Coup</color> attempt, the game multiplies the <color=white>Stability Number</color> of the target country by two (2), then rolls a die and adds the <color=white>Operations</color> points on the card to it. If the modified roll is greater than this target number the coup is successful. <color=white>Influence Markers</color> equal to the difference from the target country target number are then removed, and the remainder (if any) is added to the friendly <color=white>Influence Markers</color> to make up the difference. \r\n\nAfter the outcome of a <color=white>Coup</color> is resolved, the marker on the <color=white>Military Operations</color> track moves up the number of spaces equal to the <color=white>Operations</color> value of the card played. Any <color=white>Coup</color> attempt in a <color=white>Battleground</color> country degrades the DEFCON status one level. Cards that state a player may make a “free <color=white>Coup</color>  roll” in a particular region ignore the geographic restrictions of the DEFCON level. However if the free Coup roll is used in a <color=white>Battleground</color> country, the DEFCON status would still degrade one level.\r<br>\n	<color=white>쿠데타</color>는 목표 국가의 정부 구성을 바꾸는 작전을 나타냅니다. <color=white>쿠데타</color>를 시도하는 플레이어는 해당 국가에 <color=white>영향력</color> 마커를 보유할 필요가 없습니다. 그러나 상대방은 목표 국가에 <color=white>영향력 마커</color>를 보유하고 있어야 합니다. <color=white>쿠데타</color> 시도를 해결하기 위해, 게임은 목표 국가의 <color=white>안정 수치</color>에 2를 곱한 후, 주사위를 굴려 카드의 <color=white>작전치</color>를 더합니다. 수정된 결과가 이 목표 수치보다 크면 쿠데타는 성공합니다. 목표 국가의 목표 수치와의 차이만큼 <color=white>영향력 마커</color>가 제거되고, 나머지(있는 경우)는 차이를 메우기 위해 아군 <color=white>영향력 마커</color>에 추가됩니다. \r\n\n<color=white>쿠데타</color> 결과가 해결된 후, <color=white>군사 작전</color> 트랙의 마커는 사용된 카드의 <color=white>작전치</color>만큼 칸을 전진합니다. <color=white>격전지</color> 국가에서의 모든 <color=white>쿠데타</color> 시도는 데프콘 수준을 한 단계 낮춥니다. 특정 지역에서 "무료 <color=white>쿠데타</color> 굴림"을 할 수 있다고 명시된 카드는 데프콘 수준의 지리적 제한을 무시합니다. 그러나 무료 쿠데타 굴림이 <color=white>격전지</color> 국가에서 사용되면, 데프콘 수준은 여전히 한 단계 낮아집니다.\r<br>\n
A Pan-Arab Coalition invades Israel. Roll one die and subtract 1 for US Control of Israel and every US-controlled country adjacent to Israel.  USSR Victory on modified die roll 4-6. USSR adds 2 Military to Ops Track.<br><b>Effects of Victory:</b> USSR gains 2 VP and replaces all US Influence in Israel with USSR Influence.<br><i>Unplayable as an event after the “Camp David Accords” event has been played.</i>	범아랍 연합이 이스라엘을 침공합니다. 주사위 1개를 굴리고, 이스라엘의 미국 지배 및 이스라엘에 인접한 미국 지배 국가 각각에 대해 1씩 뺍니다. 수정된 주사위 결과 4~6이면 소련 승리. 소련은 작전 트랙에 군사 2를 추가합니다.<br><b>승리 효과:</b> 소련은 2 VP를 획득하고 이스라엘의 모든 미국 영향력을 소련 영향력으로 교체합니다.<br><i>"캠프 데이비드 협정" 이벤트가 사용된 이후에는 이벤트로 사용 불가.</i>
Except for <color=white>Scoring Cards</color>, all cards contain an <color=white>Operations Point</color> value, an <color=white>Event Title</color> and <color=white>Event Description</color>. <color=white>Scoring Cards</color> are labeled “SCORING” and must be played sometime during the turn they are drawn. Cards with a Red star are only associated with the USSR, and cards with a White star are only associated with the US. Cards that have a split Red/White star are Neutral, and are associated with both sides. <br><br>Cards are played in either one of two ways - as <color=white>Events</color> or <color=white>Operations</color>. Many cards have an asterisk following their <color=white>Event Title</color>. When these cards are played as <color=white>Events</color>, they are removed permanently from the game. Cards that have their <color=white>Event Title</color> underlined, and are played as an Event, are in effect on the game board until they are cancelled. Cards that are discarded, but not removed from the game, are placed face up in the discarded pile.\r<br>	<color=white>점수 카드</color>를 제외한 모든 카드에는 <color=white>작전치</color>, <color=white>이벤트 제목</color> 및 <color=white>이벤트 설명</color>이 포함되어 있습니다. <color=white>점수 카드</color>는 "SCORING"으로 표시되며, 드로우한 턴 중에 반드시 사용해야 합니다. 빨간 별이 있는 카드는 소련 전용이며, 흰 별이 있는 카드는 미국 전용입니다. 빨간/흰 별이 반반씩 나뉜 카드는 중립으로, 양측 모두와 연관됩니다. <br><br>카드는 두 가지 방식 중 하나로 사용됩니다 - <color=white>이벤트</color> 또는 <color=white>작전치</color>로. 많은 카드의 <color=white>이벤트 제목</color> 뒤에 별표가 있습니다. 이 카드들이 <color=white>이벤트</color>로 사용되면 게임에서 영구적으로 제거됩니다. <color=white>이벤트 제목</color>에 밑줄이 그어진 카드가 이벤트로 사용되면, 취소될 때까지 게임 보드에서 효력을 발휘합니다. 버려지지만 게임에서 제거되지 않은 카드는 버린 카드 더미에 앞면이 보이도록 놓입니다.\r<br>
In 1949, Mao's armies forced Chiang Kai-shek and the Nationalist government to flee from mainland China to Taiwan. Due to America's long missionary involvement in China during the 19th and early 20th centuries, as well as its commercial and quasi-imperial experiences, Americans had a somewhat paternalistic view of the country. The declaration of the “People's Republic” meant that a long-standing ally was transformed into a bitter enemy. So, despite the warnings of Joe Stilwell and others, the debate raged in Washington about who to blame for the loss of China to communist forces. At the time, most of the blame fell on the Truman Administration and imagined “fifth column” communist sympathizers that had allegedly infiltrated the American government.	1949년, 마오쩌둥의 군대는 장제스와 국민당 정부를 중국 본토에서 대만으로 몰아냈습니다. 19세기와 20세기 초 미국의 오랜 선교 활동과 상업적·준제국주의적 경험으로 인해, 미국인들은 중국에 대해 다소 온정주의적인 시각을 가지고 있었습니다. "인민공화국" 선포는 오랜 동맹국이 숙적으로 변했음을 의미했습니다. 그래서 조 스틸웰 등의 경고에도 불구하고, 중국이 공산 세력에 넘어간 것을 누구의 책임으로 돌릴 것인지에 대한 논쟁이 워싱턴에서 격렬하게 벌어졌습니다. 당시 대부분의 비난은 트루먼 행정부와, 미국 정부에 침투했다고 주장되는 '5열' 공산주의 동조자들에게 쏟아졌습니다.
The map is divided into six Regions: Europe, Asia, Central America, South America, Africa, and the Middle East. Europe is divided into two sub-regions, Eastern and Western Europe. Asia also contains a sub-region, Southeast Asia. The country spaces that comprise a region share a map color, and sub-regions have shades of the same color.\r<br><br>Any event, rule, action, or card that refers to “Europe” or “Asia” includes the associated sub-region. Each space on the map represents a country or bloc of countries, and each country has a <color=white>Stability Number </color>representing that country's overall stability, independence and power. <color=white>Battleground</color> countries operate the same way as normal countries, but have special rules for scoring and coup attempts. Their country name is highlighted in red for easy recognition.\r	지도는 유럽, 아시아, 중앙아메리카, 남아메리카, 아프리카, 중동의 6개 지역으로 나뉩니다. 유럽은 동유럽과 서유럽의 두 하위 지역으로 나뉩니다. 아시아에도 동남아시아라는 하위 지역이 있습니다. 한 지역을 구성하는 국가 칸들은 동일한 지도 색상을 공유하며, 하위 지역은 같은 색상의 음영으로 표시됩니다.\r<br><br>"유럽" 또는 "아시아"를 언급하는 모든 이벤트, 규칙, 행동 또는 카드에는 관련 하위 지역이 포함됩니다. 지도의 각 칸은 하나의 국가 또는 국가 집단을 나타내며, 각 국가에는 해당 국가의 전반적인 안정성, 독립성 및 국력을 나타내는 <color=white>안정 수치</color>가 있습니다. <color=white>격전지</color> 국가는 일반 국가와 동일한 방식으로 작동하지만, 점수 계산과 쿠데타 시도에 특별 규칙이 적용됩니다. 격전지 국가의 이름은 쉽게 알아볼 수 있도록 빨간색으로 강조 표시됩니다.\r
The map is divided into six Regions: Europe, Asia, Central America, South America, Africa, and the Middle East. Europe is divided into two sub-regions, Eastern and Western Europe. Asia also contains a sub-region, Southeast Asia. The country spaces that comprise a region share a map color, and sub-regions have shades of the same color.\r<br><br>Any event, rule, action, or card that refers to “Europe” or “Asia” includes the associated sub-region. Each space on the map represents a country or bloc of countries, and each country has a <color=white>Stability Number </color>representing that country's overall stability, independence and power. <color=white>Battleground</color> countries operate the same way as normal countries, but have special rules for scoring and coup attempts. Their country name is highlighted in red for easy recognition.\r\n	지도는 유럽, 아시아, 중앙아메리카, 남아메리카, 아프리카, 중동의 6개 지역으로 나뉩니다. 유럽은 동유럽과 서유럽의 두 하위 지역으로 나뉩니다. 아시아에도 동남아시아라는 하위 지역이 있습니다. 한 지역을 구성하는 국가 칸들은 동일한 지도 색상을 공유하며, 하위 지역은 같은 색상의 음영으로 표시됩니다.\r<br><br>"유럽" 또는 "아시아"를 언급하는 모든 이벤트, 규칙, 행동 또는 카드에는 관련 하위 지역이 포함됩니다. 지도의 각 칸은 하나의 국가 또는 국가 집단을 나타내며, 각 국가에는 해당 국가의 전반적인 안정성, 독립성 및 국력을 나타내는 <color=white>안정 수치</color>가 있습니다. <color=white>격전지</color> 국가는 일반 국가와 동일한 방식으로 작동하지만, 점수 계산과 쿠데타 시도에 특별 규칙이 적용됩니다. 격전지 국가의 이름은 쉽게 알아볼 수 있도록 빨간색으로 강조 표시됩니다.\r\n
The object of the game is to score <color=white>Victory Points</color> through geographic influence over the six Regions. Each Region has its own “Scoring Card”. Playing a Scoring Card causes <color=white>Victory Points</color> to be scored on how much influence each superpower has in that region at the time the card is played. The <color=white>Victory Points</color> are totaled for both players, and the net difference is marked on the <color=white>Victory Point Track</color>. A player may not hold a Scoring Card in their hand at the end of theirturn, as doing so results in automatically losing the game. A player may not be forced to hold a <color=white>Scoring Card</color> through the effects of a game event.<br><br>Scoring Card have the following scoring criteria:<br><br><color=white>> Presence:</color> A superpower has <color=white>Presence</color> in a Region if it Controls at least one (1) country in that Region.<br><br><color=white>> Domination:</color> A superpower has <color=white>Domination</color> in a Region if it <color=white>Controls</color> more countries than an opponent and it <color=white>Controls</color> more <color=white>Battleground</color> countries in that Region. A superpower must <color=white>Control</color> at least one (1) <color=white>non-Battleground</color> and one (1) <color=white>Battleground</color> country in that Region to achieve domination.<br><br><color=white>> Control:</color> A superpower has <color=white>Control</color> of a Region if it <color=white>Controls</color> more countries in that Region than its opponent, and <color=white>Controls</color> all of the <color=white>Battleground</color> countries in that Region.<br><br><color=white>> Additional Scoring:</color> A +1 VP is granted per country that is under Control and adjacent to the enemy superpower.<br><br><color=white>> Additional Scoring:</color> A +1 VP is granted per <color=white>Battleground</color> Country that is under a player's <color=white>Control</color> in the scoring region.\n	게임의 목표는 6개 지역에 대한 지리적 영향력을 통해 <color=white>승점</color>을 획득하는 것입니다. 각 지역에는 고유한 "점수 카드"가 있습니다. 점수 카드를 사용하면 카드가 사용된 시점에 각 초강대국이 해당 지역에 얼마나 많은 영향력을 가지고 있는지에 따라 <color=white>승점</color>이 계산됩니다. <color=white>승점</color>은 두 플레이어 모두 합산되며, 순 차이가 <color=white>승점 트랙</color>에 표시됩니다. 플레이어는 턴 종료 시 점수 카드를 손에 보유할 수 없으며, 이를 어길 경우 자동으로 게임에서 패배합니다. 플레이어는 게임 이벤트의 효과로 인해 <color=white>점수 카드</color>를 강제로 보유하게 되는 일이 없습니다.<br><br>점수 카드의 점수 기준은 다음과 같습니다:<br><br><color=white>> 진출:</color> 초강대국이 해당 지역에서 최소 1개 국가를 지배하면 그 지역에 <color=white>진출</color>한 것입니다.<br><br><color=white>> 지배:</color> 초강대국이 상대방보다 더 많은 국가를 지배하고 해당 지역에서 더 많은 <color=white>격전지</color> 국가를 지배하면 그 지역을 <color=white>지배</color>한 것입니다. 지배를 달성하려면 초강대국은 해당 지역에서 최소 1개의 <color=white>비격전지</color> 국가와 1개의 <color=white>격전지</color> 국가를 지배해야 합니다.<br><br><color=white>> 장악:</color> 초강대국이 해당 지역에서 상대방보다 더 많은 국가를 지배하고 해당 지역의 모든 <color=white>격전지</color> 국가를 지배하면 그 지역을 <color=white>장악</color>한 것입니다.<br><br><color=white>> 추가 점수:</color> 적 초강대국과 인접하여 지배하는 국가 1개당 +1 VP가 부여됩니다.<br><br><color=white>> 추가 점수:</color> 점수 계산 지역에서 플레이어가 <color=white>지배</color>하는 <color=white>격전지</color> 국가 1개당 +1 VP가 부여됩니다.\n
The map is divided into six Regions: Europe, Asia, Central America, South America, Africa, and the Middle East. Europe is divided into two sub-regions, Eastern and Western Europe. Asia also contains a sub-region, Southeast Asia. The country spaces that comprise a region share a map color, and sub-regions have shades of the same color.\r<br><br>Any event, rule, action, or card that refers to “Europe” or “Asia” includes the associated sub-region. Each space on the map represents a country or bloc of countries, and each country has a <color=white>Stability Number </color>representing that country’s overall stability, independence and power. <color=white>Battleground</color> countries operate the same way as normal countries, but have special rules for scoring and coup attempts. Their country name is highlighted in red for easy recognition.\r\n	지도는 유럽, 아시아, 중앙아메리카, 남아메리카, 아프리카, 중동의 6개 지역으로 나뉩니다. 유럽은 동유럽과 서유럽의 두 하위 지역으로 나뉩니다. 아시아에도 동남아시아라는 하위 지역이 있습니다. 한 지역을 구성하는 국가 칸들은 동일한 지도 색상을 공유하며, 하위 지역은 같은 색상의 음영으로 표시됩니다.\r<br><br>"유럽" 또는 "아시아"를 언급하는 모든 이벤트, 규칙, 행동 또는 카드에는 관련 하위 지역이 포함됩니다. 지도의 각 칸은 하나의 국가 또는 국가 집단을 나타내며, 각 국가에는 해당 국가의 전반적인 안정성, 독립성 및 국력을 나타내는 <color=white>안정 수치</color>가 있습니다. <color=white>격전지</color> 국가는 일반 국가와 동일한 방식으로 작동하지만, 점수 계산과 쿠데타 시도에 특별 규칙이 적용됩니다. 격전지 국가의 이름은 쉽게 알아볼 수 있도록 빨간색으로 강조 표시됩니다.\r\n
Twilight Struggle has ten turns, and each turn will involve six or seven card plays by each player. At the beginning of the game, each player receives eight cards from the <color=white>Early War</color> deck. At the beginning of Turn 4, the <color=white>Mid War</color> deck is shuffled into the draw pile and the player’s hand size is increased to nine. At the beginning of Turn 8, the <color=white>Late War</color> deck is shuffled into the draw pile. When there are no cards remaining in the draw deck, the game reshuffles all discarded cards to form a new draw deck. The game will deal all cards remaining in the draw deck before reshuffling, except in Turns 4 and 8.\r\n	Twilight Struggle는 10턴으로 구성되며, 각 턴마다 각 플레이어가 6~7번의 카드 플레이를 진행합니다. 게임 시작 시, 각 플레이어는 <color=white>초전</color> 덱에서 카드 8장을 받습니다. 4턴 시작 시, <color=white>중전</color> 덱이 드로우 파일에 섞이고 플레이어의 패 크기가 9장으로 늘어납니다. 8턴 시작 시, <color=white>후전</color> 덱이 드로우 파일에 섞입니다. 드로우 덱에 남은 카드가 없으면, 게임은 버린 카드를 모두 다시 섞어 새 드로우 덱을 만듭니다. 게임은 4턴과 8턴을 제외하고, 다시 섞기 전에 드로우 덱에 남은 모든 카드를 배분합니다.\r\n
<color=white>Influence Markers</color> are placed one at a time, and must be placed with or adjacent to friendly markers, that were in place at the start of the phasing player’s <color=white>Action Round</color>. It costs one (1) Operations point to place an Influence marker in a country that is friendly Controlled or Uncontrolled. It costs two (2) Operations points to place an <color=white>Influence Marker</color> in an enemy-controlled country. If a country’s Control status changes while placing <color=white>Influence Markers</color>, the additional marker's costs adjust accordingly for future placement for that <color=white>Action Round</color>.\r\n	<color=white>영향력 마커</color>는 한 번에 하나씩 놓아야 하며, 해당 플레이어의 <color=white>행동 라운드</color> 시작 시점에 이미 배치되어 있던 아군 마커와 같은 칸 또는 인접한 칸에 놓아야 합니다. 아군이 지배하거나 지배되지 않은 국가에 영향력 마커를 놓는 데는 작전치 1점이 필요합니다. 적이 지배하는 국가에 <color=white>영향력 마커</color>를 놓는 데는 작전치 2점이 필요합니다. <color=white>영향력 마커</color>를 배치하는 도중에 국가의 지배 상태가 변경되면, 해당 <color=white>행동 라운드</color>의 이후 배치에 대한 추가 마커 비용이 그에 따라 조정됩니다.\r\n
Countries that do not share a border, but are considered connected, are shown via lines on the map. A country is considered to be Adjacent to all other countries to which it is connected. Each country on the map is considered either to be <color=white>Controlled</color> by one of the player's, or it is Uncontrolled. A country is considered <color=white>Controlled</color> by a player if the player has Influence Points in the country greater than or equal to the country’s <color=white>Stability Number</color>, and if the player’s Influence in the country exceeds their opponent’s Influence in that country by at least the country’s <color=white>Stability Number</color>.\r\n	국경을 공유하지 않지만 연결된 것으로 간주되는 국가들은 지도에서 선으로 표시됩니다. 국가는 연결된 모든 다른 국가들과 인접한 것으로 간주됩니다. 지도의 각 국가는 한 플레이어에 의해 <color=white>지배</color>되거나 지배되지 않은 상태로 간주됩니다. 플레이어가 해당 국가에 국가의 <color=white>안정 수치</color> 이상의 영향력을 보유하고 있으며, 그 국가에서 플레이어의 영향력이 상대방의 영향력을 국가의 <color=white>안정 수치</color> 이상 초과하는 경우, 해당 국가는 그 플레이어에 의해 <color=white>지배</color>되는 것으로 간주됩니다.\r\n
A <color=white>Coup</color> represents operations that change the composition of a target country’s government. A player attempting a <color=white>Coup</color> does not need to have any <color=white>Influence</color> Markers in the Country; however your opponent must have <color=white>Influence Markers</color> in the target country. To resolve a <color=white>Coup</color> attempt, the game multiplies the <color=white>Stability Number</color> of the target country by two (2), then rolls a die and adds the <color=white>Operations</color> points on the card to it. If the modified roll is greater than this target number the coup is successful. <color=white>Influence Markers</color> equal to the difference from the target country target number are then removed, and the remainder (if any) is added to the friendly <color=white>Influence Markers</color> to make up the difference. \r\n\nAfter the outcome of a <color=white>Coup</color> is resolved, the marker on the <color=white>Military Operations</color> track moves up the number of spaces equal to the <color=white>Operations</color> value of the card played. Any <color=white>Coup</color> attempt in a <color=white>Battleground</color> country degrades the DEFCON status one level. Cards that state a player may make a “free <color=white>Coup</color>  roll” in a particular region ignore the geographic restrictions of the DEFCON level. However if the free Coup roll is used in a <color=white>Battleground</color> country, the DEFCON status would still degrade one level.\r<br>\n	<color=white>쿠데타</color>는 목표 국가의 정부 구성을 바꾸는 작전을 나타냅니다. <color=white>쿠데타</color>를 시도하는 플레이어는 해당 국가에 <color=white>영향력</color> 마커를 보유할 필요가 없습니다. 그러나 상대방은 목표 국가에 <color=white>영향력 마커</color>를 보유하고 있어야 합니다. <color=white>쿠데타</color> 시도를 해결하기 위해, 게임은 목표 국가의 <color=white>안정 수치</color>에 2를 곱한 후, 주사위를 굴려 카드의 <color=white>작전치</color>를 더합니다. 수정된 결과가 이 목표 수치보다 크면 쿠데타는 성공합니다. 목표 국가의 목표 수치와의 차이만큼 <color=white>영향력 마커</color>가 제거되고, 나머지(있는 경우)는 차이를 메우기 위해 아군 <color=white>영향력 마커</color>에 추가됩니다. \r\n\n<color=white>쿠데타</color> 결과가 해결된 후, <color=white>군사 작전</color> 트랙의 마커는 사용된 카드의 <color=white>작전치</color>만큼 칸을 전진합니다. <color=white>격전지</color> 국가에서의 모든 <color=white>쿠데타</color> 시도는 데프콘 수준을 한 단계 낮춥니다. 특정 지역에서 "무료 <color=white>쿠데타</color> 굴림"을 할 수 있다고 명시된 카드는 데프콘 수준의 지리적 제한을 무시합니다. 그러나 무료 쿠데타 굴림이 <color=white>격전지</color> 국가에서 사용되면, 데프콘 수준은 여전히 한 단계 낮아집니다.\r<br>\n
•<indent=1em>Scoring cards may be played during the Headline Phase. However, they are considered to have a Headline Value of zero (0) and always take effect second. If both players elect a scoring card as their Headline Cards, the US player’s scoring card takes effect first.</indent><br><br>•<indent=1em>Players must create a Headline event, regardless of whether the event helps them or their opponent.\r<br><br>	•<indent=1em>점수 카드는 헤드라인 단계에 사용할 수 있습니다. 그러나 헤드라인 수치가 0으로 간주되어 항상 두 번째로 효력을 발휘합니다. 두 플레이어 모두 점수 카드를 헤드라인 카드로 선택한 경우, 미국 플레이어의 점수 카드가 먼저 효력을 발휘합니다.</indent><br><br>•<indent=1em>플레이어들은 이벤트가 자신에게 유리하든 상대방에게 유리하든 관계없이 반드시 헤드라인 이벤트를 만들어야 합니다.\r<br><br>
<indent=1em>Influence </indent>markers are placed one at a time. However, all markers must be placed with, or adjacent to, friendly markers that were in place at the start of the phasing player’s Action Round.<br><br><i>Exception: markers placed when required by an Event are not subject to this restriction, unless specifically stated otherwise on the card.</i><br><br>If the amount of influence is sufficent to gain control of the country, the Marker switches to either red for U.S.S.R. or blue for the U.S.A..<br><br>	<indent=1em>영향력 </indent>마커는 한 번에 하나씩 배치됩니다. 그러나 모든 마커는 진행 중인 플레이어의 행동 라운드 시작 시 이미 배치되어 있던 아군 마커와 함께 또는 인접하여 배치해야 합니다.<br><br><i>예외: 이벤트에 의해 배치가 요구되는 마커는, 카드에 별도로 명시되지 않는 한, 이 제한을 받지 않습니다.</i><br><br>영향력이 해당 국가를 지배하기에 충분한 경우, 마커는 소련을 나타내는 빨간색 또는 미국을 나타내는 파란색으로 전환됩니다.<br><br>
<indent=1em>There</indent> are six Action Rounds in turns 1 to 3 and seven action rounds turns 4 to 10. Players alternate playing cards, one per Action Round, for a total of six cards during turns 1 to 3, and seven cards during turns 4 to 10. The USSR player always takes his or her Action Round first, followed by the US player. All actions required by each card must be resolved before the next player starts his or her Action Round by playing a card. The player taking his or her Action Round is called the ‘Phasing Player’.\r<br><br>	<indent=1em>1턴부터</indent> 3턴까지는 6번의 행동 라운드가 있고, 4턴부터 10턴까지는 7번의 행동 라운드가 있습니다. 플레이어들은 행동 라운드마다 카드를 한 장씩 번갈아 사용하며, 1~3턴에는 총 6장, 4~10턴에는 총 7장의 카드를 사용합니다. 소련 플레이어가 항상 먼저 행동 라운드를 진행하고, 미국 플레이어가 그 뒤를 따릅니다. 다음 플레이어가 카드를 사용하여 자신의 행동 라운드를 시작하기 전에 각 카드에 요구되는 모든 행동을 해결해야 합니다. 자신의 행동 라운드를 진행하는 플레이어를 '진행 중인 플레이어'라고 합니다.\r<br><br>
<indent=1em>In</indent> 1945, unlikely allies slew the Nazi beast, while humanity’s most devastating weapons forced the proud Japanese Empire to its knees in a storm of fire. Where once there stood many great powers, now stood only two. The world had scant time to sigh relief before a new conflict threatened. Unlike the titanic conflicts of the preceding decades, this conflict would be waged primarily not by soldiers and tanks, but by spies and politicians, scientists and intellectuals, artists and traitors.	<indent=1em>1945년,</indent> 뜻밖의 동맹국들이 나치라는 괴물을 쓰러뜨렸고, 인류 역사상 가장 파괴적인 무기가 불의 폭풍 속에 자랑스러운 일본 제국을 무릎 꿇렸습니다. 한때 수많은 강대국이 존재했던 자리에 이제 두 나라만이 남았습니다. 세계가 안도의 한숨을 내쉴 시간도 없이 새로운 갈등이 위협해왔습니다. 앞선 수십 년간의 거대한 충돌과 달리, 이 갈등은 주로 군인과 탱크가 아닌 스파이와 정치인, 과학자와 지식인, 예술가와 배신자들에 의해 치러질 것이었습니다.
<indent=1em>End</indent> Game Victory. If neither side has achieved victory of any kind by the end of turn 10, then every Region is scored as if its regional scoring card had just been played (these new VPs are added to the current score). Southeast Asia is not scored separately: it is included in the Asia scoring calculations. Every Region’s score must be calculated before final victory is determined. Reaching 20 VPs does not result in Automatic Victory during scoring at the end of turn 10; however, Control of Europe does grant automatic victory to the controlling player, regardless of scoring elsewhere.	<indent=1em>게임</indent> 종료 승리. 10턴이 끝날 때까지 어느 쪽도 어떠한 방식으로도 승리를 거두지 못했다면, 각 지역의 점수 카드가 방금 사용된 것처럼 모든 지역의 점수가 계산됩니다(새로 획득한 VP는 현재 점수에 추가됩니다). 동남아시아는 별도로 계산되지 않으며, 아시아 점수 계산에 포함됩니다. 최종 승리를 결정하기 전에 모든 지역의 점수를 계산해야 합니다. 10턴 종료 시 점수 계산 중에는 20 VP에 도달해도 자동 승리가 되지 않습니다. 그러나 유럽을 지배하면, 다른 지역의 점수와 관계없이 지배하는 플레이어에게 자동 승리가 부여됩니다.
<indent=1em><i>Twilight Struggle</i></indent> has ten turns. Each turn represents between three and five years, and will involve six or seven normal card plays by each player. At the beginning of the game, each player receives eight cards from the Early War deck. At the beginning of turn 4, the Mid War deck is shuffled into the draw pile and the players’ hand size increases to nine. At the beginning of turn 8, the Late War deck is shuffled into the draw pile.	<indent=1em><i>Twilight Struggle</i></indent>는 10턴으로 구성됩니다. 각 턴은 3년에서 5년을 나타내며, 각 플레이어는 6~7번의 일반 카드 플레이를 진행합니다. 게임 시작 시, 각 플레이어는 초전 덱에서 카드 8장을 받습니다. 4턴 시작 시, 중전 덱이 드로우 파일에 섞이고 플레이어의 패 크기가 9장으로 늘어납니다. 8턴 시작 시, 후전 덱이 드로우 파일에 섞입니다.
<indent=1em>Until</indent> the Soviet Player has placed 3 Influence Points on the Chinese Civil War space, the China Card is in no player’s possession. Once the Soviet player had placed 3 Influence Points into the space, the player immediately receives the China Card face up and ready for play. Additionally, the ban on play of the Red Scare/Purge and Formosan Resolution events is immediately lifted.	<indent=1em>소련</indent> 플레이어가 중국 내전 칸에 영향력 3점을 배치하기 전까지는 중국 카드를 어느 플레이어도 보유하지 않습니다. 소련 플레이어가 해당 칸에 영향력 3점을 배치하면, 해당 플레이어는 즉시 앞면이 보이는 상태로 중국 카드를 받아 플레이할 수 있게 됩니다. 또한, 적색 공포/숙청 및 포모사 결의안 이벤트의 사용 금지가 즉시 해제됩니다.
<margin-right=12em><indent=1em>The</indent> Chinese Civil War space is considered adjacent to the Soviet Union and only the Soviet Union. The space is considered to be in Asia, but not South East Asia. It does not affect any scoring card. The only action that may be taken on the Chinese Civil War space is the placement of Influence Points by the Soviet player. The US player may not use Operations or events of any kind to effect the Chinese Civil War space. Once the Soviet player has placed 3 Influence Points</margin> on the Chinese Civil War space, it has no further effect. The markers may be returned to the Soviet player’s pool, and the Chinese Civil War space is ignored for the remainder of the game.	<margin-right=12em><indent=1em>중국</indent> 내전 칸은 소련에만, 오직 소련에만 인접한 것으로 간주됩니다. 이 칸은 아시아에 속하지만 동남아시아에는 속하지 않습니다. 어떠한 점수 카드에도 영향을 미치지 않습니다. 중국 내전 칸에서 취할 수 있는 유일한 행동은 소련 플레이어의 영향력 배치입니다. 미국 플레이어는 어떠한 종류의 작전치나 이벤트로도 중국 내전 칸에 영향을 미칠 수 없습니다. 소련 플레이어가 중국 내전 칸에 영향력 3점을 배치하면</margin> 더 이상 효력이 없습니다. 마커들은 소련 플레이어의 풀로 반환될 수 있으며, 중국 내전 칸은 게임 나머지 동안 무시됩니다.
<indent=1em>Each</indent> player secretly selects a card from their hand. Once both players have made their choice, they reveal their cards to each other simultaneously. These cards are called ‘Headline cards’ and their Events take place in this phase (and if the event title has an asterisk, are removed from the game normally). To determine which Event takes place first, look at the Operations value on each card; that is its Headline Value. The card with the higher Headline Value takes effect first. In the event of a tie, the Headline Event played by the US player goes into effect first.\r<br><br>	<indent=1em>각</indent> 플레이어는 손에서 카드를 하나 비밀리에 선택합니다. 두 플레이어 모두 선택을 마치면, 동시에 서로에게 카드를 공개합니다. 이 카드들을 '헤드라인 카드'라 하며, 해당 이벤트는 이 단계에서 발생합니다(이벤트 제목에 별표가 있으면 게임에서 통상적으로 제거됩니다). 어떤 이벤트가 먼저 발생하는지 결정하려면, 각 카드의 작전치를 확인합니다. 그것이 헤드라인 수치입니다. 헤드라인 수치가 더 높은 카드가 먼저 효력을 발휘합니다. 동점일 경우, 미국 플레이어의 헤드라인 이벤트가 먼저 효력을 발휘합니다.\r<br><br>
<indent=1em>War</indent> Events: There are 5 “War” Events in the deck: <i>Korean War, Arab-Israeli War, Indo-Pakistani War, Brush War,</i> and <i>Iran-Iraq War</i>. These Events may be played regardless of the absence of either player’s influence points in either the attacking or defending countries. If there is no influence at risk in the war, the Event’s player still receives victory points upon success, and required military operations irrespective of success.	<indent=1em>전쟁</indent> 이벤트: 덱에는 5개의 "전쟁" 이벤트가 있습니다: <i>한국 전쟁, 아랍-이스라엘 전쟁, 인도-파키스탄 전쟁, 국지전,</i> 그리고 <i>이란-이라크 전쟁</i>. 이 이벤트들은 공격국이나 방어국에 어느 플레이어의 영향력이 없더라도 사용할 수 있습니다. 전쟁에서 위험에 처한 영향력이 없더라도, 이벤트를 사용한 플레이어는 성공 시 승점을 받으며, 성공 여부와 관계없이 필요한 군사 작전이 수행됩니다.
<indent=1em>The</indent> object of the game is to score Victory Points (VPs). Regional Victory Points are scored through geographic Influence over the six Regions. VPs can also be received through the play of certain Events. Each region has its own ‘scoring card’. Playing a scoring card causes Victory Points to be scored, based on how much influence each superpower has in that region at the time the card is played.	<indent=1em>게임의</indent> 목표는 승점(VP)을 획득하는 것입니다. 지역 승점은 6개 지역에 대한 지리적 영향력을 통해 획득됩니다. 특정 이벤트 카드를 통해서도 VP를 받을 수 있습니다. 각 지역에는 고유한 '점수 카드'가 있습니다. 점수 카드를 사용하면, 카드가 사용된 시점에 각 초강대국이 해당 지역에 얼마나 많은 영향력을 가지고 있는지에 따라 승점이 계산됩니다.
<indent=1em><i>Twilight Struggle</i></indent> is a two-player game simulating the forty-five year dance of intrigue, prestige, and occasional flares of warfare between the Soviet Union and the United States. The entire world is the stage on which these two titans fight to make the world safe for their own ideologies and ways of life. The game begins amidst the ruins of Europe as the two new ‘superpowers’ struggle over the wreckage of the Second World War, and ends in 1989, when only the United States remained standing.	<indent=1em><i>Twilight Struggle</i></indent>는 소련과 미국 사이의 45년에 걸친 음모, 명성, 그리고 간헐적인 전쟁의 불꽃을 시뮬레이션하는 2인용 게임입니다. 전 세계가 두 강대국이 자신들의 이념과 생활 방식을 위해 싸우는 무대가 됩니다. 게임은 두 신흥 '초강대국'이 제2차 세계대전의 잔해를 놓고 다투는 유럽의 폐허 속에서 시작되며, 미국만이 남은 1989년에 끝납니다.
•<indent=1em>Ordinarily, a player will have a card left over after the completion of all Action Rounds. This card is considered ‘held’, and may be played in subsequent rounds. Scoring cards may never be held.</indent><br><br>•<indent=1em>If a player has insufficient cards to take the requisite number of actions for the turn, that player must sit out of the remaining Action Rounds while the opposing player completes the turn.\r	•<indent=1em>통상적으로, 모든 행동 라운드가 완료된 후 플레이어에게 카드 한 장이 남습니다. 이 카드는 '보유'된 것으로 간주되며, 이후 라운드에서 사용할 수 있습니다. 점수 카드는 절대 보유할 수 없습니다.</indent><br><br>•<indent=1em>플레이어가 해당 턴의 필요한 행동 수를 취하기에 카드가 부족한 경우, 해당 플레이어는 상대방이 턴을 완료하는 동안 나머지 행동 라운드에서 빠져야 합니다.\r
The map is divided into six Regions: Europe, Asia, Central America, South America, Africa, and the Middle East. Europe is divided into two sub-regions, Eastern and Western Europe. Asia also contains a sub-region, Southeast Asia. The country spaces that comprise a region share a map color, and sub-regions have shades of the same color.\r<br><br>Any event, rule, action, or card that refers to “Europe” or “Asia” includes the associated sub-region. Each space on the map represents a country or bloc of countries, and each country has a <color=white>Stability Number </color>representing that country’s overall stability, independence and power. <color=white>Battleground</color> countries operate the same way as normal countries, but have special rules for scoring and coup attempts. Their country name is highlighted in red for easy recognition.\r	지도는 유럽, 아시아, 중앙아메리카, 남아메리카, 아프리카, 중동의 6개 지역으로 나뉩니다. 유럽은 동유럽과 서유럽의 두 하위 지역으로 나뉩니다. 아시아에도 동남아시아라는 하위 지역이 있습니다. 한 지역을 구성하는 국가 칸들은 동일한 지도 색상을 공유하며, 하위 지역은 같은 색상의 음영으로 표시됩니다.\r<br><br>"유럽" 또는 "아시아"를 언급하는 모든 이벤트, 규칙, 행동 또는 카드에는 관련 하위 지역이 포함됩니다. 지도의 각 칸은 하나의 국가 또는 국가 집단을 나타내며, 각 국가에는 해당 국가의 전반적인 안정성, 독립성 및 국력을 나타내는 <color=white>안정 수치</color>가 있습니다. <color=white>격전지</color> 국가는 일반 국가와 동일한 방식으로 작동하지만, 점수 계산과 쿠데타 시도에 특별 규칙이 적용됩니다. 격전지 국가의 이름은 쉽게 알아볼 수 있도록 빨간색으로 강조 표시됩니다.\r
Countries that do not share a border, but are considered connected, are shown via lines on the map. A country is considered to be Adjacent to all other countries to which it is connected. Each country on the map is considered either to be <color=white>Controlled</color> by one of the player's, or it is Uncontrolled. A country is considered <color=white>Controlled</color> by a player if the player has Influence Points in the country greater than or equal to the country’s <color=white>Stability Number</color>, and if the player’s Influence in the country exceeds their opponent’s Influence in that country by at least the country’s <color=white>Stability Number</color>.\r	국경을 공유하지 않지만 연결된 것으로 간주되는 국가들은 지도에서 선으로 표시됩니다. 국가는 연결된 모든 다른 국가들과 인접한 것으로 간주됩니다. 지도의 각 국가는 한 플레이어에 의해 <color=white>지배</color>되거나 지배되지 않은 상태로 간주됩니다. 플레이어가 해당 국가에 국가의 <color=white>안정 수치</color> 이상의 영향력을 보유하고 있으며, 그 국가에서 플레이어의 영향력이 상대방의 영향력을 국가의 <color=white>안정 수치</color> 이상 초과하는 경우, 해당 국가는 그 플레이어에 의해 <color=white>지배</color>되는 것으로 간주됩니다.\r
Twilight Struggle has ten turns, and each turn will involve six or seven card plays by each player. At the beginning of the game, each player receives eight cards from the <color=white>Early War</color> deck. At the beginning of Turn 4, the <color=white>Mid War</color> deck is shuffled into the draw pile and the player’s hand size is increased to nine. At the beginning of Turn 8, the <color=white>Late War</color> deck is shuffled into the draw pile. When there are no cards remaining in the draw deck, the game reshuffles all discarded cards to form a new draw deck. The game will deal all cards remaining in the draw deck before reshuffling, except in Turns 4 and 8.\r	Twilight Struggle는 10턴으로 구성되며, 각 턴마다 각 플레이어가 6~7번의 카드 플레이를 진행합니다. 게임 시작 시, 각 플레이어는 <color=white>초전</color> 덱에서 카드 8장을 받습니다. 4턴 시작 시, <color=white>중전</color> 덱이 드로우 파일에 섞이고 플레이어의 패 크기가 9장으로 늘어납니다. 8턴 시작 시, <color=white>후전</color> 덱이 드로우 파일에 섞입니다. 드로우 덱에 남은 카드가 없으면, 게임은 버린 카드를 모두 다시 섞어 새 드로우 덱을 만듭니다. 게임은 4턴과 8턴을 제외하고, 다시 섞기 전에 드로우 덱에 남은 모든 카드를 배분합니다.\r
<color=white>Influence Markers</color> are placed one at a time, and must be placed with or adjacent to friendly markers, that were in place at the start of the phasing player’s <color=white>Action Round</color>. It costs one (1) Operations point to place an Influence marker in a country that is friendly Controlled or Uncontrolled. It costs two (2) Operations points to place an <color=white>Influence Marker</color> in an enemy-controlled country. If a country’s Control status changes while placing <color=white>Influence Markers</color>, the additional marker's costs adjust accordingly for future placement for that <color=white>Action Round</color>.\r	<color=white>영향력 마커</color>는 한 번에 하나씩 놓아야 하며, 해당 플레이어의 <color=white>행동 라운드</color> 시작 시점에 이미 배치되어 있던 아군 마커와 같은 칸 또는 인접한 칸에 놓아야 합니다. 아군이 지배하거나 지배되지 않은 국가에 영향력 마커를 놓는 데는 작전치 1점이 필요합니다. 적이 지배하는 국가에 <color=white>영향력 마커</color>를 놓는 데는 작전치 2점이 필요합니다. <color=white>영향력 마커</color>를 배치하는 도중에 국가의 지배 상태가 변경되면, 해당 <color=white>행동 라운드</color>의 이후 배치에 대한 추가 마커 비용이 그에 따라 조정됩니다.\r
A <color=white>Coup</color> represents operations that change the composition of a target country’s government. A player attempting a <color=white>Coup</color> does not need to have any <color=white>Influence</color> Markers in the Country; however your opponent must have <color=white>Influence Markers</color> in the target country. To resolve a <color=white>Coup</color> attempt, the game multiplies the <color=white>Stability Number</color> of the target country by two (2), then rolls a die and adds the <color=white>Operations</color> points on the card to it. If the modified roll is greater than this target number the coup is successful. <color=white>Influence Markers</color> equal to the difference from the target country target number are then removed, and the remainder (if any) is added to the friendly <color=white>Influence Markers</color> to make up the difference. \r	<color=white>쿠데타</color>는 목표 국가의 정부 구성을 바꾸는 작전을 나타냅니다. <color=white>쿠데타</color>를 시도하는 플레이어는 해당 국가에 <color=white>영향력</color> 마커를 보유할 필요가 없습니다. 그러나 상대방은 목표 국가에 <color=white>영향력 마커</color>를 보유하고 있어야 합니다. <color=white>쿠데타</color> 시도를 해결하기 위해, 게임은 목표 국가의 <color=white>안정 수치</color>에 2를 곱한 후, 주사위를 굴려 카드의 <color=white>작전치</color>를 더합니다. 수정된 결과가 이 목표 수치보다 크면 쿠데타는 성공합니다. 목표 국가의 목표 수치와의 차이만큼 <color=white>영향력 마커</color>가 제거되고, 나머지(있는 경우)는 차이를 메우기 위해 아군 <color=white>영향력 마커</color>에 추가됩니다. \r
(1961 – 1973) Initiated by President Kennedy as a counter for growing Cuban influence in Central and South America, the Alliance for Progress was to help integrate the economies of North and Latin America. Emphases for the program included land reform, democratic reform and tax reform. By the late 60’s the United States had become fully embroiled in Vietnam and South Asia, thus aid for Latin America waned. Furthermore, few Latin American countries proved willing to undertake the required reforms. As a result, the Organization of American States disbanded its “permanent” Alliance for Progress Committee in 1973.	(1961 – 1973) 중남미에서 커져가는 쿠바의 영향력에 대응하기 위해 케네디 대통령이 시작한 진보를 위한 동맹은 북미와 라틴 아메리카의 경제를 통합하는 것을 목표로 했습니다. 이 프로그램의 중점 사항에는 토지 개혁, 민주주의 개혁, 세제 개혁이 포함되었습니다. 1960년대 후반이 되자 미국은 베트남과 남아시아에 완전히 얽매이게 되어 라틴 아메리카에 대한 지원이 약해졌습니다. 더구나 라틴 아메리카 국가들 중 필요한 개혁을 기꺼이 단행하려는 나라가 거의 없었습니다. 결과적으로 미주기구는 1973년 "상설" 진보를 위한 동맹 위원회를 해산했습니다.
(1979 – 1990) In many ways presaging the “Reagan revolution” in the United States, Margaret Thatcher led a rejuvenation of the conservative movement in the United Kingdom. An ardent anti-communist, Thatcher received the moniker “Iron Lady” from the Soviet newspaper, “The Red Star.” Thatcher provided the perfect partner for Ronald Reagan, and together, they renewed the “special relationship” that formed the lynchpin of the post-war Atlantic Alliance. Thatcher’s finest moment may have been her vigorous defense of Britain’s colonial outpost in the Falkland Islands. The military junta ruling Argentina launched an invasion of what they referred to as the Malvinas Islands. In a sharp, short military action, the UK expelled the Argentinian forces, and restored some small luster to Britain’s former imperial pretensions. Thatcher reigned through the close of the Cold War, and is Britain’s longest serving prime minister.	(1979 – 1990) 여러 면에서 미국의 "레이건 혁명"을 예고한 마거릿 대처는 영국 보수 운동의 부활을 이끌었습니다. 열렬한 반공주의자인 대처는 소련 신문 "붉은 별"로부터 "철의 여인"이라는 별명을 얻었습니다. 대처는 로널드 레이건의 완벽한 파트너가 되었으며, 함께 전후 대서양 동맹의 핵심축을 이루는 "특별한 관계"를 새롭게 했습니다. 대처의 가장 빛나는 순간은 영국의 식민지 전초기지인 포클랜드 제도를 강력히 수호한 것일 것입니다. 아르헨티나를 지배하던 군사 정권이 그들이 말비나스 제도라고 부르는 곳을 침공했습니다. 짧고 신속한 군사 행동으로 영국은 아르헨티나 군대를 몰아내고 영국의 옛 제국적 위상에 작지만 빛나는 광채를 되살렸습니다. 대처는 냉전이 끝날 때까지 집권하며 영국 최장수 총리가 되었습니다.
(1986) The E3 “AWACS” aircraft is one of the most sophisticated early command and surveillance platforms available to the United States Air Force. Imagine Congress’ surprise when President Ronald Reagan announced plans to sell 5 of them to Saudi Arabia after they have only recently entered service in the United States. The “Airborne Warning and Control System” sale was, at that time, the largest military sale ever. While it met with Congressional resistance, as well as resistance from the Israeli government, ultimately, the objective was to cement Saudi Arabia as the US new anchor against Tehran. The high profile political risk associated with this arms sale would draw the two governments together long after the Cold War was over.	(1986) E3 "AWACS" 항공기는 미국 공군이 보유한 가장 정교한 조기 지휘 및 감시 플랫폼 중 하나입니다. 미국에서 막 실전 배치된 지 얼마 안 된 이 항공기 5대를 사우디아라비아에 판매하겠다는 로널드 레이건 대통령의 계획 발표에 의회가 얼마나 놀랐을지 상상해보십시오. "공중 경보 통제 시스템" 판매는 당시 역대 최대 규모의 군사 판매였습니다. 의회의 저항과 이스라엘 정부의 반대에도 불구하고, 궁극적인 목표는 사우디아라비아를 테헤란에 대항하는 미국의 새로운 거점으로 굳히는 것이었습니다. 이 무기 판매와 관련된 높은 정치적 위험성은 냉전이 끝난 한참 후에도 두 정부를 묶어두는 역할을 했습니다.
(1980 – ?) A trade union movement originating in the Polish shipyards of Gdansk, Solidarity became the focal point for anti-communist resistance within the Eastern bloc. Solidarity quickly moved beyond a simple worker’s movement and rallied pro-Catholic, intellectuals and other social dissidents to its banner. Its toleration within a Warsaw Pact nation was unprecedented, and involved a cat and mouse game heavily reliant on public scrutiny of Soviet intentions, the prestige of the Polish Pope, John Paul II, and the political courage of its leader Lech Walesa. While Poland’s communist led government under Wojciech Jaruzelski did crack down on Solidarity and imprison much of its leadership, the organization went underground and began to regrow. By 1988, Solidarity led strikes had forced the Polish Communists into open negotiations.	(1980 – ?) 그단스크의 폴란드 조선소에서 시작된 노동조합 운동인 연대(솔리다리노시치)는 동구권 내 반공 저항의 구심점이 되었습니다. 연대는 단순한 노동자 운동을 넘어 친가톨릭 세력, 지식인, 기타 사회적 반체제 인사들을 자신의 깃발 아래 결집시켰습니다. 바르샤바 조약 국가 내에서 이것이 용인된 것은 전례 없는 일이었으며, 소련의 의도에 대한 여론의 감시, 폴란드 교황 요한 바오로 2세의 권위, 그리고 지도자 레흐 바웬사의 정치적 용기에 크게 의존한 숨바꼭질 같은 게임이 펼쳐졌습니다. 보이치에흐 야루젤스키 지도하의 폴란드 공산당 정부가 연대를 탄압하고 지도부 다수를 투옥했지만, 조직은 지하로 들어가 다시 성장하기 시작했습니다. 1988년에 이르러 연대가 주도한 파업은 폴란드 공산당을 공개 협상 테이블로 끌어내었습니다.
(1987) In a speech that hearkened back to Kennedy’s address in front of the Berlin wall, Ronald Reagan challenged newly installed Soviet leader Mikhail Gorbachev. Reagan, with the Brandenburg gate in the background, declared: “General Secretary Gorbachev, if you seek peace, if you seek prosperity for the Soviet Union and Eastern Europe, if you seek liberalization: Come here to this gate! Mr. Gorbachev, open this gate! Mr. Gorbachev, tear down this wall!” While provocative, the speech leveled a difficult criticism at the Soviet Union. Successful countries do not have to wall their citizens in. Two short years later, the Berlin Wall would come down.	(1987) 베를린 장벽 앞에서의 케네디 연설을 상기시키는 이 연설에서, 로널드 레이건은 새로 취임한 소련 지도자 미하일 고르바초프에게 도전장을 내밀었습니다. 브란덴부르크 문을 배경으로 레이건은 선언했습니다: "고르바초프 서기장, 평화를 원한다면, 소련과 동유럽의 번영을 원한다면, 자유화를 원한다면, 이 문으로 오십시오! 고르바초프 씨, 이 문을 여십시오! 고르바초프 씨, 이 장벽을 허무십시오!" 도발적이었지만, 이 연설은 소련에 대한 날카로운 비판을 가했습니다. 성공한 나라는 자국민을 담으로 가둘 필요가 없습니다. 불과 2년 후, 베를린 장벽은 무너졌습니다.
(1983) Flying from New York City, to Seoul, South Korea, the doomed Korean Airlines Flight 007 strayed into Soviet Airspace due to a navigational error involving the plane’s autopilot system. While the Soviets contemporaneously claimed that they did not know that plane was civilian, tape releases after the Cold War indicate that little if any warning was given to the airliner. The Reagan administration rallied global reaction against the Soviets—even playing decoded messages before the UN Security Council. 269 passengers and crew were killed during the attack, including one member of Congress.	(1983) 뉴욕에서 대한민국 서울로 향하던 대한항공 007편은 항공기 자동 조종 장치와 관련된 항법 오류로 인해 소련 영공을 침범했습니다. 소련은 당시 그 비행기가 민간기인 줄 몰랐다고 주장했지만, 냉전 이후 공개된 테이프는 여객기에 거의 아무런 경고가 주어지지 않았음을 보여줍니다. 레이건 행정부는 유엔 안전보장이사회에서 해독된 통신문을 공개하는 등 소련에 대한 세계적인 반응을 결집시켰습니다. 미 의회 의원 1명을 포함한 승객과 승무원 269명이 공격으로 사망했습니다.
(1983 – ?) More properly known as the Strategic Defense Initiative, President Reagan announced this radical departure from the Cold War doctrine of “mutually assured destruction” in a live television speech to the American public. The initial concept for the “space shield” was developed at Lawrence Livermore National Laboratory by Dr. Peter Hagelstein. Notionally, it would create a series of space based satellites powered by nuclear reactors that would create an impenetrable field to block Soviet ICBM’s. While scientifically sound on paper, the concept was never successfully engineered. Later iterations involved “smart pebbles” and missile based interceptors. SDI is frequently credited as one of the factors that convinced Gorbachev that the Soviet Union could not keep up the Cold War.	(1983 – ?) 정식 명칭은 전략방위구상(SDI)으로, 레이건 대통령은 생방송 텔레비전 연설을 통해 미국 국민에게 냉전의 "상호확증파괴" 독트린으로부터의 급진적인 이탈을 선언했습니다. "우주 방패"의 초기 개념은 로렌스 리버모어 국립연구소의 피터 헤이겔스타인 박사가 개발했습니다. 개념상으로는 핵반응로로 구동되는 일련의 우주 기반 위성들을 만들어 소련 대륙간탄도미사일을 차단하는 난공불락의 방어막을 형성하는 것이었습니다. 이론상으로는 과학적으로 타당했지만, 실제로 공학화에 성공하지는 못했습니다. 이후 버전에서는 "스마트 페블"과 미사일 기반 요격체가 등장했습니다. SDI는 고르바초프가 소련이 냉전을 지속할 수 없다는 것을 납득하게 만든 요인 중 하나로 자주 거론됩니다.
(1986) After the fall of Nasser, a petro-dollar empowered strongman, Muamar Qaddafi, sought Libya’s day in the sun as leader of the Arab world. To prove his bona-fides Qaddafi became the leading source for state supported terrorism against the west. As Iran provided a new model for antiwestern resistance, Qaddafi took on an increasingly religious piety in his defamations of the West. Following earlier show-downs involving the Gulf of Sidra, the United States took swift retribution for Libya’s apparent involvement in a West German discotheque bombing that killed an American serviceman. Targeting was heavily focused on killing Qadaffi, and his personal residences were targeted. While he escaped death, Qadaffi’s international prestige was much tarnished.	(1986) 나세르의 몰락 이후, 석유 달러로 권력을 키운 독재자 무아마르 카다피는 아랍 세계의 지도자로서 리비아의 전성기를 꿈꿨습니다. 자신의 진정성을 증명하기 위해 카다피는 서방에 대한 국가 지원 테러의 최대 공급원이 되었습니다. 이란이 반서방 저항의 새로운 모델을 제시하자, 카다피는 서방을 비방할 때 점점 더 종교적 경건함을 내세웠습니다. 시드라 만을 둘러싼 이전의 대결에 이어, 미국은 미국 군인을 사살한 서독 디스코텍 폭탄 테러에 리비아가 연루된 것으로 보이자 신속하게 보복했습니다. 공격 목표는 카다피를 사살하는 데 집중되었으며, 그의 개인 거주지가 표적이 되었습니다. 그는 죽음을 면했지만, 카다피의 국제적 명성은 크게 실추되었습니다.
(1980) While the first oil discoveries in the North Sea occurred in the 1960’s, it would take the Iranian oil crisis to make the exploitation of North Sea oil economically viable. The North Sea contains the majority of Europe’s oil reserves and has become one of the leading non-OPEC producing regions in the world. Shared between the United Kingdom, the Netherlands and Norway, the North Sea fields provided a welcome release from the death grip in which OPEC had hitherto held Western Europe.	(1980) 북해에서의 첫 석유 발견은 1960년대에 이루어졌지만, 북해 석유 개발을 경제적으로 실행 가능하게 만든 것은 이란 석유 위기였습니다. 북해는 유럽 석유 매장량의 대부분을 포함하고 있으며, 세계 최고의 비OPEC 산유 지역 중 하나가 되었습니다. 영국, 네덜란드, 노르웨이가 공유하는 북해 유전은 OPEC이 지금까지 서유럽을 옥죄어온 죽음의 손아귀로부터 반가운 탈출구를 제공했습니다.
(1983) First used by President Ronald Reagan before the National Association of Evangelicals, conservatives applied the term “evil empire” to the Soviet Union. This change in terminology encapsulated the conservative movement’s rejection of Nixon’s morally ambiguous policy of detente. The speech sparked controversy within the NATO alliance, as many European leaders found the speech unnecessarily provocative. Domestically, the left argued that the United States had no room to criticize Soviet actions during the Cold War, and pointed to CIA involvement in places like Chile. The speech gave further indication that the last phase of the Cold War would be a confrontational one.	(1983) 로널드 레이건 대통령이 전국복음주의자협회 앞에서 처음 사용한 이래, 보수주의자들은 소련에 "악의 제국"이라는 표현을 적용했습니다. 이 용어의 변화는 닉슨의 도덕적으로 모호한 데탕트 정책에 대한 보수 운동의 거부를 압축적으로 보여주었습니다. 이 연설은 많은 유럽 지도자들이 불필요하게 도발적이라고 느끼면서 NATO 동맹 내에 논란을 일으켰습니다. 국내에서 좌파는 미국이 냉전 중 소련의 행동을 비판할 자격이 없다고 주장하며 칠레 같은 곳에서의 CIA 개입을 지적했습니다. 이 연설은 냉전의 마지막 국면이 대결적인 것이 될 것임을 더욱 분명히 예고했습니다.
(1955) Reacting to the “loss of China” the United States Congress extended to President Eisenhower open ended authority to defend Taiwan—technically known as the Republic of China on Taiwan—with military force. The resolution came at a time when the United States faced challenges from the People’s Republic in Indochina as well as the Korean peninsula. Effectively, Taiwan sat under the US nuclear umbrella, and the balance of power within the Taiwan Straits would now remain a question of strategic importance to the United States.	(1955) "중국의 상실"에 대응하여, 미국 의회는 아이젠하워 대통령에게 공식적으로 중화민국으로 알려진 대만을 군사력으로 방어할 수 있는 포괄적 권한을 부여했습니다. 이 결의안은 미국이 인도차이나와 한반도에서 중화인민공화국의 도전에 직면하고 있던 시기에 나왔습니다. 사실상 대만은 미국의 핵우산 아래 놓이게 되었으며, 대만해협 내 세력 균형은 이제 미국에 전략적으로 중요한 문제로 남게 되었습니다.
(1948) The Communist Information Bureau, COMINFORM, expelled Yugoslavia for the Marshall Tito’s refusal to conform to Moscow’s wishes. Albania would ultimately follow a similar tack, breaking with Yugoslavia, then Khrushcev’s USSR. While remaining within the Soviet structure, Ceausescu’s Romania would also test the limits of Moscow’s patience with occasional flares of independence and nationalism.	(1948) 공산당 정보국(코민포름)은 티토 원수가 모스크바의 뜻을 따르기를 거부했다는 이유로 유고슬라비아를 축출했습니다. 알바니아도 결국 비슷한 길을 걸으며, 유고슬라비아와 결별하고 이어 흐루쇼프의 소련과도 갈라섰습니다. 소련 체제 안에 머물면서도, 차우셰스쿠의 루마니아 역시 간헐적인 독립 노선과 민족주의로 모스크바의 인내심을 시험했습니다.
(1947-?) The United Nations remained generally unable to influence the struggle between the superpowers due to Security Council veto power throughout the Cold War. However, it occasionally stood as a gauge for world opinion, and could mediate in stalled conflicts throughout the Third World. It was also the backdrop for a number of quintessential moments of the conflict, including the Soviet Korean War walkout, the “We Will Bury You” speech, and of course, the Cuban Missile Crisis – don’t wait for the translation Mr. Zorin!	(1947-?) 유엔은 냉전 내내 안전보장이사회의 거부권으로 인해 강대국 간의 대립에 영향력을 행사하지 못했습니다. 그러나 간간이 세계 여론의 척도 역할을 하거나 제3세계의 교착된 분쟁을 중재하기도 했습니다. 또한 소련의 한국전쟁 퇴장, "우리는 당신들을 매장할 것이다" 연설, 그리고 물론 쿠바 미사일 위기 등 냉전의 정수와 같은 순간들의 배경이 되기도 했습니다 – 조린 씨, 번역을 기다리지 마십시오!
(1947-48, 1965, 1971) From the time of India’s independence from Britain, the Muslim and Hindu elements of this former colony have been in conflict. Pakistan has traditionally been on the losing end of these conflicts, but has relied on US and PRC support to maintain military credibility against a more robust Indian defense capability.	(1947-48, 1965, 1971) 인도가 영국으로부터 독립한 때부터, 이 옛 식민지의 이슬람과 힌두 세력은 갈등을 빚어왔습니다. 파키스탄은 전통적으로 이러한 분쟁에서 패배하는 쪽이었지만, 더욱 강력한 인도의 국방력에 맞서 군사적 신뢰성을 유지하기 위해 미국과 중국의 지원에 의존해왔습니다.
(1945-1973) Code named “Project Paperclip” in the United States, the victors of World War II scrambled to “recruit” former Nazi scientists into their own research establishments. In the West, such efforts involved shielding scientist from war crime investigations. Perhaps the most famous case is Wernher von Braun who is thought of as the father of America’s rocketry program. Stalin was reportedly confounded by Soviets failure to grab this knowledge base first.	(1945-1973) 미국에서 "페이퍼클립 작전"이라는 암호명으로 불린 이 계획에서, 제2차 세계대전의 승전국들은 앞다투어 나치 과학자들을 자국 연구기관에 "영입"하려 했습니다. 서방에서는 이를 위해 해당 과학자들을 전쟁범죄 수사로부터 보호하기도 했습니다. 가장 유명한 사례는 미국 로켓 프로그램의 아버지로 불리는 베르너 폰 브라운입니다. 스탈린은 소련이 이 귀중한 지식 기반을 먼저 확보하지 못한 것에 크게 당혹스러워했다고 전해집니다.
(1956) An embarrassment among allies, the Suez Crisis ended any remaining doubt that the old system of Great Power imperialism was dead. Threatened by Nasser’s nationalization of the Suez Canal, Israel, France, and the United Kingdom conspired to alter Egyptian policy at bayonet point. They failed to appreciate Eisenhower’s aggravation at their unannounced initiative. Though initially militarily successful, the three powers were compelled to withdraw under American pressure.	(1956) 동맹국들 사이에서 큰 망신을 초래한 수에즈 위기는 구식 강대국 제국주의 체제가 사망했다는 남은 의혹을 말끔히 해소시켰습니다. 나세르의 수에즈 운하 국유화에 위협을 느낀 이스라엘, 프랑스, 영국은 이집트의 정책을 총검으로 바꾸려 모의했습니다. 그들은 사전 통보 없이 독자 행동에 나선 것에 대한 아이젠하워의 분노를 간과했습니다. 초기에는 군사적으로 성공했지만, 세 나라는 미국의 압력으로 철수해야만 했습니다.
(1956) During the 20th Party Congress, Nikita Khrushchev openly attacked Stalin’s leadership of the Soviet Union. It was seen both inside and outside the Soviet Union as the beginning of a new era. This proved to be a particularly bloody assumption for Nagy’s Hungary. Khrushchev had no intention of “liberalizing” Soviet domination of Eastern Europe, even if he was trying to bring an end to the cult personality that have characterized internal Soviet government.	(1956) 제20차 당 대회에서 니키타 흐루쇼프는 소련에 대한 스탈린의 지도력을 공개적으로 비판했습니다. 이는 소련 안팎에서 새로운 시대의 시작으로 받아들여졌습니다. 이 가정은 너지의 헝가리에 특히 피비린내 나는 결과를 낳았습니다. 흐루쇼프는 소련 내부 정치를 특징지었던 개인숭배에 종지부를 찍으려 했을 뿐, 동유럽에 대한 소련의 지배를 "자유화"할 의도는 전혀 없었습니다.
(1958-1969) Founder of France’s Fifth Republic, De Gaulle’s role during the Cold War is generally viewed through the lens of second presidency. While still a western ally, De Gaulle attempted to establish France as an independent voice within the confines of the Western campl. He developed an independent nuclear deterrent, withdrew from NATO’s unified command structure, and criticized US policy in Vietnam. He also pursued increased trade and cultural relations with the Soviet Bloc. He sought in all things to restore France to her former place of greatness in world affairs.	(1958-1969) 프랑스 제5공화국의 창설자인 드골의 냉전 역할은 일반적으로 그의 두 번째 대통령 임기라는 렌즈를 통해 평가됩니다. 여전히 서방 동맹국이면서도, 드골은 서방 진영의 울타리 안에서 프랑스를 독자적인 목소리로 세우려 했습니다. 그는 독립적인 핵 억지력을 개발하고, NATO의 통합 지휘 체계에서 탈퇴했으며, 베트남에서의 미국 정책을 비판했습니다. 또한 소련 블록과의 무역 및 문화 관계 확대를 추구했습니다. 그는 모든 면에서 세계 무대에서 프랑스의 과거 위대함을 회복하려 했습니다.
(1950-53) Sparked by a North Korean invasion across the 38th parallel, the Korean War would be the first war sanctioned by the United Nations. There were 15 nations beyond the US and South Korea with combat forces attempting to defend South Korean independence. MacArthur’s campaign to the Yalu River provoked Chinese response that reset the war to its starting positions on the 38th parallel.	(1950-53) 북한의 38선 침공으로 촉발된 한국전쟁은 유엔이 승인한 최초의 전쟁이 되었습니다. 미국과 한국 외에도 15개국이 한국의 독립을 지키기 위해 전투 병력을 파견했습니다. 맥아더의 압록강까지의 진격은 중국의 개입을 유발하여 전선을 다시 38선으로 되돌려 놓았습니다.
(1947-1979) While it is hard to put precise dates on the decolonization process, those dates chosen represent two of the most significant decolonization successes. Sparking the retreat from empire was Britain’s fulfilled promise of independence for India in 1947. At the other extreme, Rhodesia’s first majority elections spelled doom for the apartheid system.	(1947-1979) 탈식민지화 과정에 정확한 날짜를 붙이기는 어렵지만, 이 날짜들은 탈식민지화의 가장 중요한 두 가지 성과를 대표합니다. 제국주의의 후퇴를 촉발한 것은 1947년 영국이 인도에 대한 독립 약속을 이행한 일이었습니다. 반대편 극단에서는 로디지아의 첫 다수결 선거가 아파르트헤이트 체제의 종말을 예고했습니다.
The Cambridge Five (Kim Philby, Guy Burgess, Anthony Blunt, John Cairncross, and Donald Maclean) were British civil servants who, unbeknownst to the British government, had become Communists while at university, and recruited as Soviet agents shortly thereafter. The spy ring was one of the most effective Soviet intelligence efforts of the Cold War, as all five rose to positions of great responsibility and trust in the civil service. Maclean, in particular, was privy to a large number of nuclear secrets; the information regarding the size and readiness of the Western nuclear arsenal played a key role in Stalin’s decisions to blockade Berlin and to arm the North Koreans for their invasion of South Korea. The spy ring fell apart when the U.S. VENONA project exposed Maclean; he and Burgess defected in 1951. Philby was able to elude exposure until 1963, passing secrets all the while; he too managed to defect. Blunt was unmasked around the same time, but secretly gave a confession, exposing other agents (including Cairncross).	케임브리지 파이브(킴 필비, 가이 버지스, 앤서니 블런트, 존 케언크로스, 도널드 매클린)는 영국 공무원들로, 영국 정부가 알지 못한 채 대학 재학 중 공산주의자가 되어 이후 소련 요원으로 포섭되었습니다. 다섯 명 모두 공직에서 막중한 책임과 신뢰를 지닌 자리에 올랐기 때문에, 이 스파이 조직은 냉전 시기 가장 효과적인 소련 정보 활동 중 하나였습니다. 특히 매클린은 수많은 핵 기밀에 접근할 수 있었으며, 서방 핵 전력의 규모와 태세에 관한 정보는 스탈린의 베를린 봉쇄 결정과 북한의 한국 침공을 위한 무장 지원 결정에 핵심적인 역할을 했습니다. 미국의 베노나 프로젝트가 매클린을 폭로하면서 스파이 조직은 와해되었고, 매클린과 버지스는 1951년 망명했습니다. 필비는 1963년까지 발각을 피하며 계속 기밀을 넘겼고, 결국 그도 망명에 성공했습니다. 블런트도 비슷한 시기에 정체가 드러났지만 비밀리에 자백하여 다른 요원들(케언크로스 포함)을 폭로했습니다.
Nuclear 	핵전쟁
 (1947) Formed in 1942 under the War Information Office, the VOA initially broadcast war news into Nazi occupied Europe. In 1947, it altered its mission to begin broadcasting into the Soviet Union. Voice of America has become one of the best known international broadcast efforts in the world. It provided a powerful outside link to the state-controlled media systems of the Eastern Bloc. Together with Radio Free Europe and Radio Free Asia, Voice of America became a hallmark of US public diplomacy efforts during the Cold War.	(1947) 1942년 전쟁정보국 산하에 창설된 미국의 소리(VOA)는 처음에 나치 점령 유럽을 향해 전쟁 소식을 방송했습니다. 1947년에는 임무를 바꿔 소련을 향한 방송을 시작했습니다. 미국의 소리는 세계에서 가장 잘 알려진 국제 방송 중 하나가 되었습니다. 동구권의 국가 통제 언론 체제에 강력한 외부 연결 통로를 제공했습니다. 자유유럽방송, 자유아시아방송과 함께 미국의 소리는 냉전 시대 미국 공공외교 활동의 상징이 되었습니다.
Remove all US Influence in Lebanon plus remove 2 additional US Influence from anywhere in the Middle East.\n	레바논의 미국 영향력을 모두 제거하고, 중동 어디에서든 미국 영향력 2를 추가로 제거한다.\n
USSR gains 2 VP.<br>Improve DEFCON one level.<br>If <font="TIMESI SDF">The Reformer</font> is in effect, then the USSR may place Influence or attempt Realignments as if they played a 4 Ops card.\n	소련이 승점 2를 획득한다.<br>데프콘을 한 단계 개선한다.<br><font="TIMESI SDF">개혁가</font>가 발동 중이면, 소련은 작전치 4 카드를 사용한 것처럼 영향력을 배치하거나 재편성을 시도할 수 있다.\n
All US Realignment rolls have a -1 die roll modifier for the remainder of the turn.\n	이번 턴 남은 동안 미국의 모든 재편성 주사위에 -1 수정치가 적용된다.\n
If the US is ahead on the Space Race track, play this card to search through the discard pile for a non-scoring card of your choice.<br><br>Event occurs immediately.\n	미국이 우주경쟁 트랙에서 앞서 있을 경우, 이 카드를 사용하여 버린 카드 더미에서 점수 카드가 아닌 카드를 하나 골라 가져올 수 있다.<br><br>이벤트는 즉시 발동된다.\n
Set the DEFCON at any level you want (1-5). This event counts as a 5 Military Operations for the purpose of required Military Operations.\n	데프콘을 원하는 수준(1~5)으로 설정한다. 이 이벤트는 필수 군사작전 조건을 위해 군사작전 5로 간주한다.\n
USSR receives 1 VP for each US coup attempt made for the remainder of the current turn.\n	이번 턴 남은 동안 미국이 쿠데타를 시도할 때마다 소련이 승점 1을 획득한다.\n
Player earns VPs equal to current DEFCON level minus 2, then improves DEFCON two levels.\n	현재 데프콘 수준에서 2를 뺀 값만큼 플레이어가 승점을 획득한 후, 데프콘을 두 단계 개선한다.\n
Improve DEFCON two levels.<br>Further Coup attempts incur -1 die roll modifier for both players for the remainder of the turn.<br>Player may sort through discard pile and reclaim one non-scoring card, after revealing it to their opponent.\n	데프콘을 두 단계 개선한다.<br>이번 턴 남은 동안 양 플레이어의 추가 쿠데타 시도에 -1 주사위 수정치가 적용된다.<br>플레이어는 버린 카드 더미를 살펴 점수 카드가 아닌 카드 한 장을 상대에게 공개한 후 회수할 수 있다.\n
Remove all US Influence from Nicaragua. Then USSR may make one free Coup attempt (with this card's Operations value) in a country adjacent to Nicaragua.\n	니카라과의 미국 영향력을 모두 제거한다. 그 후 소련은 이 카드의 작전치로 니카라과에 인접한 국가에서 무료 쿠데타를 한 번 시도할 수 있다.\n
Add 4 Influence in Europe (no more than 2 per country). If USSR is ahead of US in VP, then 6 Influence may be added instead.<br>USSR may no longer conduct Coup attempts in Europe.<br><font="TIMESI SDF">Improves effect of "Glasnost" event.</font>\n	유럽에 영향력 4를 추가한다(국가당 최대 2). 소련이 승점에서 앞서 있다면 대신 영향력 6을 추가할 수 있다.<br>소련은 더 이상 유럽에서 쿠데타를 시도할 수 없다.<br><font="TIMESI SDF">"글라스노스트" 이벤트의 효과를 향상시킨다.</font>\n
The Council for Mutual<br>Economic Assistance	상호경제원조회의<br>(코메콘)
India or Pakistan invades the other (player's choice). Roll one die and subtract 1 for every opponent-controlled country adjacent to the target of the invasion. Player Victory on modified roll of 4-6. Player adds 2 to Military Ops Track.<br><br><b>Effects of Victory:</b> Player gains 2 VP and replaces all opponent's Influence in target country with his Influence.\n	인도 또는 파키스탄이 상대를 침공한다(플레이어 선택). 주사위를 하나 굴리고 침공 대상 인접 국가 중 상대가 지배하는 국가 수만큼 1씩 뺀다. 수정된 주사위가 4~6이면 플레이어 승리. 플레이어는 군사작전 트랙에 2를 추가한다.<br><br><b>승리 효과:</b> 플레이어가 승점 2를 획득하고, 대상 국가의 상대 영향력 전부를 자신의 영향력으로 교체한다.\n
Iran or Iraq invades the other (player's choice). Roll one die and subtract 1 for every opponent-controlled country adjacent to target of invasion. Player Victory on modified roll of 4-6. Player adds 2 to Military Ops Track.<br><b> Effects of Victory: </b> Player gains 2 VP and replaces opponent's Influence in target country with their own.\n	이란 또는 이라크가 상대를 침공한다(플레이어 선택). 주사위를 하나 굴리고 침공 대상 인접 국가 중 상대가 지배하는 국가 수만큼 1씩 뺀다. 수정된 주사위가 4~6이면 플레이어 승리. 플레이어는 군사작전 트랙에 2를 추가한다.<br><b> 승리 효과: </b> 플레이어가 승점 2를 획득하고, 대상 국가의 상대 영향력을 자신의 영향력으로 교체한다.\n
Both players roll a die. Each adds 1<br>for each Region they Dominate or Control. High roller gains 2 VP<br>and may move DEFCON marker<br>one level in either direction.<br>Do not reroll ties.\n	양 플레이어가 주사위를 굴린다. 각자 지배하거나 장악하는 지역 수만큼 1씩 더한다. 높은 쪽이 승점 2를 획득하고<br>데프콘 마커를 한 방향으로<br>한 단계 이동할 수 있다.<br>동점 시 재굴림 없음.\n
Unless the US Player immediately discards a '3' or greater Operations card, double USSR the Influence in two countries in South America.\n	미국 플레이어가 즉시 작전치 3 이상의 카드를 버리지 않으면, 소련의 영향력을 남아메리카의 두 국가에서 두 배로 늘린다.\n
Player 1 Name Player 1 NamePlayer 1 NamePlayer 1 NameNamePlayer 1 NameNamePlayer 1 NameNamePlayer 1 NameNamePlayer 1 NameNamePlayer 1 NameNamePlayer 1 NameNamePlayer 1 NameNamePlayer 1 NameNamePlayer 1 NameNamePlayer 1 NameNamePlayer 1 NameNamePlayer 1 NameNamePlayer 1 NameNamePlayer 1 NameNamePlayer 1 NameNamePlayer 1 NameNamePlayer 1 Name	Player 1 Name Player 1 NamePlayer 1 NamePlayer 1 NameNamePlayer 1 NameNamePlayer 1 NameNamePlayer 1 NameNamePlayer 1 NameNamePlayer 1 NameNamePlayer 1 NameNamePlayer 1 NameNamePlayer 1 NameNamePlayer 1 NameNamePlayer 1 NameNamePlayer 1 NameNamePlayer 1 NameNamePlayer 1 NameNamePlayer 1 NameNamePlayer 1 NameNamePlayer 1 NameNamePlayer 1 Name
efa.kuhvlziduhvzkiudfvhzkdiurv zerliufhzdirughzksiurhfzdr	efa.kuhvlziduhvzkiudfvhzkdiurv zerliufhzdirughzksiurhfzdr
Coalition government. Socialist Governments event has no effect on turns 1 or 2.\n	연립정부. 사회주의 정부 이벤트는 1턴 또는 2턴에 효과가 없다.\n
Special thanks to Randall Stevenson for not giving up.	포기하지 않은 Randall Stevenson에게 특별히 감사드립니다.
<color=white>Special US Condition:</color> For the purposes of playing <color=white>Ussuri River Skirmish</color> or <color=white>Nixon Plays the China Card</color> as events, the US is deemed to be in possession of the <color=white>China Card</color> if the Soviet Player has not yet placed the <color=white>3 Influence Points</color> on the Chinese Civil War space.\n	<color=white>미국 특수 조건:</color> <color=white>우수리강 분쟁</color> 또는 <color=white>닉슨의 중국 카드</color>를 이벤트로 사용할 때, 소련 플레이어가 <color=white>영향력 3</color>을 중국 내전 칸에 아직 배치하지 않았다면 미국이 <color=white>중국 카드</color>를 보유한 것으로 간주한다.\n
"Everyone imposes his own system as far as his army can reach." -Joeseph Stalin	"모든 사람은 자신의 군대가 닿는 곳까지 자신의 체제를 강요한다." -요제프 스탈린
The phasing player always decides whether the event is to take place before or after the Operations are conducted. If a card play triggers an opponent's <color=white>Event</color>, but that <color=white>Event</color> cannot occur because a prerequisite has not been met, the Event does not occur.\n	현재 행동 플레이어는 항상 이벤트가 작전 수행 전에 발동할지 후에 발동할지 결정한다. 카드를 사용하여 상대의 <color=white>이벤트</color>가 발동되더라도, 선행 조건이 충족되지 않아 <color=white>이벤트</color>가 발생할 수 없다면 해당 이벤트는 발동되지 않는다.\n
Chris Condon\nAlexander Goodman\nBlake Hall\nKyle Scarcia	Chris Condon\nAlexander Goodman\nBlake Hall\nKyle Scarcia
"If not me, who? And if not now, when?"- Mikhail Gorbachev\r\n	"내가 아니면 누가? 지금이 아니면 언제?" - 미하일 고르바초프\r\n
Usernamy9012345Usernamy9012345 Usernamy9012345v	Usernamy9012345Usernamy9012345 Usernamy9012345v
Labour wins in a huge landside; Tories fail to reach 100 seats in the Commons. US shies from left-wing elements. US Influence in the UK is reduced by 2.\n	노동당이 압승을 거두고 보수당은 하원 의석 100석에 미치지 못한다. 미국은 좌파 세력에 거리를 둔다. 영국에서의 미국 영향력이 2 감소한다.\n
Japan surrenders after Hiroshima bomb; Stalin reins in surrogates. Remove the Korean War card from the game. On turn 1, US ignores DEFCON restrictions and DEFCON cannot go below 2.\n	히로시마 폭탄 이후 일본이 항복하고 스탈린은 위성국을 억제한다. 한국전쟁 카드를 게임에서 제거한다. 1턴에 미국은 데프콘 제한을 무시하며 데프콘은 2 이하로 내려가지 않는다.\n
The #1 rated strategy board game gets its first expansion!\n\nTurn Zero Scenario\nPromo Packs 1 and 2 (8 cards)\nAlternate Space Race Track\nCollector's Edition Card Art	최고 평점의 전략 보드게임 최초의 확장판!\n\n제로 턴 시나리오\n프로모 팩 1·2 (카드 8장)\n대체 우주경쟁 트랙\n컬렉터 에디션 카드 아트
Twilight Struggle\nBeta Backers	황혼의 투쟁\n베타 후원자
Gene Billingsley\nTony Curtis\nAndy Lewis\nRodger MacGowan\nMark Simonitch	Gene Billingsley\nTony Curtis\nAndy Lewis\nRodger MacGowan\nMark Simonitch
"I am a Marxist-Leninist and I will be one until the last day of my life." - FIDEL CASTRO	"나는 마르크스-레닌주의자이며 죽는 날까지 그럴 것이다." - 피델 카스트로
Soviets invade Manchuria and Korea in early 1945. Apply the 2-3 result. Then, move the US/Japan Mutual Defense Pact card to the Mid War deck and add 1 USSR Influence in each of Japan and South Korea during setup.\n	소련이 1945년 초 만주와 한국을 침공한다. 2~3 결과를 적용한다. 그 후 미일 상호방위조약 카드를 중전 덱으로 이동하고 설정 시 일본과 한국 각각에 소련 영향력 1을 추가한다.\n
•  US/Japan Act\n•  Marshall Plan\n•  NATO\n•  Warsaw Pact\n•  DeGaulle\n•  Flower Power	•  미일 조약\n•  마샬 플랜\n•  나토\n•  바르샤바 조약\n•  드골\n•  플라워 파워
Temporizador de expiración	Temporizador de expiración
Events made unplayable or restricted due to the aforementioned <color=white>Event Restrictions</color> are still playable for <color=white>Operations Points</color>.\n	앞서 언급한 <color=white>이벤트 제한</color>으로 인해 사용 불가 또는 제한된 이벤트도 <color=white>작전치</color>로는 여전히 사용 가능하다.\n
\rTwilight Struggle is a two-player game that simulates the forty-five year dance of intrigue, espionage, political alliances and conflict between the Soviet Union and the United States, known as The Cold War. The nations of the world are the stage, as each country vies to spread their ideology and culture around the globe.	\r황혼의 투쟁은 냉전으로 알려진 소련과 미국 간 45년간의 음모, 첩보, 정치적 동맹, 갈등을 시뮬레이션하는 2인용 게임이다. 세계 각국이 무대가 되어 각자의 이념과 문화를 전 세계에 전파하기 위해 경쟁한다.
Sulaiman Abdul-Kabir\nAlex Shank	Sulaiman Abdul-Kabir\nAlex Shank
Stability x2 for Target Number Iran Example vs 4	안정도 x2 (목표치) 이란 예시 vs 4
Timothy Parker\nRandall Stevenson	Timothy Parker\nRandall Stevenson
There are no available games at this time.<br>Use the Create Game Menu to create a new game.	현재 이용 가능한 게임이 없습니다.<br>게임 생성 메뉴를 사용하여 새 게임을 만드세요.
"Committees" penetrate southern Korea. Soviets receive 1 Influence in South Korea during setup.\r\n	"위원회"가 한국 남부에 침투한다. 설정 시 소련이 한국에 영향력 1을 받는다.\r\n
Pizza and Tacos and Cats & Video Gameys	Pizza and Tacos and Cats & Video Gameys
USSR will play as USSR.\nUSA will play as USA.\nScenario: Standard\nUSSR +3 in Poland [0][3]\nUSSR +1 in Austria [0][1]\nUSSR +1 in Yugoslavia [0][1]\nUSSR +1 in Bulgaria [0][1]\nUS +3 in West Germany [3][0]\nUS +2 in Italy [2][0]\nUS +1 in Greece [1][0]\nUS +1 in Turkey [1][0]\n	소련이 소련으로 플레이합니다.\n미국이 미국으로 플레이합니다.\n시나리오: 표준\n소련 폴란드 +3 [0][3]\n소련 오스트리아 +1 [0][1]\n소련 유고슬라비아 +1 [0][1]\n소련 불가리아 +1 [0][1]\n미국 서독 +3 [3][0]\n미국 이탈리아 +2 [2][0]\n미국 그리스 +1 [1][0]\n미국 튀르키예 +1 [1][0]\n
US rapidly reinforces Chiang; Nationalists retain a stronghold on the mainland. Apply the 4-5 result, and  Taiwan is now permanently a Battleground country. Add 3 US Influence in Taiwan during setup. Replace Formosan Resolution with the Nationalist China card.	미국이 장제스를 신속히 지원하여 국민당이 본토 거점을 유지한다. 4~5 결과를 적용하며, 대만은 이제 영구적인 격전지 국가가 된다. 설정 시 대만에 미국 영향력 3을 추가한다. 포모사 결의를 국민당 중국 카드로 교체한다.
Nationalists prolong struggle with early US aid. The China Card begins face down.\r	미국의 초기 지원으로 국민당이 투쟁을 연장한다. 중국 카드는 뒤집어진 채로 시작한다.\r
US aid slow to arrive; Huaihai campaign knocks out Nationalists. No effect.	미국 지원이 늦게 도착하고 화이하이 전역이 국민당을 격파한다. 효과 없음.
Sino-Soviet relations remain cordial, even if strained on occasion. Remove Ussuri River Skirmish from the game.\n	중소 관계가 간혹 긴장되더라도 우호적으로 유지된다. 우수리강 분쟁 카드를 게임에서 제거한다.\n
Irgun disarms; Palestinians follow suit. US receives an additional 1 Influence in each of Israel, Lebanon, and Jordan during setup.	이르군이 무장 해제하고 팔레스타인도 이에 따른다. 설정 시 미국이 이스라엘, 레바논, 요르단 각각에 추가로 영향력 1을 받는다.
Soviets fund anti-Israel forces. USSR receives 1 Influence in Syria during setup.	소련이 반이스라엘 세력에 자금을 지원한다. 설정 시 소련이 시리아에 영향력 1을 받는다.
Ben-Gurion coalition shaky. Apply the 2-3 result; USSR receives 2 Influence anywhere in the Middle East during setup (no more than 1 per country).\n	벤구리온 연립정부가 불안정하다. 2~3 결과를 적용하며, 설정 시 소련이 중동 어디에든 영향력 2를 받는다(국가당 최대 1).\n
FDR dies just before Yalta Conference; Truman takes hard line with Soviets. Apply the 4-5 result, and the US goes first in all Early War Turns.	얄타 회담 직전에 루즈벨트가 사망하고 트루먼이 소련에 강경 노선을 취한다. 4~5 결과를 적용하며, 초전 전체 턴에서 미국이 먼저 행동한다.
FDR too ill to attend Yalta; Truman recognizes Soviet intentions in Eastern Europe. The US may take Marshall Plan into hand before drawing cards for turn 1 (it still counts against hand limit).	루즈벨트가 너무 병약하여 얄타에 참석하지 못하고 트루먼이 동유럽에서의 소련 의도를 간파한다. 미국은 1턴 카드 드로우 전에 마샬 플랜을 패에 가져올 수 있다(핸드 제한에는 포함된다).
FDR attends Potsdam in poor health; misreads Stalin's intentions. USSR receives 1 additional Influence anywhere in Europe during setup and may take one of Vietnam Revolts or Arab-Israeli War into hand before drawing cards (it still counts against hand limit).	루즈벨트가 건강이 좋지 않은 상태로 포츠담에 참석하여 스탈린의 의도를 오판한다. 설정 시 소련이 유럽 어디에든 영향력 1을 추가로 받으며 카드 드로우 전에 베트남 봉기 또는 아랍-이스라엘 전쟁 중 하나를 패에 가져올 수 있다(핸드 제한에는 포함된다).
A bridge just far enough: Western Allies reach Berlin first. Both players receive 2 Influence in East Germany (for the USSR this is in lieu of that specifically placed in East Germany, but their general Eastern European Influence may be placed there normally). Replace the Europe Scoring card with the Allied Berlin version. Blockade event has no effect.	아슬아슬하게 다리를 확보하여 서방 연합군이 베를린에 먼저 도달한다. 양 플레이어가 동독에 영향력 2를 받는다(소련의 경우 동독에 별도로 배치되는 영향력 대신이며, 일반 동유럽 영향력은 정상적으로 배치 가능). 유럽 점수 카드를 연합군 베를린 버전으로 교체한다. 봉쇄 이벤트는 효과가 없다.
Wehrmacht collapses; Soviets overrun Eastern Europe before Christmas. USSR receives 2 additional Eastern European Influence during setup.\n	국방군이 붕괴하고 소련이 크리스마스 전에 동유럽을 석권한다. 설정 시 소련이 동유럽 영향력 2를 추가로 받는다.\n
Soviets advance past Elbe. Apply the 2-3 result, and USSR receives 1 Influence in West Germany and 1 in Austria during setup.	소련이 엘베강을 넘어 진격한다. 2~3 결과를 적용하며, 설정 시 소련이 서독에 영향력 1, 오스트리아에 영향력 1을 받는다.
If the USSR holds the China Card, reset US Military Operations to zero.<br>If playing with the Chinese Civil War variant, this card cannot be played if Chinese Civil War is still in effect.	소련이 중국 카드를 보유하고 있으면 미국의 군사작전을 0으로 초기화한다.<br>중국 내전 변형 규칙을 사용 중이라면 중국 내전이 여전히 발동 중일 때 이 카드를 사용할 수 없다.
Play at the same time you play a card with a US-affiliated Event for its Operations.<br>Ignore the event text and place the card in the discard pile.<br>Reduce the DEFCON by 1 if this card is played for Operations or its Event.	미국 연관 이벤트 카드를 작전치로 사용할 때 함께 사용한다.<br>이벤트 텍스트를 무시하고 해당 카드를 버린 카드 더미에 놓는다.<br>이 카드가 작전치 또는 이벤트로 사용되면 데프콘을 1 낮춘다.
US takes Operations as if this card were played as Operations. USSR must play a scoring card on its next Action Round if it holds one; if no scoring card is in the USSR hand, the USSR forfeits its next Action Round.	미국은 이 카드가 작전치로 사용된 것처럼 작전치를 획득한다. 소련이 점수 카드를 보유하고 있으면 다음 행동 라운드에 반드시 사용해야 하며, 소련 패에 점수 카드가 없으면 소련은 다음 행동 라운드를 포기한다.
Play only if DEFCON is 2.<br><br>Set DEFCON to 4 or 5.\n	데프콘이 2일 때만 사용 가능.<br><br>데프콘을 4 또는 5로 설정한다.\n
Select India or a country in Africa, Southeast Asia, the Middle East, or South America with at least 2 US and 2 USSR Influence.<br>Remove all the Influence from that country, then take the next four cards from the top of the draw pile and put them in the discard pile (reshuffling if necessary).	인도 또는 아프리카, 동남아시아, 중동, 남아메리카에서 미국 영향력 2와 소련 영향력 2 이상을 보유한 국가를 선택한다.<br>해당 국가의 영향력을 모두 제거한 후, 드로우 더미 맨 위에서 카드 4장을 버린 카드 더미에 놓는다(필요시 재셔플).
Forfeiting a game will count against your <i>Player Rating</i>, a fate far worse than anything in the world, including a nuke.	게임을 기권하면 <i>플레이어 등급</i>에 불이익이 적용됩니다. 이는 핵무기를 포함해 세상 그 어떤 것보다 더 나쁜 결과입니다.
This card cannot resolve until after Marshall Plan or Warsaw Pact Formed has been played.	마샬 플랜 또는 바르샤바 조약 체결이 사용된 이후에만 이 카드를 발동할 수 있다.
<indent=1em>Improve</indent> DEFCON Status Phase: At the beginning of any turn in which the DEFCON status is lower than 5, Improve the DEFCON status by 1.	<indent=1em>데프콘 개선</indent> 단계: 데프콘 수준이 5 미만인 턴의 시작 시 데프콘 수준을 1 개선한다.
<color=white>COST:</color> 1 Op Point to place an Influence marker in a country that is friendly-Controlled or Uncontrolled. It costs two (2) Op Points to place an Influence marker in an enemy-Controlled country.  If a country's Control status changes while placing Influence markers, additional markers placed during that action are placed at the lower cost.	<color=white>비용:</color> 우호 지배 또는 미지배 국가에 영향력 마커를 배치하는 데 작전치 1이 필요하다. 적 지배 국가에 영향력 마커를 배치하는 데는 작전치 2가 필요하다. 영향력 마커를 배치하는 도중 지배 상태가 변경되면, 해당 행동 중 추가로 배치하는 마커는 낮은 비용으로 배치된다.
Drag card here for chance at\nperforming a Realignment in\na country(s) of your choice.	카드를 이곳에 드래그하여\n원하는 국가에서\n재편성을 시도하세요.
<indent=1em>There</indent> are several ways to achieve an automatic victory in Twilight Struggle:	<indent=1em>황혼의</indent> 투쟁에서 자동 승리를 달성하는 방법은 여러 가지가 있다:
Regardless of text on the card, an Event discarded to make a die roll to advance on the Space Race track is not implemented. The card is placed in the discard pile.	카드 텍스트에 상관없이, 우주경쟁 트랙에서 전진하기 위한 주사위 굴림에 버려진 이벤트는 발동되지 않는다. 해당 카드는 버린 카드 더미에 놓인다.
Upon reaching space 8 (Space Station), the player may play eight (8) Action Rounds per turn.\n	우주경쟁 트랙 8번 칸(우주 정거장)에 도달하면 플레이어는 턴당 행동 라운드를 8번 진행할 수 있다.\n
<indent=1em>All</indent> cards remaining in the draw deck are dealt before reshuffling, except in turns 4 and 8.	<indent=1em>4턴과</indent> 8턴을 제외하고, 드로우 덱에 남은 모든 카드는 재셔플 전에 나누어진다.
<indent=1em>Until</indent> the Soviet player has placed 3 Influence Points on the Chinese Civil War space, the Soviet player may not play Red Scare/Purge nor Cultural Revolution as events. Additionally, the US player may not play Formosan Resolution as an event. These cards may be played for Operations Points normally.	<indent=1em>소련</indent> 플레이어가 중국 내전 칸에 영향력 3을 배치하기 전까지, 소련 플레이어는 적색 공포/숙청 또는 문화혁명을 이벤트로 사용할 수 없다. 또한 미국 플레이어는 포모사 결의를 이벤트로 사용할 수 없다. 이 카드들은 작전치로는 정상적으로 사용 가능하다.
<color=white>UNSUCCESSFUL COUP:</color> No Influence markers are moved.	<color=white>쿠데타 실패:</color> 영향력 마커가 이동하지 않는다.
<color=white>CONDITIONS:</color> Opponent must have Influence markers in the target country.	<color=white>조건:</color> 상대방이 대상 국가에 영향력 마커를 보유하고 있어야 한다.
Tool Tip Text<br>this is a tool tip!	Tool Tip Text<br>this is a tool tip!
<color=white>MODIFIERS:</color>\n+1 for each controlled adjacent country\n+1 if adjacent to rolling player's superpower\n+1 if rolling player has more influence in target country than opponent	<color=white>수정치:</color>\n+1 지배 중인 인접 국가 수만큼\n+1 주사위 굴리는 플레이어의 초강대국에 인접한 경우\n+1 주사위 굴리는 플레이어가 대상 국가에서 상대보다 영향력이 많은 경우
<indent=1em>Each</indent> player determines if they are penalized Victory Points for failing to perform enough Military Operations during the turn. Each player then resets his Military Operations markers back to zero.<br><br>	<indent=1em>각</indent> 플레이어는 해당 턴에 충분한 군사작전을 수행하지 못한 것에 대해 승점 패널티를 받는지 확인한다. 이후 각 플레이어는 군사작전 마커를 0으로 초기화한다.<br><br>
<b>PRESENCE:</b> A superpower has Presence in a Region if it Controls at least one country in that Region.	<b>진출:</b> 초강대국이 특정 지역에서 최소 한 개 국가를 지배하고 있으면 해당 지역에 진출한 것으로 간주한다.
Upon reaching space 2 (Earth Satellite), at the beginning of the Check Military Operations Status phase, add two Military Operations to the player's total.\n	우주경쟁 트랙 2번 칸(지구 위성)에 도달하면, 군사작전 상태 확인 단계 시작 시 플레이어의 군사작전 합계에 2를 추가한다.\n
Events made unplayable or restricted due to these Event Restrictions are still playable for Operations points.	이러한 이벤트 제한으로 인해 사용 불가 또는 제한된 이벤트도 작전치로는 여전히 사용 가능하다.
<b>CONTROL:</b> A superpower has Control of a Region if it Controls more countries in that Region than its opponent, and Controls all of the Battleground countries in that Region.	<b>장악:</b> 초강대국이 특정 지역에서 상대보다 더 많은 국가를 지배하고, 해당 지역의 모든 격전지 국가를 지배하고 있을 때 그 지역을 장악한 것으로 간주한다.
All Early and MidWar * (Removable) Events EXCEPT <i>Bear Trap, Camp David, John Paul, Panama Canal</i> are removed.<br><br>The China Card goes to Soviet player.<br><br>The remaining Early, MidWar, and Late War cards are shuffled together and dealt to begin Turn 8.	<i>곰의 함정, 캠프 데이비드, 요한 바오로, 파나마 운하</i>를 제외한 초전·중전의 모든 * (제거 가능) 이벤트가 제거된다.<br><br>중국 카드는 소련 플레이어에게 간다.<br><br>나머지 초전, 중전, 후전 카드를 모두 섞어 8턴 시작 시 나누어 준다.
<indent=1em>If</indent> DEFCON 1 status is reached, nuclear war breaks out and the game ends immediately. The phasing player is responsible for the status marker moving to DEFCON 1, and loses the game.	<indent=1em>데프콘</indent> 1에 도달하면 핵전쟁이 발발하여 게임이 즉시 종료된다. 상태 마커를 데프콘 1로 이동시킨 현재 행동 플레이어가 패배한다.
<indent=1em>Additionally,</indent> terms that have specialized meaning within these rules, such as 'Influence' or 'Battleground', are consistently capitalized to allude to their specialized context within the rules.	<indent=1em>또한,</indent> '영향력'이나 '격전지'처럼 이 규칙 내에서 특수한 의미를 갖는 용어는 규칙상 특수한 맥락을 나타내기 위해 일관되게 대문자로 표기된다.
Upon reaching space 2 (Animal in Space), the player is allowed to discard two Space Race cards per turn (instead of the usual one).\r	우주경쟁 트랙 2번 칸(동물 우주비행사)에 도달하면 플레이어는 턴당 우주경쟁 카드를 두 장 버릴 수 있다(기존 한 장 대신).\r
<indent=1em>Except</indent> for Scoring Cards, all contain an Operations Point value, an Event Title and an Event Description. Scoring cards are labeled "SCORING" and must be played sometime during the turn they are drawn.	<indent=1em>점수</indent> 카드를 제외한 모든 카드에는 작전치, 이벤트 제목, 이벤트 설명이 포함되어 있다. 점수 카드는 "점수 카드"로 표시되며 뽑은 턴 안에 반드시 사용해야 한다.
<indent=1em>Influence </indent>markers may be placed in multiple regions and multiple countries up to the number of Operations Points on the card played.	<indent=1em>영향력 </indent>마커는 사용한 카드의 작전치 수까지 여러 지역 및 여러 국가에 배치할 수 있다.
<color=white>DEFCON:</color> any Coup attempt in a Battleground country degrades the DEFCON status one level to DEFCON 1.	<color=white>데프콘:</color> 격전지 국가에서의 쿠데타 시도는 데프콘 수준을 한 단계 낮춰 데프콘 1이 될 수 있다.
<indent=1em>A</indent> player may only discard one card per turn in an attempt to advance in the Space Race.  <i>Exception:</i> Space Race Track Special Abilities and certain Events may alter this one-card limitation, or advance the superpower's marker on the Space Race track.	<indent=1em>플레이어는</indent> 우주경쟁에서 전진하기 위한 시도로 턴당 카드를 한 장만 버릴 수 있다. <i>예외:</i> 우주경쟁 트랙 특수 능력과 특정 이벤트는 이 한 장 제한을 변경하거나 초강대국 마커를 우주경쟁 트랙에서 전진시킬 수 있다.
<indent=1em>Any</indent> event, rule, action, or card that refers to 'Europe' or 'Asia' includes the associated sub-regions.	<indent=1em>'유럽'</indent> 또는 '아시아'를 언급하는 모든 이벤트, 규칙, 행동, 카드에는 관련 하위 지역도 포함된다.
<br><br>Turkey<br>Nigeria<br>Philippines (3/1)<br>Malaysia (3/1)<br>Honduras<br>Colombia (2/1)\n	<br><br>튀르키예<br>나이지리아<br>필리핀 (3/1)<br>말레이시아 (3/1)<br>온두라스<br>콜롬비아 (2/1)\n
When a country flashes as below, you may add (or remove in certain cases) influence there.	아래와 같이 국가가 깜빡이면 해당 국가에 영향력을 추가(또는 특정 경우 제거)할 수 있습니다.
<indent=1em>A</indent> turn in Twilight Struggle has the following structure:\n	<indent=1em>황혼의</indent> 투쟁의 턴은 다음과 같은 구조로 진행된다:\n
Turn 01 = 1945-1948<br>Turn 02 = 1949-1952<br>Turn 03 = 1953-1956<br>Turn 04 = 1957-1960<br>Turn 05 = 1961-1964<br>Turn 06 = 1965-1969<br>Turn 07 = 1970-1974<br>Turn 08 = 1975-1979<br>Turn 09 = 1980-1984<br>Turn 10 = 1985-1989	1턴 = 1945~1948<br>2턴 = 1949~1952<br>3턴 = 1953~1956<br>4턴 = 1957~1960<br>5턴 = 1961~1964<br>6턴 = 1965~1969<br>7턴 = 1970~1974<br>8턴 = 1975~1979<br>9턴 = 1980~1984<br>10턴 = 1985~1989
<indent=1em>The</indent> Phasing Player is the player whose Action Round is currently being played.	<indent=1em>현재</indent> 행동 플레이어는 현재 행동 라운드를 진행 중인 플레이어이다.
<indent=1em>Special</indent> abilities are granted only to the first player to reach the space. The special effect is immediately cancelled when the second player reaches that box.\n	<indent=1em>특수</indent> 능력은 해당 칸에 먼저 도달한 플레이어에게만 부여된다. 두 번째 플레이어가 해당 칸에 도달하면 특수 효과는 즉시 취소된다.\n
<indent=1em>A</indent> player may not be forced to Hold a Scoring Card through the effects of an Event(s).	<indent=1em>플레이어는</indent> 이벤트 효과로 인해 강제로 점수 카드를 보유하게 될 수 없다.
<b>DOMINATION:</b> A superpower achieves Domination of a Region if it Controls more countries in that Region than its opponent, and it Controls more Battleground countries in that Region than its opponent. A superpower must Control at least one non-Battleground and one Battleground country in a Region in order to achieve Domination of that Region.	<b>지배:</b> 초강대국이 특정 지역에서 상대보다 더 많은 국가를 지배하고, 그 지역에서 상대보다 더 많은 격전지 국가를 지배할 때 해당 지역을 지배한 것이다. 초강대국이 특정 지역에서 지배를 달성하려면 해당 지역에서 비격전지 국가 최소 1개와 격전지 국가 최소 1개를 지배해야 한다.
<indent=1em>When</indent> moving from the Early War deck to Mid War, or from Mid War to Late War, the discards are not added to the deck—instead, the Mid War or Late War cards (as appropriate) are added to the existing deck and reshuffled. The ignored discards remain in the discard pile for now, but will be reshuffled into the deck in the next reshuffle.	<indent=1em>초전</indent> 덱에서 중전으로, 또는 중전에서 후전으로 이동할 때, 버린 카드들은 덱에 추가되지 않는다. 대신 중전 또는 후전 카드(해당 시기에 맞게)가 기존 덱에 추가되어 재셔플된다. 무시된 버린 카드들은 일단 버린 카드 더미에 남아 있다가 다음 재셔플 시 덱에 섞인다.
DESIGN NOTE: Although not exactly geographically correct, the Middle East includes Libya and Egypt for political purposes, while Canada and Turkey are included in the Europe Region.	디자인 노트: 지리적으로 정확하지 않지만, 정치적 목적에 따라 중동에는 리비아와 이집트가 포함되며, 캐나다와 튀르키예는 유럽 지역에 포함된다.
Hungary<br>North Korea\r<br>India<br>Ethiopia<br>Vietnam (0/5)\r	헝가리<br>북한\r<br>인도<br>에티오피아<br>베트남 (0/5)\r
<color=red>EXAMPLE:</color> At the end of the turn the US player has spent two points in Military Operations. If the DEFCON level is currently at 4 the USSR player would gain 2 Victory Points.	<color=red>예시:</color> 턴 종료 시 미국 플레이어가 군사작전에 2점을 사용했다. 현재 데프콘 수준이 4라면 소련 플레이어가 승점 2를 획득한다.
<indent=1em>Controlling</indent> Countries: Each country on the map is considered Controlled by one of the players, or it is uncontrolled. A country is considered Controlled by a player if:	<indent=1em>국가</indent> 지배: 지도의 각 국가는 플레이어 중 한 명이 지배하거나 지배되지 않은 상태이다. 다음 조건을 충족할 경우 플레이어가 해당 국가를 지배하는 것으로 간주한다:
<color=red>EXAMPLE:</color> The US player plays Olympic Games, and the DEFCON status is at 2. The USSR player boycotts the game. The DEFCON status is degraded to level 1, and nuclear war is triggered. The US player, as the phasing player, has lost.	<color=red>예시:</color> 미국 플레이어가 올림픽 게임 카드를 사용하고 데프콘 수준은 2이다. 소련 플레이어가 올림픽을 보이콧한다. 데프콘 수준이 1로 낮아지고 핵전쟁이 발발한다. 현재 행동 플레이어인 미국 플레이어가 패배한다.
US/Japan Pact, Marshall Plan, NATO, Warsaw Pact, DeGaulle, Flower Power.	미일 조약, 마샬 플랜, 나토, 바르샤바 조약, 드골, 플라워 파워.
Upon reaching space 4 (Eagle/Bear has Landed), once per Action Round, placing Influence in a country controlled by the opponent costs the standard 1 Operations point, rather than 2.\r	우주경쟁 트랙 4번 칸(독수리/곰의 착륙)에 도달하면, 행동 라운드당 한 번, 상대가 지배하는 국가에 영향력을 배치하는 비용이 2 대신 표준 작전치 1이 된다.\r
Italy<br>Norway<br>Iran<br>Somalia<br>South Korea<br>Indonesia<br>Panama<br>Chile\n	이탈리아<br>노르웨이<br>이란<br>소말리아<br>한국<br>인도네시아<br>파나마<br>칠레\n
<color=red>EXAMPLE:</color> The Soviet Player has 12 Victory Points. It is the United States' turn on Turn 8, Action Round 1.	<color=red>예시:</color> 소련 플레이어가 승점 12를 보유하고 있다. 8턴 행동 라운드 1, 미국의 차례이다.
<margin-right=7em>First the US player adjusts their marker on the Military Operations Track to show that they have spent three points on Military Operations this turn.	<margin-right=7em>먼저 미국 플레이어가 이번 턴에 군사작전에 3점을 사용했음을 나타내도록 군사작전 트랙의 마커를 조정한다.
<indent=1em>Playing</indent> certain card Events may result in Victory Points being scored.	<indent=1em>특정</indent> 카드 이벤트를 사용하면 승점이 획득될 수 있다.
<indent=1em>Cards</indent> may be played in one of two ways, as Events or Operations.	<indent=1em>카드는</indent> 이벤트 또는 작전치, 두 가지 방법 중 하나로 사용할 수 있다.
<color=white>PROCEDURE:</color> the Stability Number of the target country is multiplied by two (x2).  A die is rolled and added to the Operations points on the Coup triggering card.  If this modified die roll is greater than the doubled stability value, the coup is succesfull, otherwise it fails.	<color=white>절차:</color> 대상 국가의 안정도에 2를 곱한다(x2). 주사위를 굴려 쿠데타를 발동한 카드의 작전치에 더한다. 이 수정된 주사위 결과가 두 배가 된 안정도 값보다 크면 쿠데타가 성공하고, 그렇지 않으면 실패한다.
<indent=1em>For</indent> those of you who would like to dive right into the post-Quagmire era and try out the cool possibilities of a Landed Eagle, Star Wars, and Chernobyl, or Aldrich Ames, the Hostage Crisis, and Terrorism, here's a scenario that cuts to the chase.<br><br><indent=1em>A</indent> sense of the game-turn structure is that the turns roughly represent the following years:	<indent=1em>수렁</indent> 이후 시대로 바로 들어가 독수리 착륙, 스타워즈, 체르노빌, 또는 앨드리치 에임스, 인질 위기, 테러리즘 등의 흥미진진한 가능성을 시험해 보고 싶은 분들을 위해, 핵심으로 바로 접근하는 시나리오를 소개한다.<br><br><indent=1em>게임</indent> 턴 구조는 대략 다음 연도를 나타낸다:
NOTE: If playing an opponent's event during the Headline phase, your opponent implements the event text as if they had played the card themselves. However, the player of the headline card would be considered the phasing player for purposes of the DEFCON status.\r<br><br>	주의: 헤드라인 단계에서 상대의 이벤트가 발동될 경우, 상대방이 직접 카드를 사용한 것처럼 이벤트 텍스트를 실행한다. 단, 데프콘 상태와 관련해서는 헤드라인 카드를 사용한 플레이어가 현재 행동 플레이어로 간주된다.\r<br><br>
PLAY NOTE: Trying to play scoring cards to coincide with your superpower's peak influence in a region is often a crucial factor in winning the game.	플레이 노트: 자신의 초강대국이 특정 지역에서 영향력이 최고조에 달할 때 점수 카드를 사용하는 것이 종종 게임 승리의 핵심 요소가 된다.
Benelux<br>W. Germany (5/1)<br>Pakistan<br>Kenya<br>Taiwan<br>Australia<br>Haiti<br>Argentina	베네룩스<br>서독 (5/1)<br>파키스탄<br>케냐<br>대만<br>오스트레일리아<br>아이티<br>아르헨티나
Spain (1/0)<br>Jordan (2/2)<br>Finland (1/2)<br>Yugoslavia (1/2)<br>Saudi Arabia (2/0)	스페인 (1/0)<br>요르단 (2/2)<br>핀란드 (1/2)<br>유고슬라비아 (1/2)<br>사우디아라비아 (2/0)
<indent=1em>Once</indent> all regions have been scored, victory goes to the player who has accrued most VPs. If the VP marker is on a positive number, the US wins; if the VP marker is on a negative number, the USSR wins. If the VP marker is on zero, the game ends in a draw.	<indent=1em>모든</indent> 지역의 점수가 계산되면, 가장 많은 승점을 획득한 플레이어가 승리한다. 승점 마커가 양수에 있으면 미국이 승리하고, 음수에 있으면 소련이 승리한다. 승점 마커가 0에 있으면 무승부로 게임이 종료된다.
<indent=1em>Any</indent> Coup attempt in a Battleground country degrades the DEFCON status one level.	<indent=1em>격전지</indent> 국가에서의 쿠데타 시도는 데프콘 수준을 한 단계 낮춘다.
<margin-right=7em><color=white>RESTRICTIONS:</color> All markers must be placed adjacent to, or in the same space with friendly Influence markers that were on the map when the Operations card was played.	<margin-right=7em><color=white>제한:</color> 모든 마커는 작전치 카드를 사용할 당시 지도 위에 있던 우호적 영향력 마커와 인접하거나 같은 칸에 배치해야 한다.
E. Germany<br>Bulgaria<br>Iraq<br>Libya<br>Angola (1/3)<br>SE African States (0/2)	동독<br>불가리아<br>이라크<br>리비아<br>앙골라 (1/3)<br>동남아프리카 국가들 (0/2)
<indent=1em>Improve</indent> & Degrade: In all cases, when the rules or cards indicate to 'improve' the DEFCON status, this means to move the DEFCON marker to a higher DEFCON number, while 'degrade' means to move the DEFCON marker to a lower DEFCON number.	<indent=1em>향상</indent> & 저하: 모든 경우에, 규칙이나 카드가 데프콘 상태를 '향상'시키라고 지시할 때는 데프콘 표시자를 더 높은 데프콘 숫자로 이동시킨다는 의미이며, '저하'는 데프콘 표시자를 더 낮은 데프콘 숫자로 이동시킨다는 의미입니다.
4. The first Crisis card from the first pile is revealed.<br><br>	4. 첫 번째 더미에서 첫 번째 위기 카드를 공개합니다.<br><br>
<align="justified"><color=red>EXAMPLE:</color> The US player plays a 3 Operations card to conduct a coup attempt in Mexico. The US player has no Influence in Mexico; the USSR player has 2 Influence points.	<align="justified"><color=red>예시:</color> 미국 플레이어가 작전치 3 카드를 사용하여 멕시코에서 쿠데타를 시도합니다. 미국 플레이어는 멕시코에 영향력이 없고, 소련 플레이어는 영향력 2점을 보유하고 있습니다.
<indent=1em>If</indent> 'The China Card' was passed face-down during the turn, flip it face-up now.<br><br>	<indent=1em>해당</indent> 턴 중에 '중국 카드'가 앞면이 아래로 향한 채 전달되었다면, 지금 앞면이 위로 향하도록 뒤집습니다.<br><br>
<color=white>NOTE:</color> if any Ops points are spent for placing Influence, all ops points from that card must be spent on placing Influence markers.	<color=white>주의:</color> 영향력 배치에 작전치를 사용한 경우, 해당 카드의 모든 작전치는 영향력 표시자 배치에 사용해야 합니다.
<indent=1em>Some</indent> countries contain small numbers with blue or red backgrounds in the lower left or center-right portions of the country space. These numbers indicate Inluence points placed in that country at startup. Influence points that are assigned to a region, but are not assigned to a specific country are noted adjacent to the regional labels on the map.	<indent=1em>일부</indent> 국가 공간의 왼쪽 하단 또는 중앙 우측 부분에 파란색 또는 빨간색 배경의 작은 숫자가 있습니다. 이 숫자는 게임 시작 시 해당 국가에 배치된 영향력 점수를 나타냅니다. 특정 지역에 배정되었지만 특정 국가에 배정되지 않은 영향력 점수는 지도의 지역 레이블 옆에 표기됩니다.
<indent=1em>Events</indent> that allow a free Coup roll do not count towards required Military Operations.	<indent=1em>무료</indent> 쿠데타 주사위 굴림을 허용하는 이벤트는 필수 군사작전 횟수에 포함되지 않습니다.
•<indent=1em>US Dominates South America and Asia</indent><br>•<indent=1em>Soviets Dominate Middle East	•<indent=1em>미국이 남아메리카와 아시아를 지배</indent><br>•<indent=1em>소련이 중동을 지배
PLAY NOTE: Player's may also indicate the play of underlined events with the numbered card reminder markers.	플레이 참고: 플레이어는 번호가 매겨진 카드 알림 표시자를 사용하여 밑줄 친 이벤트의 플레이를 표시할 수도 있습니다.
Czechoslovakia<br><br>Afghanistan<br>Zimbabwe\n	체코슬로바키아<br><br>아프가니스탄<br>짐바브웨\n
Poland<br>Cuba<br>Syria (0/3)<br>Algeria<br>Laos (0/2)	폴란드<br>쿠바<br>시리아 (0/3)<br>알제리<br>라오스 (0/2)
Upon reaching space 4 (Man in Earth Orbit), the opposing player must select and reveal his or her Headline Event before the player with a 'Man in Earth Orbit' makes his/her Headline Event selection.\r\n	공간 4(지구 궤도의 인간)에 도달하면, 상대 플레이어는 '지구 궤도의 인간'을 보유한 플레이어가 헤드라인 이벤트를 선택하기 전에 자신의 헤드라인 이벤트를 선택하고 공개해야 합니다.\r\n
<indent=1em>Cards</indent> that have their Event title underlined are displayed face-up on the side of the game board until they are cancelled (or the game ends).	<indent=1em>이벤트</indent> 제목에 밑줄이 그어진 카드는 취소될 때까지(또는 게임이 끝날 때까지) 게임 보드 옆에 앞면이 위로 향한 채 전시됩니다.
<color=white>PURPOSE:</color> Reduce enemy Influence in a country and possibly add Influence for your own superpower.	<color=white>목적:</color> 한 국가에서 적의 영향력을 줄이고, 자신의 강대국 영향력을 추가할 수도 있습니다.
<color=red>EXAMPLE:</color> The USA Player has 4 Victory Points. It is the Soviet Player's turn on Turn 3, Action Round 4.	<color=red>예시:</color> 미국 플레이어가 승점 4점을 보유하고 있습니다. 3턴, 행동 라운드 4에서 소련 플레이어의 차례입니다.
•<indent=1em>'The China Card' may not be played during the Headline Phase.</indent><br><br>•<indent=1em>Unless the headline event specifically refers to availability of operations points, neither player receives operations points from cards played during the headline phase.\r\r<br><br>	•<indent=1em>'중국 카드'는 헤드라인 단계에서 플레이할 수 없습니다.</indent><br><br>•<indent=1em>헤드라인 이벤트가 작전치 사용 가능 여부를 명시적으로 언급하지 않는 한, 어느 플레이어도 헤드라인 단계에서 플레이한 카드로 작전치를 받지 못합니다.\r\r<br><br>
<indent=1em>During</indent> Tournament or competitive play, both players should reveal any held cards to their opponents to ensure that all required scoring cards are played during the round. Since this detracts from some elements of secrecy in the game, it is not necessary to use this rule in a non-competitive environment.<br><br>	<indent=1em>토너먼트</indent> 또는 경쟁 플레이 시, 두 플레이어는 보유 중인 모든 카드를 상대에게 공개하여 해당 라운드에서 필수 점수 카드가 모두 플레이되었음을 확인해야 합니다. 이는 게임의 비밀 유지 요소 일부를 저해하므로, 비경쟁 환경에서는 이 규칙을 사용할 필요가 없습니다.<br><br>
Until the Soviet Player has placed 3 Influence Points on the Chinese Civil War space the Russian player subtracts an additional 1 when rolling for the resolution of the Korean War event.	소련 플레이어가 중국 내전 공간에 영향력 3점을 배치할 때까지, 소련 플레이어는 한국전쟁 이벤트 해결을 위한 주사위 굴림에서 추가로 1을 뺍니다.
<indent=1em>When</indent> Operations points are played in a Coup attempt, the phasing player moves his marker on the Military Operations track a number of spaces equal to the Operations value of the card. When a War Event card is played (e.g., <i>Arab-Israeli War, Korean War</i> etc.) the phasing player moves his marker the number of spaces designated by the event text.	<indent=1em>쿠데타</indent> 시도에 작전치를 사용하면, 현재 행동 플레이어는 군사작전 트랙에서 카드의 작전 값만큼 자신의 표시자를 이동시킵니다. 전쟁 이벤트 카드(예: <i>아랍-이스라엘 전쟁, 한국전쟁</i> 등)가 플레이될 때, 현재 행동 플레이어는 이벤트 텍스트에 지정된 칸 수만큼 표시자를 이동시킵니다.
PLAY NOTE: Cards are displayed in 3 ways, the Full card, an abbreviated Half Card, and as an Icon.  Both the Half Card and Icon can be expanded to read the Full Card Event text.	플레이 참고: 카드는 전체 카드, 축약된 반쪽 카드, 아이콘의 3가지 방식으로 표시됩니다. 반쪽 카드와 아이콘은 모두 확장하여 전체 카드 이벤트 텍스트를 읽을 수 있습니다.
Then they roll the die for a 4 and adds their Operations Number (3) to get a 7. They now subtract twice the value of Mexico's Stability Number (2x2=4) from this result to get a final total of 3.	그런 다음 주사위를 굴려 4가 나왔고, 자신의 작전치(3)를 더해 7이 됩니다. 여기서 멕시코의 안정도(2x2=4)의 두 배를 빼면 최종 합계 3이 됩니다.
DESIGN NOTE: The Space Race is your 'safety valve.' If you hold a card whose Event is a good one for your opponent, and you don't want the Event to occur, you can dump it on the Space Race (provided it has enough Operations points to qualify for an attempt to move forward).	디자인 참고: 우주경쟁은 여러분의 '안전판'입니다. 상대방에게 유리한 이벤트가 있는 카드를 보유하고 있고, 해당 이벤트가 발생하는 것을 원하지 않는다면, 우주경쟁에 버릴 수 있습니다(앞으로 이동 시도에 충분한 작전치가 있는 경우에 한해).
Upon reaching space 7 (Neutron Bombs), the player's opponent Coup attempts incur a -1 modifier to their die roll.\r	공간 7(중성자 폭탄)에 도달하면, 해당 플레이어의 상대는 쿠데타 시도 시 주사위 굴림에 -1 수정자가 적용됩니다.\r
<indent=1em>Influence </indent>markers may always be placed in any country that is adjacent (connected) to the phasing player's superpower space.	<indent=1em>영향력 </indent>표시자는 현재 행동 플레이어의 강대국 공간에 인접한(연결된) 모든 국가에 언제든지 배치할 수 있습니다.
<indent=1em>Many</indent> cards have an asterisk following their Event title. When these cards are played as Events, they are removed permanently from the game.	<indent=1em>많은</indent> 카드는 이벤트 제목 뒤에 별표(*)가 있습니다. 이 카드들이 이벤트로 플레이되면 게임에서 영구적으로 제거됩니다.
UK<br>Denmark<br>Israel<br>Zaire<br>Japan<br>Thailand<br>Nicaragua<br>Venezuela<br>Dominican Republic	영국<br>덴마크<br>이스라엘<br>자이르<br>일본<br>태국<br>니카라과<br>베네수엘라<br>도미니카 공화국
<color=white>MILITARY OPERATIONS (MilOPS):</color> the Required Military Operations marker is moved a number of spaces equal to the Operations value of the card.	<color=white>군사작전 (군사작전):</color> 필수 군사작전 표시자가 카드의 작전 값만큼 이동합니다.
<indent=1em>Each</indent> card has a symbol to indicate which superpower is associated with its Event, as follows:	<indent=1em>각</indent> 카드에는 해당 이벤트와 연관된 강대국을 나타내는 기호가 있으며, 다음과 같습니다:
<indent=1em>Move</indent> the Turn Marker to the next turn. If it is the end of turn 3, shuffle the Mid War cards into the draw deck. If it is the end of turn 7, shuffle the Late war cards into the draw deck.<br><br>	<indent=1em>턴</indent> 표시자를 다음 턴으로 이동합니다. 3턴이 끝나면 중전 카드를 뽑기 덱에 섞어 넣습니다. 7턴이 끝나면 후전 카드를 뽑기 덱에 섞어 넣습니다.<br><br>
<indent=1em>Battleground</indent> States: Battleground countries operate the same way as normal spaces but have special rules for scoring and coup attempts. Their country name background is highlighted in red for easy recognition.	<indent=1em>격전지</indent> 국가: 격전지 국가는 일반 공간과 동일하게 운영되지만, 점수 계산 및 쿠데타 시도에 특별 규칙이 적용됩니다. 국가 이름 배경이 빨간색으로 강조 표시되어 쉽게 알아볼 수 있습니다.
<indent=1em>DEFCON</indent> status measures nuclear tension in the game. The DEFCON level begins the game at its maximum 'peace' level of 5. It can go down and back up due to events and actions by the players, but if, at any point, it decreases to 1, the game ends immediately.	<indent=1em>데프콘</indent> 상태는 게임 내 핵 긴장 수준을 측정합니다. 데프콘 수준은 게임 시작 시 최대 '평화' 수준인 5에서 시작합니다. 이벤트 및 플레이어의 행동으로 인해 오르내릴 수 있지만, 어느 시점에서든 1로 낮아지면 게임은 즉시 종료됩니다.
<indent=1em>Coup</indent> attempts and war events are Military Operations. Realignment Rolls are not considered Military Operations.	<indent=1em>쿠데타</indent> 시도와 전쟁 이벤트는 군사작전입니다. 재편성 굴림은 군사작전으로 간주되지 않습니다.
<indent=30%>A. Improve DEFCON Status<br>B. Deal Cards<br>C. Headline Phase<br>D. Action Rounds<br>E. Check Military Operations Status<br>F. Reveal Held Card (Tournament only)<br>G. Flip 'The China Card'<br>H. Advance Turn Marker<br>I. Final Scoring (after Turn 10 only)	<indent=30%>A. 데프콘 상태 향상<br>B. 카드 배분<br>C. 헤드라인 단계<br>D. 행동 라운드<br>E. 군사작전 상태 확인<br>F. 보유 카드 공개 (토너먼트 전용)<br>G. '중국 카드' 뒤집기<br>H. 턴 표시자 전진<br>I. 최종 점수 계산 (10턴 이후에만)
<margin-right=7em>This is the number of Influence markers they may remove from/add to Mexico. First, the US would remove the 2 Soviet Influence markers, then place 1 USInfluence marker.	<margin-right=7em>이것은 플레이어가 멕시코에서 제거하거나 추가할 수 있는 영향력 표시자의 수입니다. 우선 미국은 소련 영향력 표시자 2개를 제거한 후, 미국 영향력 표시자 1개를 배치합니다.
This is the Turn Track Display at the start of the game.  There are 0 Victory Points, and it is the Headline Phase of Turn 1	이것은 게임 시작 시 턴 트랙 표시입니다. 승점은 0점이며, 1턴의 헤드라인 단계입니다.
<indent=1em>It </indent>costs one (1) Operations point to place an Influence marker in a country that is friendly-Controlled or uncontrolled. It costs two (2) Operations points to place an Influence marker in an enemy-Controlled country. If a country's Control status changes while placing Influence markers, additional markers placed during that Action Round are placed at the lower cost.<br><br>	<indent=1em>아군이 </indent>지배하거나 비지배 국가에 영향력 표시자를 배치하는 데 작전치 1점이 소모됩니다. 적군이 지배하는 국가에 영향력 표시자를 배치하는 데는 작전치 2점이 소모됩니다. 영향력 표시자를 배치하는 동안 국가의 지배 상태가 변경되면, 해당 행동 라운드에서 추가로 배치하는 표시자는 낮은 비용으로 배치됩니다.<br><br>
<indent=1em>Countries</indent> are connected to one another via the black, red and brown lines on the map. Brown lines represent connections within a region. Red dashed lines represent connections between countries in different regions. The black lines indicate connections between countries and superpowers. A country is considered adjacent to all other countries to which it is connected.	<indent=1em>국가들은</indent> 지도의 검정, 빨강, 갈색 선으로 서로 연결되어 있습니다. 갈색 선은 같은 지역 내 연결을 나타냅니다. 빨간 점선은 서로 다른 지역의 국가들 간의 연결을 나타냅니다. 검정 선은 국가와 강대국 간의 연결을 나타냅니다. 국가는 연결된 모든 다른 국가에 인접한 것으로 간주됩니다.
<indent=1em>"We</indent> go into space because whatever mankind must undertake, free men must fully share . . . I believe that this nation should commit itself to achieving the goal, before the decade is out, of landing a man on the moon and returning him safely to the earth."<br><align=right>—John F. Kennedy	<indent=1em>"우리가</indent> 우주로 나아가는 것은 인류가 반드시 해내야 할 일이라면 자유인들도 온전히 함께 해야 하기 때문입니다 . . . 나는 이 나라가 이 10년이 끝나기 전에 달에 인간을 착륙시키고 그를 안전하게 지구로 귀환시킨다는 목표를 달성하는 데 전념해야 한다고 믿습니다."<br><align=right>—존 F. 케네디
Upon reaching space 6 (Anti-Ballistic Missiles), once per turn the player may re-roll one of their Coup attempts, accepting the re-rolled result.	공간 6(탄도탄 요격 미사일)에 도달하면, 해당 플레이어는 턴당 한 번 자신의 쿠데타 시도 중 하나를 다시 굴릴 수 있으며, 다시 굴린 결과를 받아들여야 합니다.
<indent=1em>If</indent> a player uses a card for Operations points, and thereby triggers a War Event associated with his opponent, his opponent's Military marker is moved on the Military Operations track as directed by the Event text.	<indent=1em>플레이어가</indent> 카드를 작전치로 사용하여 상대방과 연관된 전쟁 이벤트를 발동시킬 경우, 상대방의 군사 표시자가 이벤트 텍스트에 지시된 대로 군사작전 트랙에서 이동합니다.
<indent=1em>Each</indent> space on the map represents a country or bloc of countries (hereafter simply called a country). Each country has a Stability Number representing the country's overall stability, independence and power.	<indent=1em>지도의</indent> 각 공간은 하나의 국가 또는 국가 블록(이하 단순히 '국가'라고 함)을 나타냅니다. 각 국가에는 해당 국가의 전반적인 안정성, 독립성 및 국력을 나타내는 안정도가 있습니다.
If a player reaches the final box in the Space Race, no more cards may be expended in the Space Race by that player for the remainder of the game.\n	플레이어가 우주경쟁의 마지막 칸에 도달하면, 해당 플레이어는 게임 나머지 동안 더 이상 우주경쟁에 카드를 사용할 수 없습니다.\n
<indent=1em>If the DEFCON level is lower than 5, add one to the DEFCON status (towards Peace).	<indent=1em>데프콘 수준이 5 미만이면, 데프콘 상태를 1 높입니다(평화 방향으로).
DESIGN NOTE: Being adjacent is not entirely a reflection of geography. Several countries that share physical boundaries do not have connections in the game. This is not a map error but is part of the mechanics of the game and the political situation of the times.	디자인 참고: 인접성은 지리적 현실을 완전히 반영하지는 않습니다. 실제로 국경을 맞대고 있는 국가들도 게임에서는 연결되어 있지 않을 수 있습니다. 이는 지도 오류가 아니라 게임 메커니즘과 당시의 정치적 상황을 반영한 것입니다.
•<indent=1em>The player has Influence points in the country greater than or equal to the country's Stability Number, and</indent><br>•<indent=1em>The player's Influence in the country exceeds his/her opponent's Influence in that country by at least the country's Stability Number.	•<indent=1em>해당 국가에서 플레이어의 영향력 점수가 국가의 안정도 이상이어야 하며,</indent><br>•<indent=1em>해당 국가에서 플레이어의 영향력이 상대방의 영향력보다 적어도 해당 국가의 안정도만큼 초과해야 합니다.
<indent=1em>When</indent> there are no cards remaining in the draw deck, all discards are reshuffled to form a new draw deck. Note that cards played as Events with an asterisk (*) are removed from the game when they are played, and are not shuffled into the new draw deck.	<indent=1em>뽑기</indent> 덱에 카드가 남아 있지 않으면, 모든 버린 카드를 다시 섞어 새 뽑기 덱을 만듭니다. 별표(*)가 있는 이벤트로 플레이된 카드는 플레이 시 게임에서 영구 제거되며, 새 뽑기 덱에 섞이지 않습니다.
<color=white>PURPOSE:</color> Reduce enemy Influence in a country.	<color=white>목적:</color> 한 국가에서 적의 영향력을 줄입니다.
<indent=1em>The</indent> effects of these special abilities are immediate and cumulative.	<indent=1em>이러한</indent> 특수 능력의 효과는 즉각적이며 누적됩니다.
<color=white>MODIFIERS:</color><br>+1 for each controlled adjacent country<br>+1 if adjacent to rolling player's superpower<br>+1 if rolling player has more influence in target country than opponent	<color=white>수정자:</color><br>+1 지배하는 인접 국가 하나당<br>+1 굴림 플레이어의 강대국에 인접한 경우<br>+1 굴림 플레이어가 목표 국가에서 상대보다 영향력이 더 많을 경우
PLAY NOTE: The region scoring button will display an icon to remind you that no Realignment or Coups are permitted.	플레이 참고: 지역 점수 버튼에 재편성이나 쿠데타가 허용되지 않음을 상기시키는 아이콘이 표시됩니다.
<color=white>PURPOSE:</color> To increase Influence in a country.	<color=white>목적:</color> 한 국가에서 영향력을 증가시킵니다.
France (3/1)<br>Egypt (1/0)<br>Burma (0/1)\n	프랑스 (3/1)<br>이집트 (1/0)<br>버마 (0/1)\n
<indent=1em>Victory</indent> Points may be scored due to your opponent's failure to perform the number of required military operations during the turn.	<indent=1em>승점은</indent> 상대방이 해당 턴 동안 필수 군사작전 횟수를 수행하지 못한 경우에도 획득할 수 있습니다.
<indent=1em>You</indent> may place Influence in any adjacent country you already have Influence in at the start of your placing Influence. Adjacent countries are highlight as below:	<indent=1em>영향력</indent> 배치를 시작할 때 이미 영향력을 보유하고 있는 모든 인접 국가에 영향력을 배치할 수 있습니다. 인접 국가는 아래와 같이 강조 표시됩니다:
<indent=1em>The</indent> DEFCON status may never Improve above 5. Any event that would Improve the DEFCON status above 5 has no DEFCON effect.	<indent=1em>데프콘</indent> 상태는 5 이상으로 향상될 수 없습니다. 데프콘 상태를 5 이상으로 향상시키는 이벤트는 데프콘에 아무런 효과가 없습니다.
<indent=1em>The</indent> consequences of the DEFCON status levels are on the DEFCON Track, and are reproduced here:\n	<indent=1em>데프콘</indent> 수준별 결과는 데프콘 트랙에 표시되어 있으며, 여기에 재현됩니다:\n
<color=red>EXAMPLE:</color> The US player uses the 'Arab-Israeli War' card for Operations points, thereby also triggering the War Event (as it is associated with the Soviet Union player). In addition to the Event taking place as directed on the card, the USSR player moves his Military Operations marker two spaces on the Military Operations track.	<color=red>예시:</color> 미국 플레이어가 '아랍-이스라엘 전쟁' 카드를 작전치로 사용하면, 이로 인해 전쟁 이벤트(소련 플레이어와 연관되어 있으므로)도 발동됩니다. 카드에 지시된 대로 이벤트가 발생하는 것 외에도, 소련 플레이어는 군사작전 트랙에서 군사작전 표시자를 두 칸 이동시킵니다.
Romania (1/3)\r<br>South Africa (2/1)\r<br>Peru (2/1)\r	루마니아 (1/3)\r<br>남아프리카 (2/1)\r<br>페루 (2/1)\r
Once per turn you may re-roll one of your coup attempts, accepting\nthe re-rolled result	턴당 한 번 쿠데타 시도 중 하나를 다시 굴릴 수 있으며,\n다시 굴린 결과를 받아들여야 합니다
<color=red>EXAMPLE:</color> The USSR player successfully reaches space 2. He may play a second Space Race Card during his next Action Round. If the USSR player reached space 4 before the US player had reached space 2, the USSR player could play two Space Race cards per turn, and require the US Player to show his Headline Phase event before selecting his own.	<color=red>예시:</color> 소련 플레이어가 공간 2에 성공적으로 도달했습니다. 소련 플레이어는 다음 행동 라운드에 우주경쟁 카드를 한 장 더 플레이할 수 있습니다. 소련 플레이어가 미국 플레이어보다 먼저 공간 4에 도달했다면, 소련 플레이어는 턴당 우주경쟁 카드를 두 장 플레이할 수 있고, 미국 플레이어는 자신의 헤드라인 단계 이벤트를 선택하기 전에 공개해야 합니다.
<color=white>MODIFIERS:</color><br>+1<indent=1.5em>for each controlled adjacent country</indent><br>+1<indent=1.5em>if adjacent to rolling player's superpower</indent><br>+1<indent=1.5em>if rolling player has more influence in target country than opponent	<color=white>수정자:</color><br>+1<indent=1.5em>지배하는 인접 국가 하나당</indent><br>+1<indent=1.5em>굴림 플레이어의 강대국에 인접한 경우</indent><br>+1<indent=1.5em>굴림 플레이어가 목표 국가에서 상대보다 영향력이 더 많을 경우
<indent=1em>At</indent> the end of turn 10, perform Final Scoring as described in the Scoring rules.<br><br>	<indent=1em>10턴이</indent> 끝날 때, 점수 규칙에 설명된 대로 최종 점수 계산을 수행합니다.<br><br>
•<indent=1em>Turn at 8</indent><br>\r•<indent=1em>DEFCON at 4</indent><br>\r•<indent=1em>Space Race: Soviet at Man in Earth Orbit; US at Eagle has Landed</indent><br>\r•<indent=1em>VP at –4	•<indent=1em>8턴</indent><br>\r•<indent=1em>데프콘 4</indent><br>\r•<indent=1em>우주경쟁: 소련 지구 궤도의 인간; 미국 독수리의 착륙</indent><br>\r•<indent=1em>승점 –4
<indent=1em>There</indent> are two spaces on the map representing the geographic locations of the United States and the Soviet Union. They are out of play for Influence Markers, but provide the same benefits as "adjacent controlled countries" for the purposes of events and realignments.	<indent=1em>지도에는</indent> 미국과 소련의 지리적 위치를 나타내는 두 개의 공간이 있습니다. 이 공간들은 영향력 표시자 배치 대상이 아니지만, 이벤트 및 재편성 목적으로 "인접 지배 국가"와 동일한 혜택을 제공합니다.
Upon reaching space 6 (Eagle/Bear has Landed), the player may discard their Held Card at the end of the turn.	공간 6(독수리/곰의 착륙)에 도달하면, 해당 플레이어는 턴이 끝날 때 보유 카드를 버릴 수 있습니다.
<indent=1em>The</indent> Soviet Union must place three Influence on the Chinese Civil War space to Control it. Soviet Influence is placed in the Chinese Civil War space according to the rules for placing influence in countries. If the China card remains unclaimed throughout the game, no player receives the victory point for possession of the China Card during end game scoring.	<indent=1em>소련은</indent> 중국 내전 공간을 지배하려면 영향력 3점을 배치해야 합니다. 소련 영향력은 국가에 영향력을 배치하는 규칙에 따라 중국 내전 공간에 배치됩니다. 중국 카드가 게임 내내 어느 플레이어에게도 소유되지 않으면, 게임 종료 점수 계산 시 중국 카드 소지에 대한 승점을 받는 플레이어가 없습니다.
After Turn 10 final scoring or if US plays WARGAMES event, US must have 20+ VP or Soviet player wins.	10턴 최종 점수 계산 후 또는 미국이 전쟁게임 이벤트를 플레이하면, 미국은 승점 20점 이상을 보유해야 하며 그렇지 않으면 소련 플레이어가 승리합니다.
<indent=1em>Influence </indent>markers are treated like cash. Players may 'break' a large denomination into smaller denominations at any time. Additionally, the number of Influence markers included in the game is not an absolute limit. Small poker chips, coins or wooden blocks can be utilized to substitute in the event of a marker shortage.	<indent=1em>영향력 </indent>표시자는 현금처럼 취급됩니다. 플레이어는 언제든지 큰 단위를 작은 단위로 '교환'할 수 있습니다. 또한 게임에 포함된 영향력 표시자의 수는 절대적인 한계가 아닙니다. 표시자가 부족할 경우 작은 포커 칩, 동전 또는 나무 블록으로 대체할 수 있습니다.
<indent=1em>Each</indent> player receives enough cards to bring their total hand size to 8 on turns 1-3. On turns 4-10, players should receive enough cards to bring their total hand size to 9. 'The China Card' is never included in this total.	<indent=1em>각</indent> 플레이어는 1-3턴에 총 패 크기가 8장이 되도록 충분한 카드를 받습니다. 4-10턴에는 총 패 크기가 9장이 되도록 충분한 카드를 받습니다. '중국 카드'는 이 합계에 포함되지 않습니다.
<indent=1em>Cards</indent> that are discarded (not permanently removed from the game) are placed in a face up pile adjacent to the draw pile.	<indent=1em>버린</indent> 카드(게임에서 영구 제거되지 않은 카드)는 뽑기 더미 옆에 앞면이 위로 향한 채 쌓아 놓습니다.
To U.S.A.	미국으로
Domin. Rep.	도미니카 공화국
Dominican Republic	도미니카 공화국
Nuclear Warheads Available: 53,430\n	Nuclear Warheads Available: 53,430\n
Nuclear Warheads Available: 53,	Nuclear Warheads Available: 53,
Nuclear Warheads Available: 53	Nuclear Warheads Available: 53
Resolution 1600x1024, 60Hz	Resolution 1600x1024, 60Hz
"I am a Marxist-Leninist and I w	"I am a Marxist-Leninist and I w
"I am a Marxist-Leninist and I will be 	"I am a Marxist-Leninist and I will be
"I am a Marxist-Leninist and I will be one unti	"I am a Marxist-Leninist and I will be one unti
"I am a Marxist-Leninist and I will be one until the l	"I am a Marxist-Leninist and I will be one until the l
"I am a Marxist-Leninist and I will be one until the last day 	"I am a Marxist-Leninist and I will be one until the last day
"I am a Marxist-Leninist and I will be one until the last day of my l	"I am a Marxist-Leninist and I will be one until the last day of my l
"I am a Marxist-Leninist and I will be one until the last day of my life." - 	"I am a Marxist-Leninist and I will be one until the last day of my life." -
"I am a Marxist-Leninist and I will be one until the last day of my life." - FIDEL CA	"I am a Marxist-Leninist and I will be one until the last day of my life." - FIDEL CA
"I am a Marxist-Leninist and 	"I am a Marxist-Leninist and
"I am a Marxist-Leninist and I will b	"I am a Marxist-Leninist and I will b
"I am a Marxist-Leninist and I will be one u	"I am a Marxist-Leninist and I will be one u
"I am a Marxist-Leninist and I will be one until the	"I am a Marxist-Leninist and I will be one until the
The People’s Republic of China played a pivotal role during the Cold War. While the PRC’s influence was largely limited to satellites in Asia, the country was important to the uneasy balance of power that ultimately descended upon the post-WWII world. While beginning as an ally of the USSR, China became a counter-balance to the Soviet Influence in Asia during the later stages of the Cold War.	중화인민공화국은 냉전 기간 동안 중추적인 역할을 했습니다. 중화인민공화국의 영향력은 주로 아시아의 위성국들에 한정되었지만, 2차 세계대전 이후 세계에 드리운 불안한 세력 균형에 중요한 역할을 했습니다. 소련의 동맹국으로 시작하였으나, 중국은 냉전 후반기에 아시아에서 소련의 영향력에 대한 균형추가 되었습니다.
Some Cold War historians view the entire struggle, costing millions of lives, untold trillions of dollars, and conflict around the globe, as a struggle for the future of Germany. While that view may be too myopic, it is clear that Europe always remained in the forefront of strategy and emphasis. Defeat in Europe ultimately meant defeat in the Cold War.	일부 냉전 역사가들은 수백만 명의 목숨과 헤아릴 수 없는 수조 달러, 그리고 전 세계적인 분쟁을 야기한 이 전체 투쟁을 독일의 미래를 위한 싸움으로 봅니다. 그러한 시각이 지나치게 근시안적일 수 있지만, 유럽이 항상 전략과 중점의 최전선에 있었다는 것은 분명합니다. 유럽에서의 패배는 결국 냉전에서의 패배를 의미했습니다.
"I am a Marxist-Leninist 	"I am a Marxist-Leninist
"I am a Marxist-Leninist a	"I am a Marxist-Leninist a
"I am a Marxist-Leninist and I wil	"I am a Marxist-Leninist and I wil
Click drop down to\nselect game type\npreferences.	드롭다운을 클릭하여\n게임 유형\n환경설정을 선택합니다.
Select India or a country in Africa, Southeast Asia, the Middle East, or South America with at least 2 US and<br>2 USSR Influence.\n\nRemove all Influence from that country, then take the next four cards from the top of the draw pile and put them in the discard pile (reshuffling if necessary).	미국 영향력 2 이상과<br>소련 영향력 2 이상이 있는 인도 또는 아프리카, 동남아시아, 중동, 남아메리카의 국가를 선택합니다.\n\n해당 국가에서 모든 영향력을 제거한 후, 뽑기 더미 맨 위에서 카드 4장을 가져와 버린 더미에 놓습니다(필요시 재섞기).
If the USSR holds the China Card, reset US Military Operations to zero.<br><br>If playing with the Chinese Civil War variant, this card cannot be played if Chinese Civil War is still in effect.	소련이 중국 카드를 보유하고 있으면, 미국의 군사작전을 0으로 초기화합니다.<br><br>중국 내전 변형 규칙을 사용 중이라면, 중국 내전이 아직 진행 중인 경우 이 카드를 플레이할 수 없습니다.
Play this card simultaneously with a card containing your opponent's associated Event. The Event is canceled, but you<br>may use its Operations value to Conduct Operations. Place the canceled Event<br>card in the discard pile.<br><br>May not be played during Headline Phase.	상대방과 연관된 이벤트가 있는 카드와 동시에 이 카드를 플레이합니다. 이벤트는 취소되지만, 해당 카드의<br>작전 값을 작전 수행에 사용할 수 있습니다. 취소된 이벤트<br>카드를 버린 더미에 놓습니다.<br><br>헤드라인 단계에서는 플레이할 수 없습니다.
Add one US Influence in each of seven<br>non-USSR Controlled Western<br>European Countries.<br><br><i>Allows play of "NATO"</i>.	소련이 지배하지 않는 서유럽<br>국가 7개 각각에 미국 영향력을 1씩<br>추가합니다.<br><br><i>"NATO" 플레이 허용</i>.
Play in Headline Phase to cancel USSR Headline event, including Scoring Card.<br><br>Place the canceled Event card in the Discard Pile.<br><br>If <i>"Defectors"</i> played by USSR during Soviet action round, US gains 1 VP (unless played on the Space Race).	헤드라인 단계에서 플레이하여 점수 카드를 포함한 소련의 헤드라인 이벤트를 취소합니다.<br><br>취소된 이벤트 카드를 버린 더미에 놓습니다.<br><br>소련이 자신의 행동 라운드에 <i>"망명자"</i>를 플레이하면, 미국이 승점 1점을 획득합니다(우주경쟁에 사용한 경우 제외).
Taiwan shall be treated as a Battleground country for scoring purposes, if the US controls Taiwan when the Asia Scoring Card is played or during Final Scoring at the end of Turn 10. Taiwan is not a Battleground country for any other game purpose.<br><br><font="TIMESI SDF">This card's effect is cancelled after the US play of "The China Card"</font>.	아시아 점수 카드가 플레이될 때 또는 10턴 종료 시 최종 점수 계산 시 미국이 대만을 지배하고 있다면, 대만은 점수 계산 목적에서 격전지 국가로 취급됩니다. 대만은 그 밖의 다른 게임 목적에서는 격전지 국가가 아닙니다.<br><br><font="TIMESI SDF">이 카드의 효과는 미국이 "중국 카드"를 플레이한 후 취소됩니다</font>.
Remove all US Influence from four countries in Eastern Europe, or add 5 USSR Influence in Eastern Europe, adding no more than 2 per country.<br><br><i>Allows play of "NATO"</i>.	동유럽 4개국에서 미국 영향력을 모두 제거하거나, 동유럽에 소련 영향력을 5 추가합니다(국가당 최대 2 이하).<br><br><i>"NATO" 플레이 허용</i>.
Add 3 US Influence in East Germany.<br>Then US may make a free Coup attempt or Realignment rolls in Europe using this card's Ops Value.<br><i>Cancels/Prevents "Willy Brandt".</i>	동독에 미국 영향력 3을 추가합니다.<br>그런 다음 미국은 이 카드의 작전 값을 사용하여 유럽에서 무료 쿠데타 시도 또는 재편성 굴림을 수행할 수 있습니다.<br><i>"빌리 브란트" 취소/방지.</i>
US gains 1 VP.<br><br><i>Cancels/Prevents "Flower Power".</i>	미국이 승점 1점을 획득합니다.<br><br><i>"꽃의 힘" 취소/방지.</i>
Nixon Plays<br>the China Card*	닉슨,<br>중국 카드를 플레이하다*
Improve DEFCON two levels.<br><br>Both players incur -1 die roll modifier on Coup attempts for the rest of the turn.<br><br>Player may sort through discard pile and reclaim one non-scoring card, after revealing it to their opponent.	데프콘을 두 단계 향상시킵니다.<br><br>두 플레이어 모두 나머지 턴 동안 쿠데타 시도 시 주사위 굴림에 -1 수정자가 적용됩니다.<br><br>플레이어는 버린 더미를 살펴보고, 상대에게 공개한 후 비점수 카드 1장을 회수할 수 있습니다.
Add 3 Influence in Poland.<br><br><i>Playable as an event only if "John Paul II Elected Pope" is in effect.</i>	폴란드에 영향력 3을 추가합니다.<br><br><i>"요한 바오로 2세 교황 선출"이 효력 중일 때만 이벤트로 플레이 가능합니다.</i>
USSR gains 1 VP.<br><br>USSR receives 1 Influence in West Germany.<br><br><i>Cancels "NATO" for West Germany.<br><br>This event is unplayable and/or canceled by "Tear Down This Wall".</i>	소련이 승점 1점을 획득합니다.<br><br>소련이 서독에 영향력 1을 받습니다.<br><br><i>서독에 대한 "NATO"를 취소합니다.<br><br>이 이벤트는 "이 장벽을 허물어라"에 의해 플레이 불가 및/또는 취소됩니다.</i>
Remove 2 US Influence in France,<br>add 1 USSR Influence.<br><br><i>Cancels effects of "NATO" for France.</i>.	프랑스에서 미국 영향력 2를 제거하고,<br>소련 영향력 1을 추가합니다.<br><br><i>프랑스에 대한 "NATO"의 효과를 취소합니다.</i>.
US Player reveals his hand. Then the USSR may Conduct Operations as if they played a 1 Op card.	미국 플레이어가 자신의 패를 공개합니다. 그런 다음 소련은 작전치 1 카드를 플레이한 것처럼 작전을 수행할 수 있습니다.
North Korea invades South Korea. Roll one die and subtract 1 for every US Controlled country adjacent to South Korea. USSR Victory on modified die roll 4-6.<br>USSR adds 2 to Military Ops Track.<br><br><b>Effects of Victory:</b> USSR gains 2 VP and replaces all US Influence in South Korea with USSR Influence.	북한이 남한을 침공합니다. 주사위를 한 번 굴리고 남한에 인접한 미국 지배 국가마다 1을 뺍니다. 수정된 주사위 굴림 4-6에서 소련이 승리합니다.<br>소련은 군사작전 트랙에 2를 추가합니다.<br><br><b>승리 효과:</b> 소련이 승점 2점을 획득하고 남한의 모든 미국 영향력을 소련 영향력으로 교체합니다.
US receives 2 Influence in Saudi Arabia.<br><br><font="TIMESI SDF">"Muslim Revolution" may no longer be played as an event.</font>	미국이 사우디아라비아에 영향력 2를 받습니다.<br><br><font="TIMESI SDF">"이슬람 혁명"은 더 이상 이벤트로 플레이할 수 없습니다.</font>
US takes Operations as if this card were played as Operations. USSR must play\na scoring card on its next Action Round if it holds one; if no scoring card is in the USSR hand, the USSR forfeits its next Action Round.	미국은 이 카드가 작전으로 플레이된 것처럼 작전을 수행합니다. 소련은 점수 카드를 보유하고 있다면 다음 행동 라운드에\n반드시 점수 카드를 플레이해야 합니다. 소련 패에 점수 카드가 없다면 소련은 다음 행동 라운드를 포기합니다.
USSR player may no longer make Coup or Realignment rolls in any US Controlled countries in Europe.<br><br>US controlled countries in Europe may<br>not be attacked by play of the<br><i>"Brush War"</i> event.<br><br><i>Play after "Marshall Plan" or<br>"Warsaw Pact".</i>	소련 플레이어는 더 이상 유럽의 미국 지배 국가에서 쿠데타 또는 재편성 굴림을 할 수 없습니다.<br><br>유럽의 미국 지배 국가는<br><i>"국지전"</i> 이벤트 플레이로<br>공격받을 수 없습니다.<br><br><i>"마셜 플랜" 또는<br>"바르샤바 조약" 이후에 플레이합니다.</i>
Play at the same time you play a card with a US-affiliated Event for its Operations.<br>Ignore the event text and place the card in the discard pile.<br>Reduce DEFCON by 1 if this card is played for Operations or its Event.	미국 연관 이벤트가 있는 카드를 작전으로 플레이할 때 동시에 이 카드를 플레이합니다.<br>이벤트 텍스트를 무시하고 해당 카드를 버린 더미에 놓습니다.<br>이 카드가 작전 또는 이벤트로 플레이되면 데프콘을 1 낮춥니다.
Player will play as USSR.\nAI Player will play as USA.\nScenario: Turn Zero\n	Player will play as USSR.\nAI Player will play as USA.\nScenario: Turn Zero\n
Player will play as USSR.\nAI Player will play as USA.\nScenario: Turn Zero\nEvent: 1945 UK Election\nUS -2 in UK [3][0]\n\n	Player will play as USSR.\nAI Player will play as USA.\nScenario: Turn Zero\nEvent: 1945 UK Election\nUS -2 in UK [3][0]\n\n
Player will play as USSR.\nAI Player will play as USA.\nScenario: Turn Zero\nEvent: 1945 UK Election\nUS -2 in UK [3][0]\n\nEvent: VE Day\n\n	Player will play as USSR.\nAI Player will play as USA.\nScenario: Turn Zero\nEvent: 1945 UK Election\nUS -2 in UK [3][0]\n\nEvent: VE Day\n\n
Player will play as USSR.\nAI Player will play as USA.\nScenario: Turn Zero\nEvent: 1945 UK Election\nUS -2 in UK [3][0]\n\nEvent: VE Day\n\nEvent: VJ Day\nUSSR +1 in South Korea [1][1]\n\n	Player will play as USSR.\nAI Player will play as USA.\nScenario: Turn Zero\nEvent: 1945 UK Election\nUS -2 in UK [3][0]\n\nEvent: VE Day\n\nEvent: VJ Day\nUSSR +1 in South Korea [1][1]\n\n
Player will play as USSR.\nAI Player will play as USA.\nScenario: Turn Zero\nEvent: 1945 UK Election\nUS -2 in UK [3][0]\n\nEvent: VE Day\n\nEvent: VJ Day\nUSSR +1 in South Korea [1][1]\n\nEvent: Chinese Civil War\n\n	Player will play as USSR.\nAI Player will play as USA.\nScenario: Turn Zero\nEvent: 1945 UK Election\nUS -2 in UK [3][0]\n\nEvent: VE Day\n\nEvent: VJ Day\nUSSR +1 in South Korea [1][1]\n\nEvent: Chinese Civil War\n\n
Player will play as USSR.\nAI Player will play as USA.\nScenario: Turn Zero\nEvent: 1945 UK Election\nUS -2 in UK [3][0]\n\nEvent: VE Day\n\nEvent: VJ Day\nUSSR +1 in South Korea [1][1]\n\nEvent: Chinese Civil War\n\nEvent: Israel\nUS +1 in Israel [2][0]\nUS +1 in Lebanon [1][0]\nUS +1 in Jordan [1][0]\n\n	Player will play as USSR.\nAI Player will play as USA.\nScenario: Turn Zero\nEvent: 1945 UK Election\nUS -2 in UK [3][0]\n\nEvent: VE Day\n\nEvent: VJ Day\nUSSR +1 in South Korea [1][1]\n\nEvent: Chinese Civil War\n\nEvent: Israel\nUS +1 in Israel [2][0]\nUS +1 in Lebanon [1][0]\nUS +1 in Jordan [1][0]\n\n
ALDRICH AMES REMIX	앨드리치 에임스 리믹스*
BREZHNEV DOCTRINE	브레즈네프 독트린*
CAMP DAVID ACCORDS	캠프 데이비드 협정*
CENTRAL AMERICA SCORING	중앙아메리카 점수 계산
CUBAN MISSILE CRISIS	쿠바 미사일 위기*
CULTURAL REVOLUTION	문화 대혁명*
EAST EUROPEAN UNREST	동유럽 불안
GRAIN SALES TO SOVIETS	소련에 곡물 판매
HOW I LEARNED TO STOP WORRYING	걱정을 멈추는 법을 배운 방법*
IRAN-CONTRA SCANDAL	이란-콘트라 스캔들*
IRANIAN HOSTAGE CRISIS	이란 인질 위기*
JOHN PAUL II ELECTED POPE	요한 바오로 2세 교황 선출*
KITCHEN DEBATES	부엌 논쟁*
LATIN AMERICAN DEATH SQUADS	라틴아메리카 죽음의 분대
LATIN AMERICAN DEBT CRISIS	중남미 부채 위기
LIBERATION THEOLOGY	해방 신학
MARINE BARRACKS BOMBING	해병대 막사 폭격*
MUSLIM REVOLUTION	이슬람 혁명
NIXON PLAYS THE CHINA CARD	닉슨의 중국 카드*
ORTEGA ELECTED IN NICARAGUA	니카라과 오르테가 당선*
OUR MAN IN TEHRAN	테헤란의 우리 요원*
PANAMA CANAL RETURNED	파나마 운하 반환*
PERSHING II DEPLOYED	퍼싱 II 배치*
PORTUGUESE EMPIRE CRUMBLES	포르투갈 제국 붕괴*
PUPPET GOVERNMENTS	괴뢰 정부*
SADAT EXPELS SOVIETS	사다트의 소련 축출*
SALT NEGOTIATIONS	SALT 협상*
SHUTTLE DIPLOMACY	셔틀 외교
SOUTH AFRICAN UNREST	남아프리카 불안
SPECIAL RELATIONSHIP	특별한 관계
TRUMAN DOCTRINE	트루먼 독트린*
US/JAPAN MUTUAL DEFENSE PACT	미일 상호 방위 조약*
USSURI RIVER SKIRMISH	우수리강 충돌*
YURI AND SAMANTHA	유리와 사만다*
"ASK NOT WHAT YOUR COUNTRY CAN DO FOR YOU..."	"국가가 당신을 위해 무엇을 할 수 있는지 묻지 말라..."
"ONE SMALL STEP..."	"작은 한 걸음..."
"WE WILL BURY YOU"	"우리가 당신들을 묻어버리겠다"
"From Stettin in the	"슈테틴에서
Be the first player in a game to advance in the space race.	게임에서 최초로 우주경쟁을 전진한 플레이어가 되십시오.
Complete the tutorial.	튜토리얼을 완료하십시오.
Dominate a region.	한 지역을 지배하십시오.
Lose a game against the AI Player in final scoring.	AI 플레이어와의 게임에서 최종 점수로 패배하십시오.
Lose a game against the AI Player.	AI 플레이어와의 게임에서 패배하십시오.
Score 8 VP when Southeast Asia Scoring is played.	동남아시아 점수 계산 시 8 VP를 획득하십시오.
Win a game after reaching the end of the space race track.	우주경쟁 트랙 끝에 도달한 후 게임에서 승리하십시오.
Win a game against the AI Player.	AI 플레이어와의 게임에서 승리하십시오.
Win a game as the USA.	미국으로 게임에서 승리하십시오.
Win a game as the USSR.	소련으로 게임에서 승리하십시오.
Win a game by any means when your opponent has Domination in at least 4 regions.	상대방이 4개 이상의 지역에서 지배(Domination) 상태인 상황에서 어떤 방법으로든 승리하십시오.
Win a game by controlling Europe.	유럽을 지배하여 게임에서 승리하십시오.
Win a game by getting 20 VP before final scoring.	최종 점수 계산 전에 20 VP를 획득하여 승리하십시오.
Win a game in final scoring.	최종 점수 계산으로 게임에서 승리하십시오.
Win a game via Cuban Missile Crisis	쿠바 미사일 위기로 게임에서 승리하십시오.
Win a game with DEFCON 1.	데프콘 1로 게임에서 승리하십시오.
Win a game with Wargames.	워게임즈로 게임에서 승리하십시오.
Win an online game against an opponent with a rating at least 300 higher than yours.	자신보다 레이팅이 300 이상 높은 상대와의 온라인 게임에서 승리하십시오.
Win an online game.	온라인 게임에서 승리하십시오.
Win the game in the Early War.	초전에 게임에서 승리하십시오.
Alternate Space Race Track	대체 우주경쟁 트랙
Adjust the playback\nspeed of the cards\nand other effects.	카드 및 기타 효과의\n재생 속도를 조정합니다.
Adjust the resolution\nof your game.	게임의\n해상도를 조정합니다.
Toggle between full\nscreen or windowed mode.	전체화면과\n창 모드 사이를 전환합니다.
Filter Card Gallery to\nshow Collector Edition.	카드 갤러리를 수집가판으로\n필터링합니다.
Filter Card Gallery\nto show U.S.A. cards.	카드 갤러리를 미국 카드로\n필터링합니다.
Recover a forgotten\npassword using email.	이메일로 잊어버린\n비밀번호를 복구합니다.
Leonid Brezhnev	레오니트 브레즈네프
Opp Player Name	상대방 플레이어
Result Preview:	결과 미리보기:
Zoom to Middle East	중동으로 확대
Version 1.2.3.400	Version 1.2.3.400
Ananda Gupta\nJason Matthews	Ananda Gupta\nJason Matthews
Gene Billingsley	Gene Billingsley
Card Type - Classic	카드 유형 - 클래식
Collector's Edition Card Art	수집가판 카드 아트
Turn Zero Scenario	턴 제로 시나리오
Turn Zero & Promo Cards	턴 제로 & 프로모 카드
Promo Pack One (4 Cards)	프로모 팩 1 (카드 4장)
Promo Pack Two (4 Cards)	프로모 팩 2 (카드 4장)
Kickstarter Rewards	킥스타터 보상
Includes the Turn Zero Expansion, two sets of Promo Cards, and an Alternate version of the Space Race Track	턴 제로 확장판, 프로모 카드 2세트, 대체 우주경쟁 트랙 포함
Algeria	알제리
Angola	앙골라
Australia	오스트레일리아
Austria	오스트리아
Bolivia	볼리비아
Botswana	보츠와나
Bulgaria	불가리아
Cameroon	카메룬
Chile	칠레
China	중국
Colombia	콜롬비아
Denmark	덴마크
El Salvador	엘살바도르
Ethiopia	에티오피아
Finland	핀란드
France	프랑스
Ghana	가나
Greece	그리스
Gulf States	걸프 국가들
Haiti	아이티
Honduras	온두라스
India	인도
Indonesia	인도네시아
Iran	이란
Iraq	이라크
Israel	이스라엘
Ivory Coast	코트디부아르
Jamaica	자메이카
Jordan	요르단
Kenya	케냐
Lebanon	레바논
Libya	리비아
Mexico	멕시코
Nicaragua	니카라과
North Korea	북한
Norway	노르웨이
Pakistan	파키스탄
Peru	페루
Philippines	필리핀
Portugal	포르투갈
Romania	루마니아
Saudi Arabia	사우디아라비아
Somalia	소말리아
South Korea	한국
Spain	스페인
Sudan	수단
Sweden	스웨덴
Syria	시리아
Thailand	태국
Turkey	튀르키예
Uganda	우간다
Uruguay	우루과이
Venezuela	베네수엘라
Vietnam	베트남
W. Germany	서독
West Germany	서독
Zaire	자이르
Zimbabwe	짐바브웨
Europe	유럽
Eastern Europe	동유럽
Western Europe	서유럽
Middle East	중동
Mideast	중동
USA	미국
Zoom to Africa	아프리카로 확대
Zoom to Asia	아시아로 확대
Zoom to Europe	유럽으로 확대
Early War	초기 전쟁
Mid War	중기 전쟁
Late War	후기 전쟁
Domination	지배
Presence	진출
Control	지배
Country	국가
Event	이벤트
Setup	셋업
Round	라운드
Rulebook	규칙서
Credits	크레딧
Done	완료
Close	닫기
Cancel	취소
Continue	계속
Login	로그인
Profile	프로필
Chat	채팅
Pause	일시정지
Diplomacy	외교
Variant	변형
Variants	변형
Sequence	순서
Intro	소개
Slow	느리게
Medium	보통
Fast	빠르게
Sample Card	샘플 카드
Dummy Card	더미 카드
Half Card	절반 카드
Card Examples	카드 예시
Crisis Card	위기 카드
Facedown	뒤집기
War Cards:	전쟁 카드:
War Events:	전쟁 이벤트:
Setup Summary:	셋업 요약:
Result Summary	결과 요약
Roll:	주사위:
Removed:	제거됨:
Change:	변경:
Defcon Change	데프콘 변경
Cards:	카드:
North Sea	북해
Warsaw Pact	바르샤바 조약
Camp David	캠프 데이비드
Create Game	게임 생성
Start Game	게임 시작
Exit Game	게임 종료
Play Off	오프라인
Play On	온라인
The Game Map	게임 지도
6 Rounds Remaining	6 라운드 남음
1 Score Card currently in Hand	현재 점수 카드 1장 보유 중
TURN 1	1턴
Turn 1, US AR1	1턴, 미국 AR1
Turn 1, USSR AR1	1턴, 소련 AR1
 (1947) A term coined by diplomat and Sovietologist, George Kennan, it came to form the cornerstone of US policy toward the Soviet Union during the early Cold War. It found early application in the Truman Doctrine and sought to “contain” Communism to those areas where it already existed.	 (1947) 외교관이자 소련 전문가인 조지 케넌이 만들어낸 이 용어는 초기 냉전 시기 소련에 대한 미국 정책의 초석을 이루게 되었다. 트루먼 독트린에서 초기 적용 사례를 찾을 수 있으며, 공산주의를 이미 존재하는 지역 안에 "봉쇄"하고자 하였다.
 (1962) The mere mention of this event elicits fears of the nuclear holocaust that almost was. For 14 days in October 1962, the two superpowers seemed destined to clash directly about the Soviet emplacement of Medium Range Ballistic Missiles (MRBMs) and Intermediate Range Ballistic Missiles (IRBMs) in Cuba. To prevent the installation of additional offensive weapons in Cuba, John F. Kennedy declared a naval quarantine around Cuba. Tensions reached a near breaking point when a U-2 flight was shot down over Cuba, and Khruschev demanded US missiles be removed from Turkey in exchange for the Soviet missiles being removal from Cuba. Ultimately, Khruschev was compelled to settle for a US pledge not to invade Cuba, and a private agreement to resolve NATO’s missiles bases in Turkey.	 (1962) 이 사건의 이름만 들어도 자칫 현실이 될 뻔했던 핵 참사에 대한 공포가 되살아난다. 1962년 10월의 14일 동안, 두 초강대국은 소련이 쿠바에 중거리 탄도미사일(MRBM)과 중간 사거리 탄도미사일(IRBM)을 배치한 문제를 놓고 정면충돌 직전까지 몰렸다. 케네디는 쿠바에 추가 공격 무기가 반입되는 것을 막기 위해 쿠바 해상 봉쇄를 선언하였다. U-2 정찰기가 쿠바 상공에서 격추되고, 흐루쇼프가 소련 미사일 철수의 대가로 튀르키예에 배치된 미국 미사일 철수를 요구하면서 긴장은 극한까지 치달았다. 결국 흐루쇼프는 쿠바 불침공 약속과 튀르키예 내 NATO 미사일 기지 문제의 비밀 해결 합의로 만족해야 했다.
 (1978) The first non-Italian to be elected Pope since the 16th Century, Pope John Paul II represented a rejuvenation of Catholic influence upon the world stage. The United States gave formal diplomatic recognition to the Papacy for the first time in its history. As a Pope elected from communist Poland, John Paul II presented an enormous challenge for Poland’s leadership. To criticize the new papacy would only alienate the public, to embrace it would be antithetical to communist doctrine. Furthermore, John Paul II was known to be an ardent critic of communism. John Paul’s election marked a turning point in internal Polish political dynamics that would culminate in the Solidarity movement. Mikhail Gorbachev remarked that the fall of the iron curtain would have been impossible without John Paul II.	 (1978) 16세기 이후 최초의 비이탈리아인 교황으로 선출된 교황 요한 바오로 2세는 세계 무대에서 가톨릭의 영향력이 되살아났음을 상징하였다. 미국은 역사상 처음으로 교황청을 공식 외교적으로 승인하였다. 공산주의 폴란드 출신 교황의 탄생은 폴란드 지도부에 엄청난 도전 과제를 안겨주었다. 새 교황을 비판하면 민심을 잃을 것이고, 환영하면 공산주의 교리에 위배되었다. 더욱이 요한 바오로 2세는 공산주의의 열렬한 비판자로 알려져 있었다. 그의 선출은 폴란드 내부 정치 역학의 전환점이 되었으며, 이는 결국 연대 운동으로 결실을 맺었다. 미하일 고르바초프는 요한 바오로 2세 없이는 철의 장막의 붕괴도 불가능했을 것이라고 회고하였다.
(1941– 1979) Replacing his deposed father, Mohammad Reza Shah Pahlavi was central to first British and then American plans for the Middle East. While Pahlavi undertook the mantle of western reformer, he often chafed under neo-imperialist economic relationships, particularly where oil was concerned. Nevertheless, Iran’s oil wealth spurred Pahlavi into the center of global geopolitics and his association with the United States was vital for both nation’s positions in the region. However, whatever outward elements of reform Iran projected, Pahlavi also used a brutal internal police force, the SAVAK, and turned despotic and megalomaniacal in the later years of his reign. This was all the opening required for Iran’s seething revolutionary elements.	(1941– 1979) 폐위된 부친의 뒤를 이은 모하마드 레자 샤 팔라비는 영국과 미국의 중동 계획에서 핵심적인 위치를 차지하였다. 팔라비는 서구적 개혁가의 역할을 자임하면서도, 특히 석유 문제에서 신제국주의적 경제 관계에 끊임없이 불만을 품었다. 그럼에도 이란의 석유 자원은 팔라비를 국제 지정학의 중심으로 끌어올렸고, 미국과의 긴밀한 관계는 양국 모두의 역내 입지에 있어 매우 중요하였다. 그러나 이란이 외적으로 개혁의 모습을 보이는 한편, 팔라비는 잔혹한 비밀경찰 SAVAK을 운용하였고 재위 후반기에는 독재자이자 과대망상적 지도자로 변모하였다. 이것이 바로 이란 내 혁명 세력이 기다리던 기회였다.
(1945-?) In Spanish, the term Junta means “coming together.” In a Cold War context, it normally refers to the coming together of right wing military cliques to oust an existing government and replace it with a military dictatorship. Juntas were so common in Latin America throughout the period that they became nearly a ritualized affair. More frequently than not, military juntas enjoyed the tacit blessing of the U.S. government as they looked to check leftist elements in Central and South America. Notable juntas include the military dictatorships that ruled Argentina from 1976 to 1983 and Guatemala from 1954 to 1984.	(1945-?) 스페인어로 '훈타(Junta)'는 "함께 모임"을 의미한다. 냉전의 맥락에서는 기존 정부를 타도하고 군사 독재를 수립하기 위한 우익 군사 파벌들의 결집을 뜻한다. 훈타는 냉전 기간 라틴 아메리카에서 매우 빈번하게 일어나 거의 관례적인 일이 되다시피 하였다. 군사 훈타는 대개 중남미의 좌익 세력을 견제하려는 미국 정부의 묵시적 지지를 받았다. 대표적인 훈타로는 1976년부터 1983년까지 아르헨티나를 지배한 군사 독재 정권과, 1954년부터 1984년까지 과테말라를 지배한 군사 독재 정권이 있다.
(1946 -1950) Beginning in the 1920s, the Soviet Union became obsessed with centralized planning of its economy and industrial development. Twelve such plans were adopted by the USSR during its history. While economists differ, it is largely agreed that these plans caused more dislocation within the Soviet economy than they resolved.	(1946 -1950) 1920년대부터 소련은 경제와 산업 개발의 중앙 계획에 집착하였다. 소련은 역사상 총 12개의 계획을 채택하였다. 경제학자들의 견해는 엇갈리지만, 이 계획들이 해결한 것보다 더 많은 경제적 혼란을 야기했다는 데 대체로 의견이 일치한다.
(1946 – 1988) The Cold War was instigated in the context of an evolving international system. As the world relinquished a multi-polar system comprised of polyglot empires, it replaced it with a bi-polar system dominated by continental nation states. Anti-colonial movements tended to have strong anti-western sentiments, as the foremost colonial powers were now in the western camp. However, the drive to independence was not uniform, nor uniformly successful. Several long rear-guard actions were fought by the colonial powers that either lengthened their stay or maintained a quasi-colonial relationship with the newly independent country. British intervention in Malaya (1948), the French resistance to Algerian independence (1954) and South African intransigence in Namibia (1966) all serve as examples of this aspect of the post colonial experience.	(1946 – 1988) 냉전은 변화하는 국제 질서 속에서 촉발되었다. 세계는 다양한 언어와 민족으로 구성된 제국들의 다극 체제를 벗어나 대륙 국민국가들이 지배하는 양극 체제로 재편되었다. 반식민지 운동은 강한 반서방 정서를 띠는 경향이 있었는데, 주요 식민 열강들이 서방 진영에 속해 있었기 때문이다. 그러나 독립을 향한 움직임은 일관되지도, 일관되게 성공하지도 않았다. 식민 열강들은 오랜 후위 전투를 벌이며 지배를 연장하거나 신생 독립국과 준식민지적 관계를 유지하였다. 말라야에 대한 영국의 개입(1948), 알제리 독립에 대한 프랑스의 저항(1954), 나미비아 문제에서 남아프리카공화국의 완고한 태도(1966) 등이 모두 탈식민지 경험의 이러한 측면을 보여주는 사례들이다.
(1947) Before a joint session of Congress, the President announced the new Truman Doctrine, ushering in an era of intense intervention on behalf of states with liberal economic and political institutions. Truman stated “I believe that it must be the policy of the United States to support free peoples who are resisting attempted subjugation by armed minorities or by outside pressures.” The Truman Doctrine was prompted by the United Kingdom’s withdrawal from its traditional great power role in the Near East. The immediate effect of the doctrine was a massive influx of military and economic aid to Greece and Turkey.	(1947) 대통령은 상하원 합동 회의에서 트루먼 독트린을 발표하며 자유주의적 경제·정치 제도를 가진 국가들을 위한 강력한 개입의 시대를 열었다. 트루먼은 "나는 무장한 소수 세력이나 외부의 압력에 의한 예속화에 저항하는 자유 민족을 지원하는 것이 미국의 정책이 되어야 한다고 믿는다"고 선언하였다. 트루먼 독트린은 영국이 근동 지역에서 전통적인 강대국 역할에서 물러나면서 촉발되었다. 이 독트린의 즉각적인 효과는 그리스와 튀르키예에 대한 대규모 군사·경제 지원이었다.
(1947) In an effort to bring to a close the inter-service bickering that marred U.S. intelligence during WWII, President Truman created the United States’ first independent agency capable both of intelligence analysis and covert operations. Its 40 year cat-and-mouse game with its Soviet counterpart, the KGB, would be the stuff of legend, and one of the hallmarks of the Cold War.	(1947) 제2차 세계대전 중 미국 정보 활동을 저해했던 군 부처 간 갈등을 종식시키기 위해, 트루먼 대통령은 정보 분석과 비밀 공작을 모두 수행할 수 있는 미국 최초의 독립 기관을 창설하였다. 소련의 KGB와 40년에 걸쳐 벌인 숨막히는 첩보전은 전설적인 이야기로 남아 있으며, 냉전의 상징 중 하나가 되었다.
(1947) On June 5, Secretary of State George C. Marshall announced to the world the US plan to reconstruct all of Europe. Due to Soviet pressure, Eastern European states did not participate. However, for the 16 nations of Western Europe that did, the Marshall Plan marked the first step on the road to recovery and ultimate victory in the Cold War.	(1947) 6월 5일, 국무장관 조지 C. 마셜은 전 유럽을 재건하려는 미국의 계획을 세계에 발표하였다. 소련의 압력으로 동유럽 국가들은 참여하지 못하였다. 그러나 참여한 서유럽 16개국에게 마셜 플랜은 회복의 길과 냉전에서의 궁극적인 승리로 나아가는 첫걸음이 되었다.
(1947-1989) The arms race between the Soviet Union and the United States was at play throughout the Cold War, and many attribute the Soviet Union’s collapse to an inability to sustain the final arms race instigated by Ronald Reagan. This element of competition between the nations involved both nuclear and conventional weapons. Frequently, there was an interplay between the two kinds of forces. During the early Cold War, the United States (having rapidly demobilized after World War II) had to rely on it nuclear weapons in a doctrine of “massive retaliation” to counter Soviet preponderance in conventional weapons. After the Soviets developed nuclear weapons of their own, both powers reverted to a system of flexible response. Underlying nuclear strategy throughout this later era was the concept of mutually assured destruction. This reality made the likelihood of direct superpower conventional warfare unlikely. However, the dynamic of conventional weapons competition had its own paradigm. There, the West relied on superior technology to design higher performing weapons to compete against the massive numbers that could be generated by the Soviets’ command economy.	(1947-1989) 소련과 미국 사이의 군비 경쟁은 냉전 내내 지속되었으며, 많은 이들이 소련의 붕괴를 레이건이 촉발한 최후의 군비 경쟁을 감당하지 못한 데서 찾는다. 양국 간 이 경쟁은 핵무기와 재래식 무기 모두를 아울렀다. 두 종류의 전력 사이에는 빈번한 상호작용이 있었다. 냉전 초기, 제2차 세계대전 후 급격히 군대를 감축한 미국은 소련의 재래식 전력 우위에 맞서기 위해 "대량 보복" 교리 하에 핵무기에 의존할 수밖에 없었다. 소련이 자체 핵무기를 개발한 후, 양측은 유연 반응 체제로 전환하였다. 이 이후 시대의 핵 전략 전반에 깔린 개념은 상호확증파괴였다. 이 현실은 초강대국 간 재래식 전쟁의 가능성을 희박하게 만들었다. 그러나 재래식 무기 경쟁의 역학은 그 자체의 패러다임을 지니고 있었다. 여기서 서방은 소련의 계획경제가 만들어낼 수 있는 압도적인 수량에 맞서기 위해 고성능 무기를 개발하는 데 우월한 기술력에 의존하였다.
(1947-?) Also characterized as low intensity conflicts, brush wars tended to begin in reaction to local conditions either with a state or between states. However, due to duration, or superpower intervention, an essentially local dispute could be elevated to superpower conflict. Examples include the civil war in Mozambique and the war between Ethiopia and Somalia.	(1947-?) 저강도 분쟁으로도 불리는 소규모 전쟁은 국가 내부 혹은 국가 간의 현지 상황에 반응하여 발생하는 경향이 있었다. 그러나 분쟁의 지속 기간이나 초강대국의 개입으로 인해, 본질적으로 지역적인 분쟁이 초강대국 간 갈등으로 격상될 수 있었다. 모잠비크 내전과 에티오피아-소말리아 전쟁이 그 사례이다.
(1948, 1967) Founded with the specific aim of promoting democracy in the western hemisphere, the OAS has been an occasionally useful body for the promotion of US interests within the hemisphere. It provided international legitimacy for US actions during both the Cuban Missile Crisis and the US invasion of Grenada. Trade promotion and economic development were added to the OAS charter in Buenos Aires in 1967. The revision of the charter also established the existence of permanent OAS diplomatic venues with the creation of a General Assembly in Washington, DC.	(1948, 1967) 서반구의 민주주의 증진을 구체적인 목표로 창설된 미주기구(OAS)는 서반구 내 미국의 이익 증진에 간헐적으로 유용한 기구였다. OAS는 쿠바 미사일 위기와 미국의 그레나다 침공 시 미국의 행동에 국제적 정당성을 부여하였다. 1967년 부에노스아이레스에서 OAS 헌장에 무역 증진과 경제 개발 조항이 추가되었다. 헌장 개정을 통해 워싱턴 D.C.에 총회가 창설됨으로써 OAS의 상설 외교 기구가 마련되었다.
(1949 – ?) Not a concept unique to the Cold War, the term “puppet governments” refers to a regime that holds power due to, and with the support of, either the Soviet Union or the United States. A derisive term, it is almost always used by the opponents of a state to undermine the government’s legitimacy. Both the Soviets and the Americans would apply the term to any closely allied state, but it might be better understood in the context of the Diem government in South Vietnam or Mariam government of Ethiopia.	(1949 – ?) 냉전에만 국한된 개념은 아닌 "괴뢰 정부"라는 용어는 소련 또는 미국의 지원 덕분에 권력을 유지하는 정권을 가리킨다. 경멸적인 표현으로서, 거의 항상 특정 국가의 반대 세력이 그 정부의 정당성을 훼손하기 위해 사용한다. 소련과 미국 모두 긴밀한 동맹국에 이 용어를 적용하곤 하였지만, 남베트남의 디엠 정권이나 에티오피아의 마리암 정권의 맥락에서 더 잘 이해할 수 있다.
(1949 – ?) While a threat as old as human civilization, the use of terrorism as an instrument to change international policy ebbed and flowed throughout the Cold War. The Soviet Union and its Warsaw Pact allies were known to train terrorist organizations within their borders, including radical elements of the Palestinian Liberation Organization (PLO). In many ways, the PLO provided the archetype for a terrorist organization throughout the Cold War. With its anti-Western, anti-Israel ideology, it became a cause celebre for those asserting that the West was on a neo-imperialist crusade in the third world. Palestinian terrorists hijacked planes, attacked the Achille Lauro, and perhaps most infamously murdered 11 Israeli athletes at the Munich Olympics in 1972. There were also western based, communist affiliated terrorists such as the Red Brigades in Italy, and the Red Army in Japan. As the Cold War came to a close, and the Soviet Union faced increasing difficulty with Muslim fundamentalism, its support for terrorism waned.	(1949 – ?) 인류 문명만큼이나 오래된 위협이지만, 국제 정책을 바꾸기 위한 수단으로서 테러리즘의 활용은 냉전 내내 부침을 거듭하였다. 소련과 바르샤바 조약기구 동맹국들은 팔레스타인 해방기구(PLO)의 급진 세력을 포함한 테러 조직들을 자국 영토 내에서 훈련시킨 것으로 알려져 있다. 많은 면에서 PLO는 냉전 기간 테러 조직의 전형을 제공하였다. 반서방·반이스라엘 이념으로 무장한 PLO는 서방이 제3세계에서 신제국주의적 십자군 원정을 벌이고 있다고 주장하는 이들의 지지를 받는 대의명분이 되었다. 팔레스타인 테러리스트들은 항공기를 납치하고, 아킬레 라우로 호를 공격하였으며, 아마도 가장 악명 높은 사건으로 1972년 뮌헨 올림픽에서 이스라엘 선수 11명을 살해하였다. 이탈리아의 붉은 여단, 일본의 적군파와 같은 서방 기반의 공산주의 계열 테러 조직도 존재하였다. 냉전이 막바지에 접어들고 소련이 이슬람 근본주의로 인한 어려움이 가중되면서 테러 지원은 줄어들었다.
(1949) The second part of the US strategy to rebuild Europe, the North Atlantic Treaty Organization (NATO) became synonymous with the West’s opposition to the Soviet Union. An oft repeated maxim for NATO’s purpose captures it nicely: “NATO was created to keep the Soviets out, the Americans in, and the Germans down.”	(1949) 유럽 재건을 위한 미국 전략의 두 번째 축인 북대서양조약기구(NATO)는 소련에 대한 서방의 저항과 동의어가 되었다. NATO의 목적을 잘 포착한 자주 인용되는 격언이 있다: "NATO는 소련을 밖에 두고, 미국을 안에 두며, 독일을 아래에 두기 위해 창설되었다."
(1951) On September 8th the United States quietly extended its nuclear umbrella to its former Pacific rival. In doing so, it also soothed the nerves of Japan’s neighbors about a remilitarized Japan on the world scene. In exchange, Japan played host to America’s forward presence in Asia. Japan effectively became an unsinkable aircraft carrier for both the Vietnam and Korean Wars. Obviously, US reliance on Japanese products during the ensuing conflicts greatly aided Japan’s economic recovery and eventual economic might.	(1951) 9월 8일, 미국은 조용히 태평양 전쟁의 옛 적국에게 핵우산을 제공했다. 이로써 미국은 재무장한 일본이 세계 무대에 등장하는 것에 대한 주변국들의 우려도 달랬다. 그 대가로 일본은 아시아에서의 미국의 전진 기지 역할을 맡았다. 일본은 베트남 전쟁과 한국 전쟁 양쪽에서 사실상 침몰하지 않는 항공모함이 되었다. 당연히, 이후 이어진 전쟁들에서 미국이 일본 제품에 의존한 것은 일본의 경제 회복과 궁극적인 경제 강국 부상에 크게 기여했다.
(1956 – 1995) Brinksmanship was a term coined by John Foster Dulles to describe a policy of coming close to war, without falling into the abyss. At different times, during different crises, this policy was pursued by both superpowers. However, there was always the danger that brinksmanship could turn the “cold” war, hot. Additionally, brinksmanship encouraged a nuclear posture of “launch on warning.” Game theory demanded that if your opponent were launching a massive nuclear strike, you would have to launch your own weapons before they could be destroyed in their silos. These doctrines shortened reaction times of world leaders from hours to minutes. On November 9th, 1979, the United States made preparations for a retaliatory nuclear strike when a NORAD computer glitch indicated an all-out Soviet strike had been launched. As recently as 1995, Russia mistook a Norwegian scientific missile launch for an attack, and Boris Yeltsin was asked to decide whether or not to counterattack.	(1956 – 1995) 벼랑 끝 전술(Brinksmanship)은 존 포스터 덜레스가 전쟁의 심연에 빠지지 않으면서 그 직전까지 다가가는 정책을 묘사하기 위해 만들어낸 용어다. 각기 다른 시기, 각기 다른 위기 속에서 양대 초강대국 모두 이 정책을 추구했다. 그러나 벼랑 끝 전술이 "냉"전을 열전으로 바꿀 위험은 항상 존재했다. 또한 이 전술은 "경보 즉시 발사"라는 핵 태세를 조장했다. 게임 이론에 따르면, 상대방이 대규모 핵 공격을 감행한다면 아군의 무기가 사일로에서 파괴되기 전에 먼저 발사해야만 했다. 이러한 교리들은 세계 지도자들의 대응 시간을 몇 시간에서 몇 분으로 단축시켰다. 1979년 11월 9일, NORAD 컴퓨터 오류가 소련의 전면 핵공격이 개시되었음을 표시하자 미국은 보복 핵공격 준비에 들어갔다. 1995년에도 러시아는 노르웨이의 과학 로켓 발사를 공격으로 오인했고, 보리스 옐친은 반격 여부를 결정해야 하는 상황에 처했다.
(1956) Perhaps the most famous quote of the entire Cold War, Soviet Premier Nikita Khrushchev uttered this immortal line while addressing Western ambassadors at a reception in Moscow. With these words Khrushchev announced a period during which he would probe the West for weakness and opportunity. The Berlin Crisis exemplified this expansionist policy.	(1956) 냉전 전체를 통틀어 가장 유명한 발언으로 꼽히는 이 불멸의 말은, 소련 수상 니키타 흐루쇼프가 모스크바의 한 리셉션에서 서방 대사들을 향해 연설하던 중 내뱉은 것이다. 흐루쇼프는 이 말로써 서방의 약점과 기회를 탐색하는 시대가 시작되었음을 선언했다. 베를린 위기는 이러한 팽창주의 정책의 전형적인 사례였다.
(1956-1989) Captured most visibly by Nagy’s attempt to withdraw Hungary from the Warsaw Pact and Czechoslovakia’s Prague Spring of 1968, members of the Warsaw Pact frequently sought to loosen the reins of Moscow. When taken too far, from the Soviet perspective, the effects could be devastating. Soviet tanks became a universal symbol of Soviet determination to hold on to Eastern Europe, through undisguised oppression if necessary.	(1956-1989) 헝가리의 너지가 바르샤바 조약기구 탈퇴를 시도한 것과 1968년 체코슬로바키아의 '프라하의 봄'에서 가장 극명하게 드러났듯이, 바르샤바 조약기구 회원국들은 끊임없이 모스크바의 고삐를 느슨하게 하려 했다. 소련의 시각에서 지나치다고 판단될 경우, 그 결과는 참혹했다. 소련 전차는 필요하다면 노골적인 억압도 불사하며 동유럽을 틀어쥐겠다는 소련의 의지를 나타내는 보편적인 상징이 되었다.
(1958 – ?) The North American Aerospace Defense Command is a joint military organization sponsored by the governments of Canada and the United States. Its mission is to jointly monitor and control the air space over North America from unfriendly incursion. It was founded initially to protect against the threat of low flying Soviet bombers attacking from the Arctic region. During the Cold War, the Command was famously housed in the Cheyenne Mountain facility depicted in the film Wargames. At its height, NORAD commanded 250,000 military personnel. The command illustrates the full integration and cooperation of US allies into the US Nuclear umbrella and alliance structure.	(1958 – ?) 북미항공우주방위사령부(NORAD)는 캐나다와 미국 양국 정부가 공동으로 후원하는 합동 군사 기구다. 그 임무는 적대 세력의 침입으로부터 북미 대륙의 영공을 공동으로 감시하고 통제하는 것이다. 북극 지역에서 기습하는 소련 저고도 폭격기의 위협에 대응하기 위해 처음 창설되었다. 냉전 기간 동안 이 사령부는 영화 《워게임》에 등장하는 샤이엔 산 시설에 자리한 것으로 유명했다. 전성기에 NORAD는 25만 명의 군 인력을 지휘했다. 이 사령부는 미국의 동맹국들이 미국의 핵우산과 동맹 구조에 완전히 통합되어 협력하는 양상을 잘 보여준다.
(1959) During a time of increased tensions following the successful launch of Sputnik, then Vice President Richard Nixon took a good-will trip to Russia. What followed was a sometimes playful, sometimes pointed public exchange between Nixon and Nikita Khrushchev throughout his stay in Moscow. The exchange is known as the Kitchen Debate, for a particularly sharp exchange in front of a US model home’s display of a GE electric kitchen. Nixon furthered his domestic political ambitions with a seeming jab at Khrushchev’s chest, reaffirming his anti-communist credentials\r\nat home.\r\n	(1959) 스푸트니크의 성공적인 발사 이후 긴장이 고조되던 시기, 당시 부통령이었던 리처드 닉슨은 친선 방문차 소련을 찾았다. 닉슨이 모스크바에 머무는 동안 그와 니키타 흐루쇼프 사이에는 때로는 농담처럼, 때로는 날카롭게 대립하는 공개 설전이 이어졌다. 이 설전은 미국 모델 하우스에 전시된 GE 전기 주방 앞에서 벌어진 특히 신랄한 논쟁 때문에 '부엌 논쟁'으로 불리게 되었다. 닉슨은 흐루쇼프의 가슴을 찌르는 듯한 제스처를 취하며 반공주의 신념을 재확인함으로써 국내 정치적 야망을 키워나갔다.\r\n
(1959, 1961, 1972, 1973, 1974, 1979, 1985, 1986, 1987, 1988, 1989) Summits between the leadership of the superpowers became major implements of public diplomacy from the mid to late Cold War. Success was measured in terms of Agenda items secured, treaties signed, and who was tougher on whom. As in an international boxin match, no-aligned countries watched from the sidelines trying to discern which power was in the ascendant. Virtually all major arms control agreements were either initiated or concluded at a summit. In that sense, they were an important tool for sizing up relative intentions, and ensuring Cold War did not become hot.	(1959, 1961, 1972, 1973, 1974, 1979, 1985, 1986, 1987, 1988, 1989) 초강대국 지도자들 간의 정상회담은 냉전 중반부터 후반에 걸쳐 공공 외교의 핵심 수단이 되었다. 성공 여부는 확보한 의제 항목, 체결한 조약의 수, 그리고 누가 더 강경한 태도를 보였느냐로 측정되었다. 마치 국제 권투 시합처럼, 비동맹 국가들은 어느 강대국이 우세한지를 파악하려 하며 방관자로서 지켜봤다. 거의 모든 주요 군비 통제 협정은 정상회담에서 시작되거나 타결되었다. 그런 의미에서 정상회담은 상대방의 의도를 가늠하고 냉전이 열전으로 변하지 않도록 막는 중요한 도구였다.
(1960 – 1989) Throughout the Cold War, both left and rightwing governments supported reactionary regimes that resorted to disproportionate force when reacting to threats to that government. While this was a particular penchant of rightwing governments in Latin America, leftist governments also proved their deft use of brutality. El Salvador, Guatemala, and Columbia remain the most harrowing examples of the practice of government sponsored murder. President Osorio of Guatemala once infamously remarked “If it is necessary to turn the country into a graveyard in order to pacify it, I will not hesitate to do so.”	(1960 – 1989) 냉전 내내 좌익과 우익을 막론하고 많은 정부들이 자국에 대한 위협에 무자비한 무력으로 대응하는 반동적인 정권들을 지원했다. 이는 특히 라틴아메리카 우익 정부들의 성향이었지만, 좌익 정부들 역시 잔혹함을 능숙하게 활용할 줄 안다는 것을 증명했다. 엘살바도르, 과테말라, 콜롬비아는 국가가 후원하는 살인의 가장 참혹한 사례로 남아 있다. 과테말라의 오소리오 대통령은 "나라를 안정시키기 위해 묘지로 만들어야 한다면 주저하지 않겠다"는 악명 높은 발언을 남겼다.
(1960) Founded to allow oil producing countries to have more control over the price of oil, and thereby state revenues, OPEC has grown into an institution that controls two-thirds of the world’s oil reserves and generates roughly half of the world’s oil exports. The creation of OPEC was a major blow to the control of the global oil market by the Western giants like Exxon and British Petroleum. While OPEC does include non-Middle Eastern countries such as Venezuela, Indonesia and Nigeria, it is heavily dominated by countries from that region. As a result, OPEC has intervened in the political crises there. Most famously, OPEC refused oil exports to Western countries supporting Israel in the Yom Kippur (or October) War. This resulted in a 400% increase in oil prices and required rationing in the West.	(1960) 석유 생산국들이 유가와 국가 수입을 더 효과적으로 통제할 수 있도록 설립된 OPEC은 세계 석유 매장량의 3분의 2를 장악하고 세계 석유 수출의 절반가량을 창출하는 기구로 성장했다. OPEC의 창설은 엑슨과 브리티시 페트롤리엄 같은 서방 거대 기업들이 주도해온 세계 석유 시장 지배에 큰 타격을 안겼다. OPEC에는 베네수엘라, 인도네시아, 나이지리아 같은 중동 외 국가들도 포함되어 있지만, 중동 국가들이 압도적으로 주도권을 쥐고 있다. 그 결과 OPEC은 중동 지역의 정치적 위기에 개입해왔다. 가장 유명한 사례는 욤 키푸르 전쟁(10월 전쟁) 당시 이스라엘을 지원한 서방 국가들에 대한 OPEC의 석유 수출 거부다. 이로 인해 유가는 400%나 폭등했고 서방 국가들은 석유 배급제를 시행해야 했다.
(1960) Starting in 1955, the United States began running surveillance flights over the Soviet Union at altitudes beyond Soviet anti-aircraft ranges. However, in May of 1960, a Soviet Sam II missile struck Francis Gary Powers’ aircraft in Soviet airspace. Plane, pilot and gear were captured by the USSR. The incident proved a major embarrassment to the Eisenhower administration, as they initially denied that the US was running such missions. The successful downing of the U-2 caused a major chill in superpower relations and was a propaganda coup for the Soviet Union.	(1960) 1955년부터 미국은 소련의 대공 방어 사거리를 초월하는 고도에서 소련 영토에 대한 정찰 비행을 실시하기 시작했다. 그러나 1960년 5월, 소련의 SAM-2 미사일이 소련 영공 내에서 프랜시스 게리 파워스의 항공기를 격추시켰다. 비행기와 조종사, 장비 모두 소련에 포획되었다. 미국이 처음에는 그러한 임무의 존재를 부인했기 때문에 이 사건은 아이젠하워 행정부에 심각한 치욕이 되었다. U-2기의 격추 성공은 초강대국 관계에 커다란 냉기를 몰고 왔으며 소련에게는 선전 외교상의 큰 승리였다.
(1961) The seminal line of perhaps the most powerful inaugural address ever given by a US president, President Kennedy ushered in an era of American confidence and resolve during the Cold War. Popular with American youth, Kennedy inspired a renewed dedication for public service both with ambitious goals for government sponsored science and youth oriented public service like the Peace Corps. His call for selfless dedication to the needs of the nation reflected the passion of a restless generation of young Americans eager to make their mark upon the world.	(1961) 미국 대통령이 행한 취임 연설 중 가장 강렬한 것으로 손꼽히는 이 연설의 핵심 구절과 함께, 케네디 대통령은 냉전 시대 미국의 자신감과 결의의 시대를 열었다. 케네디는 미국 젊은이들 사이에서 큰 인기를 끌었으며, 정부 지원 과학에 대한 야심찬 목표와 평화봉사단 같은 청년 지향적인 공공 봉사 활동을 통해 공익에 대한 새로운 헌신을 불러일으켰다. 국가의 필요를 위한 사심 없는 헌신을 촉구한 그의 호소는 세상에 자신들의 발자국을 남기고자 열망하는 불안한 젊은 미국인 세대의 열정을 반영했다.
(1961– 1969) After years of lagging behind Soviet space exploits, the United States put its full intellectual and economic weight behind the “race to the moon”. President Kennedy initiated Project Mercury. Ultimately, the National Aeronautics and Space Administration would overcome enormous technological hurdles to place a man on the moon. As Neil Armstrong, the first human to set foot upon the moon’s surface, descended from the space craft, he uttered the immortal line “one small step for a man, one giant leap for mankind.” In so doing, he confirmed an American come-back victory in the space race between the superpowers.	(1961– 1969) 수년간 소련의 우주 개발에 뒤처진 끝에, 미국은 "달 경쟁"에 지적·경제적 역량을 총동원했다. 케네디 대통령은 머큐리 계획을 시작했다. 마침내 미국 항공우주국(NASA)은 거대한 기술적 장벽들을 극복하고 인간을 달에 착륙시켰다. 달 표면을 최초로 밟은 인간인 닐 암스트롱이 우주선에서 내려서며 "한 인간에게는 작은 한 걸음이지만, 인류에게는 위대한 도약"이라는 불멸의 말을 남겼다. 이로써 그는 초강대국 간의 우주 경쟁에서 미국의 역전 승리를 확인시켜 주었다.
(1963) While campaigning in Dallas, Texas, President John F. Kennedy was assassinated by Lee Harvey Oswald. Two commissions, the Warren Commission, and the House Select Committee on Assassinations, differed over whether or not Oswald acted alone. In any case, the circumstances of the President’s death threw the country into a panic and created ample opportunity for conspiracy theories ranging from the Mafia, the Cuban government, the KGB and America’s own CIA. It also marked the beginning of a string of high profile political assassinations in the United States that would include Dr. Martin Luther King and John Kennedy’s brother (and Democratic Presidential candidate) Robert Kennedy. These untimely deaths shook American confidence and added to the malaise of the Vietnam era.	(1963) 텍사스주 달라스에서 선거 유세 중이던 존 F. 케네디 대통령이 리 하비 오즈월드에게 암살되었다. 워런 위원회와 하원 암살특별위원회, 두 조사 기관은 오즈월드가 단독으로 범행을 저질렀는지에 대해 서로 다른 결론을 내렸다. 어찌 되었든, 대통령의 죽음을 둘러싼 정황은 미국 전체를 패닉 상태로 몰아넣었고, 마피아, 쿠바 정부, KGB, 그리고 미국 자체의 CIA에 이르기까지 다양한 음모론이 무성하게 퍼질 여지를 만들었다. 이 사건은 또한 마틴 루서 킹 목사와 존 케네디의 동생이자 민주당 대통령 후보였던 로버트 케네디를 포함하는 미국 내 고위급 정치 암살 사건의 시작을 알렸다. 이 때 이른 죽음들은 미국인들의 자신감을 흔들었고 베트남 시대의 무기력감을 더욱 심화시켰다.
(1964 – 1994) The racist, minority government of South African began to be challenged by the African National Congress with Soviet and Cuban assistance from the bases in Tanzania, Zambia and other “front line” states. The era of peaceful resistance formally ended with the massacres in Sharpeville and Langa. For its part, South Africa sought to destabilize its neighbors. The Apartheid government refused to end the occupation of Namibia, supported UNITA forces fighting in neighboring Angola, and backed RENAMO in Mozambique. However, increasing black population, powerful black trade unions and ultimately western pressure put South Africa on the defensive. The Reagan Administration pursued a policy of “constructive engagement,” but it remained controversial at home and abroad. Finally, the collapse of the Eastern bloc deprived P.W. Botha’s government of their last bit of western leverage, and Nelson Mandela was released.	(1964 – 1994) 남아프리카공화국의 인종차별적 소수 백인 정권은 탄자니아, 잠비아 및 기타 "전선" 국가들에 기지를 둔 아프리카민족회의(ANC)로부터 소련과 쿠바의 지원을 받아 도전을 받기 시작했다. 샤프빌과 랑가의 학살로 평화적 저항의 시대는 공식적으로 막을 내렸다. 한편 남아프리카공화국은 주변국들을 불안정하게 만들려 했다. 아파르트헤이트 정권은 나미비아 점령 종식을 거부하고, 인접국 앙골라에서 싸우는 UNITA 세력을 지원했으며, 모잠비크의 RENAMO를 후원했다. 그러나 증가하는 흑인 인구, 강력한 흑인 노동조합, 그리고 궁극적으로는 서방의 압력이 남아프리카공화국을 수세로 몰아넣었다. 레이건 행정부는 "건설적 개입" 정책을 추진했지만 국내외에서 논란이 계속되었다. 마침내 동구권의 붕괴가 P.W. 보타 정권의 마지막 서방 외교적 지렛대를 빼앗았고, 넬슨 만델라는 석방되었다.
(1964) As the reality of nuclear holocaust became accepted by the public, fatalism about its inevitability also took hold. The landmark black comedy, Dr. Strangelove, captured this new mood. However, such attitudes are hardly unique. Similar Fatalism about mankind’s ultimate destiny can be found throughout literature of the time and sparked a whole sub-genre of science fiction, the post-nuclear holocaust dime novel filled with atomic mutants and vague remnants of contemporary civilization. Ironically, the pessimism that is reflected in these works may have aided the possibility of nuclear war by making such an act “thinkable.”	(1964) 핵 대참사의 현실이 대중에게 받아들여지면서, 그 불가피성에 대한 숙명론도 함께 퍼져나갔다. 기념비적인 블랙 코미디 영화 《닥터 스트레인지러브》는 이러한 새로운 시대 분위기를 잘 포착했다. 그러나 그러한 태도가 특별히 새로운 것은 아니다. 인류의 궁극적 운명에 대한 비슷한 숙명론은 당시 문학 전반에서 찾아볼 수 있으며, 원자 돌연변이와 현대 문명의 희미한 잔재로 가득한 핵 참사 이후 세계를 다루는 SF의 하위 장르 전체를 탄생시켰다. 아이러니하게도, 이 작품들에 반영된 비관론은 핵전쟁을 "상상 가능한" 행위로 만듦으로써 오히려 핵전쟁의 가능성을 높였을 수도 있다.
(1964-1975) It is hard to put a precise date on when US involvement in Vietnam ceased to be support for an anti-communist counter-insurgency and became instead an inextricable quagmire. However, Congressional passage of the Gulf of Tonkin resolution seems like as good a point as any. With hindsight, it is clear that the United States confused the very nature of the conflict that they were fighting. Vietnam was fundamentally a war of national liberation- a struggle that had begun centuries before against Chinese dominance, then French, then Japanese and finally the United States. While the American government may have never realized that they had fallen into the role of “foreign oppressor,” that fact did not diminish Vietnamese resistance. Like most colonial wars, it came down to a calculus of cost. US interests were simply not worth the costs in national morale, military manpower and economic resources that Vietnam was consuming. But humbling a superpower is a long process, and so it was in Vietnam.	(1964-1975) 베트남에서의 미국의 개입이 반공 반란 진압 지원에서 벗어나 헤어날 수 없는 수렁으로 변한 정확한 시점을 특정하기는 어렵다. 그러나 미 의회의 통킹만 결의안 통과가 그 기준점으로 삼기에 적절해 보인다. 돌이켜보면, 미국은 자신들이 싸우고 있는 전쟁의 본질을 오해했음이 분명하다. 베트남 전쟁은 근본적으로 민족 해방 전쟁이었다. 수백 년 전부터 중국의 지배에 맞서 시작된 이 투쟁은 이후 프랑스, 일본, 그리고 마침내 미국을 상대로 이어졌다. 미국 정부는 스스로가 '외세 억압자'의 역할에 빠져들었다는 사실을 끝내 깨닫지 못했을지 모르지만, 그 사실이 베트남인들의 저항을 약화시키지는 않았다. 대부분의 식민지 전쟁처럼, 결국 비용 계산의 문제로 귀결되었다. 베트남이 소모하고 있는 국민의 사기, 군사력, 경제적 자원의 대가에 비해 미국의 이익은 결코 그만한 가치가 없었다. 그러나 초강대국을 굴복시키는 것은 긴 과정이며, 베트남도 마찬가지였다.
(1965 – 1970) A term reportedly coined by the poet Allen Ginsberg, “flower power” came to represent the nonviolence and peace movements of the 1960s. The classical context for the phrase was the placement of daisies into rifle muzzles, and the anti-war slogan “make love, not war.” Flower power is also representative of the general ambivalence to the use of military force that resulted from the American experience in Vietnam.	(1965 – 1970) 시인 앨런 긴즈버그가 만들어낸 것으로 알려진 "꽃의 힘(flower power)"은 1960년대의 비폭력 및 평화 운동을 상징하는 말이 되었다. 이 표현의 전형적인 장면은 소총 총구에 데이지 꽃을 꽂는 것과 "전쟁 말고 사랑을(make love, not war)"이라는 반전 구호였다. 꽃의 힘은 또한 베트남에서의 미국의 경험으로 인해 생겨난, 군사력 사용에 대한 전반적인 거부감을 상징하기도 한다.
(1966 – 1977) While primarily representative of an internal power struggle within the People’s Republic of China, the Cultural Revolution had profound international implications. As Mao Zedong felt increasingly marginalized by moderates within the Chinese Communist party, he lashed out to restore ideological purity and train the next generation of revolutionaries. The resulting turmoil of purges, denunciations, and creation of the Red Guard brought China to the brink of civil war. It also made more pronounced, the rupture between China and the Soviet Union. However, the anarchy and isolationism that reigned made rapprochement between the United States and the PRC impossible. As the Nixon administration took office, the gulf between the two nations appeared wider than ever.	(1966 – 1977) 문화대혁명은 기본적으로 중화인민공화국 내부의 권력 투쟁을 상징하지만, 국제적으로도 심대한 영향을 미쳤다. 마오쩌둥은 중국 공산당 내 온건파에 의해 점점 소외된다고 느끼자 이념적 순수성을 회복하고 다음 세대의 혁명가를 양성하기 위해 강경하게 맞섰다. 그로 인한 숙청과 고발, 홍위병 창설의 혼란은 중국을 내전 직전까지 몰아갔다. 이는 또한 중국과 소련 사이의 균열을 더욱 심화시켰다. 그러나 이 시기를 지배한 무정부 상태와 고립주의로 인해 미국과 중화인민공화국의 화해는 불가능했다. 닉슨 행정부가 출범할 당시 두 나라 사이의 간극은 그 어느 때보다 벌어진 것처럼 보였다.
(1968) Announced to a crowd of Polish workers by Brezhnev himself, the Brezhnev Doctrine clarified the de facto policy of the Soviet Union, the Prague Spring. Namely, current socialist countries would not be allowed to abandon socialism or adopt a position of neutrality. The doctrine contributed to the Soviets’ miscalculation of world reaction to their invasion of Afghanistan. They looked upon the invasion as the mere application of this well-understood doctrine.	(1968) 브레즈네프가 직접 폴란드 노동자들 앞에서 발표한 브레즈네프 독트린은 프라하의 봄에 관한 소련의 사실상 정책을 명확히 했다. 즉, 현존하는 사회주의 국가들은 사회주의를 포기하거나 중립 입장을 취하는 것이 허용되지 않는다는 것이었다. 이 독트린은 소련이 아프가니스탄 침공에 대한 세계의 반응을 오판하는 데 일조했다. 소련은 그 침공을 이미 잘 알려진 독트린을 단순히 적용하는 것으로 간주했던 것이다.
(1969 – ?) An outgrowth of the Second Vatican Council, liberation theology stresses Jesus Christ as liberator. The theological strain that sustained this outlook originated in Latin America and flourished there, particularly with the Jesuit order. While never embraced by Pope John Paul II due to its Marxist undercurrents, liberation theology remains very popular with individual priests and the laity in the third world. Its emphasis on social justice and its critique of capitalist excess has, however, been incorporated into broader Church doctrine.	(1969 – ?) 제2차 바티칸 공의회에서 비롯된 해방신학은 예수 그리스도를 해방자로 강조한다. 이러한 시각을 뒷받침한 신학적 흐름은 라틴아메리카에서 시작되어 그곳에서, 특히 예수회를 중심으로 번성했다. 마르크스주의적 흐름을 이유로 교황 요한 바오로 2세에게 끝내 받아들여지지 않았지만, 해방신학은 제3세계의 개별 사제들과 평신도들 사이에서 여전히 큰 인기를 누리고 있다. 그러나 사회 정의에 대한 강조와 자본주의적 과잉에 대한 비판은 더 넓은 교회 교리에 흡수되었다.
(1969) After years of deteriorating relations and China’s first nuclear test, forces of the People’s Republic of China and the Soviet Union clashed along their long and porous border. The Ussuri and Amur Rivers’ possession remained uncertain between the two nations and were a source of friction. Following a military buildup on both sides of the border, tensions spilled over into a several sharp skirmishes. While full-blown war was avoided, the fighting led directly to the People’s Republic of China’s interest in rapidly normalizing relations with the United States.	(1969) 오랜 관계 악화와 중국의 첫 핵실험 이후, 중화인민공화국과 소련의 군대는 길고 경계가 불분명한 국경을 따라 충돌했다. 우수리강과 아무르강의 영유권은 두 나라 사이에서 여전히 불확실한 채로 마찰의 원인이 되었다. 국경 양측의 군사력 증강에 이어 긴장이 고조되어 몇 차례의 격렬한 충돌로 번졌다. 전면전은 피했지만, 이 교전은 중화인민공화국이 미국과의 관계 정상화를 서두르게 되는 직접적인 계기가 되었다.
(1969) An ardent socialist and opponent of the Nazi party during his youth, Willy Brandt led the West German Socialist Democratic party to the Chancellorship in 1969. There he implemented the same pragmatic approach to east-west linkages that had characterized his mayorship of West Berlin. Termed Ostpolitik, under Brandt, West Germany normalized relations with the Soviet Union, Poland and Czechoslovakia. While not abandoning the notion of German reunification, he acknowledged the inviolability of existing borders and went on to normalize relations with East Germany. Ultimately, his government was brought down by an internal spy scandal.	(1969) 청년 시절 열렬한 사회주의자이자 나치당 반대자였던 빌리 브란트는 1969년 서독 사회민주당을 이끌어 총리직에 올랐다. 그는 서베를린 시장 시절 동서 연계에 적용했던 실용적 접근 방식을 그대로 구현했다. '동방정책(Ostpolitik)'이라 불린 이 노선 아래, 서독은 소련, 폴란드, 체코슬로바키아와 관계를 정상화했다. 브란트는 독일 재통일이라는 이념을 포기하지 않으면서도 기존 국경의 불가침성을 인정하고, 동독과의 관계 정상화까지 이루어냈다. 결국 그의 정부는 내부 간첩 스캔들로 인해 무너졌다.
(1969, 1972) Initiated during the Johnson Administration, and completed by President Nixon and Secretary Brezhnev, the first Strategic Arms Limitations Talks (SALT) treaty essentially sought to limit the number of nuclear platforms, and restrict defensive system that threatened the system of mutual deterrence. The success of this treaty led to the initiation of a second round of negotiations or SALT II. The diplomatic wrangling over this treaty began under President Nixon, and was completed in 1979 by President Carter and Secretary Brezhnev. SALT II provided broad limits on new strategic weapons platforms and banned mobile ICBM’s. Owing to the Soviet invasion of Afghanistan, the treaty as never ratified. President Reagan asserted that the Soviets were not complying with the terms of SALT II in 1986 and withdrew from the treaty.	(1969, 1972) 존슨 행정부에서 시작되어 닉슨 대통령과 브레즈네프 서기장에 의해 완성된 제1차 전략무기제한협정(SALT)은 기본적으로 핵 플랫폼의 수를 제한하고 상호억제 체계를 위협하는 방어 시스템을 규제하고자 했다. 이 협정의 성공은 제2차 협상, 즉 SALT II의 개시로 이어졌다. 이 협정에 관한 외교적 논의는 닉슨 대통령 시절 시작되어 1979년 카터 대통령과 브레즈네프 서기장에 의해 완성되었다. SALT II는 새로운 전략 무기 플랫폼에 대한 광범위한 제한을 규정하고 이동식 대륙간탄도미사일(ICBM)을 금지했다. 소련의 아프가니스탄 침공으로 인해 조약은 끝내 비준되지 못했다. 레이건 대통령은 1986년 소련이 SALT II 조항을 준수하지 않고 있다고 주장하며 조약에서 탈퇴했다.
(1970 – 1973) A physician, Salvador Allende was popularly elected in Chile to lead that nation’s first socialist government. Allende moved quickly to socialize copper production— Chile’s largest export commodity. The mines were largely held by two US companies, Kennecott and Anaconda. Relations with the US soon turned frosty, and the CIA supported an attempted coup in 1970. It failed. However, as the West applied harsh economic sanctions, the Allende regime floundered in its second and third years. In 1973, the military, lead by Augusto Pinochet, deposed Allende with a bloody assault on the presidential palace. Allende took his own life.	(1970 – 1973) 의사 출신인 살바도르 아옌데는 칠레에서 국민 선거로 선출되어 그 나라 최초의 사회주의 정부를 이끌었다. 아옌데는 칠레 최대의 수출품인 구리 생산의 사회화를 신속히 추진했다. 광산 대부분은 케네콧과 아나콘다라는 두 미국 기업이 보유하고 있었다. 미국과의 관계는 곧 냉각되었고, CIA는 1970년의 쿠데타 시도를 지원했으나 실패했다. 그러나 서방이 가혹한 경제 제재를 가하면서 아옌데 정권은 집권 2~3년 차에 흔들리기 시작했다. 1973년, 아우구스토 피노체트가 이끄는 군부는 대통령궁에 대한 유혈 공격으로 아옌데를 축출했다. 아옌데는 스스로 목숨을 끊었다.
(1970) Though widely criticized by the right domestically, the Carter administration’s decision to turn over the Panama Canal to Panama proved immensely popular with Latin America. The Canal was a vital strategic link for the United States navy both during the First and Second World Wars. However, by the time of the Korean War, the canal was no longer large enough to accommodate contemporary warships. With its utility to the U.S. military greatly diminished, while its propaganda value as a relic of American imperialism still on the rise, Carter realized that gradual hand over of the canal was the best policy alternative.	(1970) 국내 우파로부터 거센 비판을 받았음에도, 파나마 운하를 파나마에 반환하기로 한 카터 행정부의 결정은 라틴아메리카에서 엄청난 호응을 얻었다. 운하는 제1차 및 제2차 세계대전 당시 미국 해군에게 핵심적인 전략적 연결로였다. 그러나 한국전쟁 무렵에는 운하가 현대 군함을 수용하기에 충분히 크지 않았다. 미군에 대한 실용적 가치가 크게 줄어든 반면, 미국 제국주의의 유물로서 선전 가치는 여전히 높아지고 있었기에, 카터는 운하의 단계적 반환이 최선의 정책 대안임을 인식했다.
(1972) Anwar Sadat was an early participant in anti-colonial activities against the British-sponsored Egyptian monarchy. He became vice president under Nasser, and inherited a deteriorating relationship with the USSR when he transitioned into the presidency. The Soviets refused Egyptian demands for increased economic and military aid, and the Egyptians were trying hard to keep a foot in both camps. In reaction, Sadat expelled the 5,000 Soviet military advisors and 15,000 air force personnel in Egypt. After the brokered Mideast peace following 1973 war, Sadat became convinced of the need for closer relations with Washington.	(1972) 안와르 사다트는 영국이 후원하는 이집트 왕정에 맞선 반식민지 활동에 일찍부터 참여했다. 그는 나세르 치하에서 부통령이 되었고, 대통령직을 이어받으면서 소련과의 악화된 관계도 함께 물려받았다. 소련이 이집트의 경제·군사 지원 확대 요구를 거부하는 상황에서, 이집트는 양쪽 진영 모두에 발을 걸치기 위해 안간힘을 썼다. 이에 사다트는 이집트에 주둔 중인 소련 군사 고문 5,000명과 공군 인원 15,000명을 추방했다. 1973년 전쟁 이후 중재된 중동 평화협정을 거치면서, 사다트는 워싱턴과의 긴밀한 관계가 필요하다는 확신을 갖게 되었다.
(1972) Realizing that normalization of relations with China was key for US withdrawal from South Vietnam, Nixon sought a summit between himself and Mao. Nixon dispatched Henry Kissinger to secret talks with the PRC’s foreign minister Chou En-lai to lay the groundwork for the visit. Capitalizing on deteriorating Sino-Soviet relations, Nixon scored perhaps the greatest diplomatic coup of the Cold War. The Shanghai Communique that followed the summit danced around several fundamental disagreements between the two countries, including Taiwan and Vietnam. However, it was clear that the Soviet Union could no longer depend upon Chinese support in regional conflicts. While Nixon expressed his desire to fully normalize relations between the two countries quickly, Watergate interrupted these plans. It would fall to Jimmy Carter to restore full diplomatic relations between the two countries.	(1972) 중국과의 관계 정상화가 미국의 남베트남 철수에 핵심적이라는 사실을 인식한 닉슨은 마오와의 정상회담을 추진했다. 닉슨은 헨리 키신저를 중화인민공화국 외무장관 저우언라이와의 비밀 회담에 파견하여 방문의 기반을 마련했다. 악화되는 중소 관계를 활용한 닉슨은 냉전 최대의 외교적 쾌거를 거두었다. 정상회담에 이어 발표된 상하이 코뮈니케는 대만과 베트남을 포함한 양국 간의 여러 근본적인 이견을 교묘히 비껴갔다. 그러나 소련이 더 이상 지역 분쟁에서 중국의 지지에 기댈 수 없다는 사실은 분명해졌다. 닉슨은 양국 간의 완전한 관계 정상화를 조속히 이루겠다는 의지를 표명했지만, 워터게이트 사건이 이 계획을 가로막았다. 두 나라 사이의 완전한 외교 관계 회복은 지미 카터의 몫이 되었다.
(1972) The Anti Ballistic Missile Treaty sought to cement the system of mutually assured destruction as the lynchpin of strategic balance. The ABM treaty restricted the ability of the two superpowers to defend themselves from nuclear strike. In theory, this made a first strike to prevent the introduction of destabilizing defensive systems unnecessary. Both nations were allowed to defend either their capital or one field of ICBMs with a missile defense system. The Soviets deployed such a system around Moscow. Ultimately, the US abandoned its system deployed in Grand Forks, North Dakota.	(1972) 탄도탄 요격 미사일 조약(ABM 조약)은 상호확증파괴 체계를 전략적 균형의 핵심 축으로 공고히 하려 했다. ABM 조약은 두 초강대국이 핵 공격으로부터 스스로를 방어하는 능력을 제한했다. 이론적으로 이는 불안정을 초래하는 방어 시스템의 도입을 막기 위한 선제공격을 불필요하게 만들었다. 양국은 수도 또는 ICBM 기지 중 하나를 미사일 방어 시스템으로 보호하는 것이 허용되었다. 소련은 모스크바 주변에 이 시스템을 배치했다. 미국은 결국 노스다코타주 그랜드포크스에 배치한 시스템을 포기했다.
(1973 –1980, 1981 – ?) In 1973, difficult climatic circumstances and dramatic crop failures prompted President Nixon to allow for massive grain sales to the Soviet Union. While a blow to Russian pride, the program was nevertheless a step towards normalized relations between the superpowers. Additionally, it provided an enduring domestic lobby to pressure for continued  thawing in economic relations between the two countries. In 1980, President Carter  suspended the program in retaliation for the Soviet invasion of Afghanistan. Shipments were resumed a year later under President Reagan. This culminated in a treaty with the Soviets, with the Soviets promising to buy 9 million tons of US grains per year.	(1973 –1980, 1981 – ?) 1973년, 어려운 기후 여건과 극심한 작황 부진으로 인해 닉슨 대통령은 소련에 대한 대규모 곡물 판매를 허용했다. 러시아의 자존심에 상처를 입히는 일이었지만, 이 프로그램은 그럼에도 초강대국 간 관계 정상화를 향한 한 걸음이었다. 또한 양국 간의 경제 관계 해빙이 지속되도록 압력을 가하는 지속적인 국내 로비 세력을 만들어냈다. 1980년, 카터 대통령은 소련의 아프가니스탄 침공에 대한 보복으로 이 프로그램을 중단했다. 선적은 1년 뒤 레이건 대통령 하에서 재개되었다. 이는 소련이 미국 곡물을 연간 900만 톤 구매하기로 약속하는 조약 체결로 이어졌다.
(1973) Personalized diplomacy that uses advances in transportation and communications, Shuttle Diplomacy was a hallmark of Henry Kissinger’s term as Secretary of State. Most famously, it was utilized to broker a cease-fire between Israel and Egypt after the Yom Kippur War. By acting as personal go-between for the Egyptians and Israelis, Kissinger maintained the pivotal role in discussions and minimized Soviet influence over the negotiation process. Kissinger utilized a similar style when dealing with the normalization of relations between the United States and the People’s Republic of China.	(1973) 교통과 통신의 발전을 활용한 개인화된 외교 방식인 셔틀 외교는 헨리 키신저가 국무장관으로 재임하는 동안의 대표적인 특징이었다. 가장 유명한 사례는 욤 키푸르 전쟁 이후 이스라엘과 이집트 사이의 휴전을 중재하는 데 활용된 것이다. 이집트인과 이스라엘인 사이의 개인 중재자로 활동함으로써, 키신저는 협상에서 핵심적인 역할을 유지하고 소련의 영향력을 최소화했다. 키신저는 미국과 중화인민공화국 간의 관계 정상화를 다룰 때에도 이와 유사한 방식을 활용했다.
(1974) Portugal was the last European power to abandon her major colonial possessions in Africa. While admitted to NATO, Portugal was ruled by dictatorship under Antonio Salazar, who felt that colonial possessions would preserve Portugal’s place in the community of nations. Nevertheless, the repression of nationalist insurgencies brought criticism both from newly independent nations, as well as Portugal’s NATO allies. Finally, with a democratic government in place, Portugal renounced its claims. Shortly thereafter, Portugal’s former colonies of Angola and Mozambique descended into civil war and became major flash points for East and West on the continent of Africa.	(1974) 포르투갈은 아프리카의 주요 식민지를 포기한 마지막 유럽 강대국이었다. NATO 회원국임에도 포르투갈은 안토니우 살라자르의 독재 치하에 있었는데, 살라자르는 식민지 보유가 국제사회에서 포르투갈의 위상을 지켜줄 것이라 믿었다. 그러나 민족주의 반란에 대한 탄압은 신생 독립국들뿐 아니라 포르투갈의 NATO 동맹국들로부터도 비판을 받았다. 마침내 민주 정부가 수립되면서 포르투갈은 식민지 영유권을 포기했다. 그 직후 포르투갈의 과거 식민지였던 앙골라와 모잠비크는 내전에 빠져들며 아프리카 대륙에서 동서 양 진영의 주요 충돌 지점이 되었다.
(1978) Following a lull in the Middle East peace process caused by the 1976 presidential elections, President Carter entered office with a burst of new energy on the subject. Through direct personal appeal, Carter was able to bring ultimate resolution to the Yom Kippur War and completely change the dynamic of the Middle Eastern question. Israel and Egypt normalized relations and a framework for Middle East peace was agreed to. Years later, this would allow for the Oslo accord, and the Jordanian–Israeli Peace Agreement. Additionally, Carter also secured the complete realignment of Egypt. Once a Nasser led hotbed of anti-Western feeling, Egypt was to become one of America’s foremost allies in the region. Sadat would pay dearly for the leadership he showed during the talks. He was assassinated by Islamic radicals in 1981.	(1978) 1976년 대통령 선거로 인해 중동 평화 프로세스에 잠시 공백이 생긴 후, 카터 대통령은 이 문제에 새로운 활력을 불어넣으며 취임했다. 직접적인 개인 설득을 통해 카터는 욤 키푸르 전쟁의 최종 해결을 이끌어내고 중동 문제의 역학 구도를 완전히 바꾸어 놓았다. 이스라엘과 이집트는 관계를 정상화했고, 중동 평화를 위한 기본 틀이 합의되었다. 수년 뒤 이는 오슬로 협정과 요르단-이스라엘 평화협정의 길을 열어주었다. 아울러 카터는 이집트의 완전한 노선 전환도 이끌어냈다. 한때 나세르가 이끌던 반서방 감정의 온상이었던 이집트는 미국의 이 지역 핵심 동맹국 중 하나가 되었다. 사다트는 회담에서 보여준 지도력에 대해 혹독한 대가를 치렀다. 그는 1981년 이슬람 과격파에 의해 암살되었다.
(1979 – 1981) A violent reaction to traditional US support for the repressive regime of the Shah of Iran, Mohammed Reza Pahlavi, 65 Americans were held for 444 days after Islamic revolutionaries stormed the US embassy. The newly installed leader of the Iran’s theocracy, Ayatollah Khomeini, was rabidly anti-American and had urged his followers to take action against Western influences. President Carter undertook two scrubbed rescue missions, one of which resulted in a humiliating accident for the US military and for the Carter Administration. Carter’s failure to secure the release of the hostages prior to the end of the 1980 campaign season is often credited with his sizable electoral defeat. Ultimately, Iraq’s invasion of Iran in 1980 made Iran more amenable to ending the crisis. Through the use of Algerian intermediaries, negotiations were finally successful. In a final slap to Carter, the hostages were formally relinquished to US custody on January 21, 1981, minutes after Reagan’s inauguration.	(1979 – 1981) 이란의 샤(Shah) 모하마드 레자 팔라비의 억압적인 정권을 지지해온 미국에 대한 격렬한 반발로, 이슬람 혁명 세력이 미국 대사관을 점거한 후 65명의 미국인이 444일간 억류되었다. 이란 신정 체제의 새 지도자 아야톨라 호메이니는 맹렬한 반미주의자로, 추종자들에게 서방의 영향력에 맞서 행동할 것을 촉구했다. 카터 대통령은 두 차례 구출 작전을 시도했으나 모두 중단되었고, 그 중 하나는 미군과 카터 행정부에 치욕스러운 사고로 기록되었다. 1980년 대선 시즌이 끝나기 전에 인질을 석방시키지 못한 카터의 실패는 그의 대패의 주요 원인으로 꼽힌다. 결국 1980년 이라크의 이란 침공이 이란을 위기 종식에 더 유연한 태도로 이끌었다. 알제리를 중재자로 활용한 협상이 마침내 성공을 거두었다. 카터에 대한 마지막 모욕으로, 인질들은 레이건의 취임식 직후인 1981년 1월 21일에 공식적으로 미국에 인계되었다.
(1979) As secular Arab and Muslim states throughout the Middle East displayed corruption, repression and incompetence, more radical forms of Islam began to come to the fore. The Muslim Brotherhood, founded in Egypt, sought to topple the secular regime there and in Syria. This led to further cycles of repression and authoritarian rule within these countries. A similar cycle took place in Iran under Mohammad Reza Shah Pahlavi. A long standing regional ally of the United States, and the West generally, the Shah was deposed by a popular revolution led by the anti-western Ayatollah Khomeini. This ushered in the world’s first contemporary theocracy. Iran’s Mullahs would spend the rest of the 20th Century in efforts to export their revolution to other Shia Muslim communities.	(1979) 중동 전역의 세속적 아랍·이슬람 국가들이 부패, 억압, 무능을 드러내면서 보다 급진적인 형태의 이슬람이 부상하기 시작했다. 이집트에서 창설된 무슬림 형제단은 이집트와 시리아의 세속 정권을 타도하려 했다. 이는 해당 국가들 내에서 억압과 권위주의적 통치의 악순환을 심화시켰다. 이란에서도 모하마드 레자 샤 팔라비 치하에서 유사한 악순환이 반복되었다. 미국과 서방 전반의 오랜 지역 동맹국이었던 샤는 반서방 성향의 아야톨라 호메이니가 이끈 민중 혁명에 의해 축출되었다. 이는 세계 최초의 현대적 신정 국가의 탄생을 알렸다. 이란의 물라들은 20세기의 나머지 기간을 시아파 무슬림 공동체에 혁명을 수출하려는 노력에 쏟아부었다.
(1979-1992) In an era of seemingly increasing Soviet hubris, the USSR reverted to old patterns of power politics by meddling in affairs of Afghanistan – the battleground country in the “Great Game” rivalry between imperialist Russia and Victorian Britain. The Soviets considered Afghanistan part of their natural sphere of influence. However, when Soviet troops directly intervened in an Afghan power struggle and deposed the existing president, they greatly miscalculated the reaction of world opinion. Smarting from defeat in Vietnam by seemingly inferior forces, the Reagan Administration sought to make Afghanistan into an equal nightmare. Over a ten year period, the United States provided over $2 billion in assistance to the Islamic resistance or mujahideen in Afghanistan.	(1979-1992) 소련의 오만함이 점점 커지는 듯 보이던 시대에, 소련은 제국주의 러시아와 빅토리아 시대 영국 간의 "거대한 게임" 경쟁의 격전지였던 아프가니스탄의 내정에 개입하며 구태의연한 세력 정치로 회귀했다. 소련은 아프가니스탄을 자신들의 자연스러운 세력권으로 여겼다. 그러나 소련군이 아프간 권력 투쟁에 직접 개입하여 기존 대통령을 축출하자, 그들은 세계 여론의 반응을 크게 오판한 셈이 되었다. 보잘것없어 보이는 적군에게 베트남에서 패배한 쓴 기억이 있던 레이건 행정부는 아프가니스탄을 소련에게 그와 같은 악몽으로 만들고자 했다. 10년에 걸쳐 미국은 아프가니스탄의 이슬람 저항 세력, 즉 무자헤딘에게 20억 달러 이상의 지원을 제공했다.
(1980 – 1988) Commenting on the war, Henry Kissinger famously remarked, “Too bad they can’t both lose.” Sparked by simmering land disputes over the Shatt al-Arab, Saddam Hussein sought to establish Iraq as a true regional power, and also check the export of Shia fundamentalism from Iran. Initially, Iraq scored limited gains, but Iranian forces rallied and began a counter offensive into Iraq. Without set allies in the conflict, the United States played a cynical game of attempting to keep both sides sufficiently supplied for the war to continue. Ultimately, the US began to tilt to Iraq as an Iranian victory in the war would have been an unacceptable outcome. Iran also utilized oil as a weapon necessitating the US flagging of Kuwaiti tankers to ensure oil supplies. After 8 years of war, the border returned to its ante bellum status. However, both nations had been severely weakened by the\r\nconflict.\r\n	(1980 – 1988) 이 전쟁에 대해 키신저는 "양쪽 다 질 수 없다니 안타깝다"는 유명한 말을 남겼다. 샤트알아랍 수로를 둘러싼 잠재된 영토 분쟁이 도화선이 되어, 사담 후세인은 이라크를 진정한 지역 강국으로 부상시키고 이란으로부터 시아파 근본주의의 수출을 차단하려 했다. 초기에 이라크는 제한적인 성과를 거뒀으나, 이란군이 반격하여 이라크 영내로 반격을 개시했다. 이 분쟁에서 확실한 동맹국이 없었던 미국은 전쟁이 지속될 수 있도록 양측에 충분한 물자를 공급하는 냉소적인 게임을 펼쳤다. 결국 이란의 승리는 용납할 수 없는 결과였기에 미국은 이라크 쪽으로 기울기 시작했다. 이란은 석유를 무기로 활용하기도 했으며, 이는 미국이 석유 공급을 보장하기 위해 쿠웨이트 유조선에 미국 국기를 게양하도록 만들었다. 8년간의 전쟁 끝에 국경선은 전쟁 이전 상태로 되돌아갔다. 그러나 양국 모두 이 전쟁으로 심각하게 약화되었다.
(1982 – 1989) A ripple effect from the rise of Middle Eastern oil, Latin American governments experienced phenomenal growth from the 1950’s into the 1970’s. However, this came to an abrupt halt. Unfortunately, even with impressive economic growth, Latin American countries like Brazil and Ecuador continued to rack up external debt. Given the new found global capital from petrodollars, Latin American governments found willing lenders. External debt in Latin America rose 1,000% from 1970 to 1980. When a global recession sparked by the Iranian oil crisis buffeted world economies, most Latin American governments simply could not keep up. Eventually, these governments would have to commit to significant restructuring of their economies to reduce their debt.	(1982 – 1989) 중동 석유의 부상이 낳은 파급 효과로, 라틴아메리카 정부들은 1950년대부터 1970년대에 걸쳐 놀라운 성장을 경험했다. 그러나 이는 갑작스럽게 중단되었다. 불행히도 인상적인 경제 성장에도 불구하고, 브라질과 에콰도르 같은 라틴아메리카 국가들은 계속해서 대외 부채를 쌓아갔다. 석유 달러에서 비롯된 새로운 글로벌 자본 덕분에 라틴아메리카 정부들은 기꺼이 돈을 빌려줄 채권자들을 찾을 수 있었다. 라틴아메리카의 대외 부채는 1970년에서 1980년 사이 1,000%나 증가했다. 이란 석유 위기로 촉발된 글로벌 경기 침체가 세계 경제를 강타하자, 대부분의 라틴아메리카 정부들은 이를 도저히 감당할 수 없었다. 결국 이들 정부는 부채를 줄이기 위해 대대적인 경제 구조 조정을 단행해야 했다.
(1982) In one of the many bizarre, human moments of the Cold War, Samantha Smith, a ten year old American school girl, wrote the newly appointed General Secretary of the Soviet Communist Party, Yuri Andropov a letter. Andropov had recently succeeded Brezhnev, and as one of the architects of Prague Spring, his ascension was taken as a very inauspicious development for East-West relations. To everyone’s great surprise, Samantha received a personal reply, including an invitation to the Soviet Union. Despite concerns expressed by the US State Department, Samantha accepted and traveled to the Soviet Union. Her trip was heralded as important early thaw in relations and improved Andropov’s public perception in the West.	(1982) 냉전의 수많은 기이하고도 인간적인 순간들 중 하나로, 미국의 열 살짜리 초등학생 사만다 스미스는 소련 공산당의 신임 서기장 유리 안드로포프에게 편지를 보냈다. 안드로포프는 최근 브레즈네프의 뒤를 이었는데, 프라하의 봄의 설계자 중 한 명이었던 그의 취임은 동서 관계에 매우 불길한 전조로 받아들여졌다. 모두를 크게 놀라게도, 사만다는 소련 방문 초청을 포함한 친필 답장을 받았다. 미국 국무부의 우려에도 불구하고 사만다는 초청을 수락하여 소련을 방문했다. 그녀의 방문은 관계의 중요한 초기 해빙 신호로 환영받았으며, 서방에서 안드로포프의 대중적 이미지를 개선하는 데 기여했다.
(1983) After the Israeli invasion of Lebanon, the United States and France dispatched troops to form a peace keeping force between the opposing sides. Terrorist attacks on the troop barracks of both nations resulted in terrible losses. 241 US servicemen and 58 French paratroopers were killed in the attacks. It was the worst single day of casualties suffered by the US Marine Corps since Iwo Jima. While US suspicions have focused on Iranian sponsored Hezbollah terrorists, precise responsibility remains unknown.	(1983) 이스라엘의 레바논 침공 이후, 미국과 프랑스는 교전 양측 사이에 평화 유지군을 구성하기 위해 군대를 파견했다. 양국 군 막사에 대한 테러 공격은 막대한 인명 피해를 초래했다. 이 공격으로 미군 241명과 프랑스 공수부대원 58명이 사망했다. 이오지마 전투 이후 미 해병대가 겪은 최악의 단일 일일 피해였다. 미국은 이란이 후원하는 헤즈볼라 테러리스트들을 의심하고 있으나, 정확한 책임 소재는 여전히 밝혀지지 않았다.
(1984 – 1985) The Pershing II missile was designed as a direct counter to the Soviet Intermediate Range Missile, the SS-20. The deployment of 108 of these missiles in West Germany, Italy and the United Kingdom proved a major test for NATO’s resolve. Public protests against the deployments were massive. However, despite the strains, the weapons were deployed, providing NATO with a bargaining chip in the proposed Intermediate range Nuclear Forces (INF) treaty discussions. These negotiations had been suspended in 1983, and the successful deployment of the Pershing II’s provided impetus for restarting the talks in 1985. Ultimately, the talks would succeed at the Reykjavik summit in Iceland in 1986.	(1984 – 1985) 퍼싱 II 미사일은 소련의 중거리 미사일 SS-20에 대응하기 위해 설계되었다. 서독, 이탈리아, 영국에 108기의 미사일을 배치하는 문제는 NATO의 결의를 시험하는 중대한 시험대가 되었다. 배치에 반대하는 대규모 공개 시위가 벌어졌다. 그러나 이러한 갈등에도 불구하고 무기는 배치되었고, 이는 제안된 중거리 핵전력(INF) 조약 협상에서 NATO에 협상 카드를 제공했다. 이 협상은 1983년에 중단되었으며, 퍼싱 II의 성공적인 배치는 1985년 협상 재개의 동력이 되었다. 결국 협상은 1986년 아이슬란드 레이캬비크 정상회담에서 결실을 맺었다.
(1984) A term coined by Dr. Helen Caldicott, it reflects the general feminist critique that the Cold War was driven by male ego with very Freudian undercurrents. When one examines the terminology of “deep penetration” and “multiple reentry” one wonders if she had a point. Caldicott went on to found Physicians for Social Responsibility, and her book became a rallying point within the anti-nuclear movement.	(1984) 헬렌 칼디콧 박사가 만들어낸 이 용어는 냉전이 매우 프로이트적인 무의식을 품은 남성적 자아에 의해 추동되었다는 일반적인 페미니즘적 비판을 담고 있다. "심층 침투(deep penetration)"와 "다중 재진입(multiple reentry)" 같은 용어를 살펴보면 그녀의 지적이 일리가 있다는 생각이 든다. 칼디콧은 이후 사회적 책임을 위한 의사회를 창설했으며, 그녀의 저서는 반핵 운동의 결집 지점이 되었다.
(1984, 1952, 1956, 1960, 1964, 1968, 1972, 1976, 1980, 1984, 1988) Sport often served as an outlet for the intense competition between the Superpowers, and that competition was never so intense as at the Olympics. The Olympics served as a test bed to see which society could make the greatest strides in human physical achievement. It fit neatly into Communist ideology of “the New Man.: The games frequently reflected the global political situation, as with the terrorist attacks in Munich, and became overt political tools with the US boycott of the Moscow games in 1980 and the Soviet boycott of the LA games in 1984.	(1984, 1952, 1956, 1960, 1964, 1968, 1972, 1976, 1980, 1984, 1988) 스포츠는 종종 강대국 간 치열한 경쟁의 출구 역할을 했으며, 그 경쟁이 가장 격렬하게 펼쳐진 무대는 바로 올림픽이었다. 올림픽은 어느 사회가 인간의 신체적 성취에서 더 큰 도약을 이룰 수 있는지를 가리는 시험장이었다. 이는 "새로운 인간"이라는 공산주의 이데올로기에 딱 들어맞았다. 뮌헨 테러 공격에서처럼 대회는 종종 세계 정치 상황을 반영했고, 1980년 모스크바 올림픽에 대한 미국의 보이콧과 1984년 LA 올림픽에 대한 소련의 보이콧으로 노골적인 정치적 수단이 되었다.
(1985 – 1989) The Russian word for openness, Glasnost was introduced as a public policy by Mikhail Gorbachev. While his long term aim may have been to improve the freedoms of the Russian people, his more immediate goal was to increase pressure on conservative apparatchiks to accept his “perestroika” economic reforms. While the US typically equated Glasnost with freedom of speech, in fact it was an attempt to bring transparency to the workings of the Politburo.	(1985 – 1989) '개방'을 뜻하는 러시아어인 글라스노스트는 미하일 고르바초프에 의해 공공 정책으로 도입되었다. 그의 장기적인 목표는 러시아 국민의 자유를 향상시키는 것이었을지 모르나, 보다 즉각적인 목표는 보수적인 관료들에게 자신의 "페레스트로이카" 경제 개혁을 수용하도록 압력을 가하는 것이었다. 미국은 통상 글라스노스트를 언론의 자유와 동일시했지만, 실제로는 정치국의 업무에 투명성을 부여하려는 시도였다.
(1985 – 1990) A political dissident since age 16, Daniel Ortega Saavedra spent time in a Managua prison. Upon his release, he fled to Cuba and established relationships which would be vital for the Sandinista movement. When the Sandinistas ousted the Somoza regime, Ortega maneuvered himself into the de facto presidency. Ortega’s close ties to the Castro regime in turn prompted US support for the Contra rebels. Operating out of Northern Nicaragua and drawing support from agricultural interests that had been collectivized, the Contras were to prove a major hurdle to the success of Sandinista governance. Ultimately, economic stagnation would prove the undoing of Ortega’s government.	(1985 – 1990) 16세부터 정치적 반체제 인사였던 다니엘 오르테가 사아베드라는 마나과 감옥에서 복역했다. 석방 후 그는 쿠바로 도피하여 산디니스타 운동에 있어 핵심적인 인맥을 구축했다. 산디니스타가 소모사 정권을 축출하자, 오르테가는 사실상의 대통령 자리에 올랐다. 카스트로 정권과 오르테가의 긴밀한 유대는 콘트라 반군에 대한 미국의 지원을 촉발시켰다. 니카라과 북부를 거점으로 삼고 집단화된 농업 세력의 지원을 받은 콘트라는 산디니스타 정권의 성공에 큰 걸림돌임을 증명했다. 결국 경제 침체가 오르테가 정부의 몰락을 불러왔다.
(1985 – 1994) The first known successful penetration of the CIA by the KGB, Aldrich Ames compromised hundreds of CIA operations and provided information that resulted in the execution of 10 US sources. The CIA spent years looking for another explanation for the leaks—in particular the possibility that the KGB had bugged CIA headquarters. Ames’ motivation was not ideological, and he and his wife enjoyed the extravagance that his $2.5 million in bribes provided. Ames first walked into the Soviet embassy in 1995. At that time, he oversaw the analysis of Soviet intelligence operations in Europe.	(1985 – 1994) KGB에 의한 CIA 침투 사례 중 최초로 알려진 성공 사례로, 올드리치 에임스는 수백 건의 CIA 작전을 위태롭게 했으며 10명의 미국 정보원이 처형되는 결과를 초래한 정보를 제공했다. CIA는 수년간 정보 누출에 대한 다른 설명, 특히 KGB가 CIA 본부에 도청 장치를 설치했을 가능성을 찾는 데 매달렸다. 에임스의 동기는 이념적인 것이 아니었으며, 그와 그의 아내는 250만 달러의 뇌물로 제공된 사치스러운 생활을 누렸다. 에임스가 처음 소련 대사관에 발을 들인 것은 1985년이었다. 당시 그는 유럽에서의 소련 정보 작전 분석을 총괄하고 있었다.
(1985 — 1991) Successor to the short-lived premiership of Konstantin Chernenko, Mikhail Gorbachev was the only Soviet leader to be born after the Russian Revolution of 1917. His experience within the Politburo gave him broad exposure to the West which profoundly affected his thinking about the USSR’s future. “Gorby,” as he would be known in the West, inspired a sort of fan following. Margaret Thatcher famously remarked on his coming to power “I like Mr. Gorbachev—we can do business together.” Ultimately, Gorbachev would oversee the dismantling of the Soviet bloc. While his reformist agenda, including Perestroika (economic reform) and Glasnost (political freedom) made him extremely popular in the West, it made him less so in the Soviet Union. Ultimately, Gorbachev would be removed from office as the result of a reactionary military coup in 1991. In the wake of its failure, the Russian Federation would turn to a newly minted hero, Boris Yeltsin.	(1985 — 1991) 단명한 콘스탄틴 체르넨코의 뒤를 이은 미하일 고르바초프는 1917년 러시아 혁명 이후 태어난 유일한 소련 지도자였다. 정치국 내에서의 경험은 그에게 서방을 폭넓게 접할 기회를 주었고, 이는 소련의 미래에 대한 그의 사고에 깊은 영향을 미쳤다. 서방에서 "고르비"로 불리게 된 그는 일종의 팬덤을 만들어냈다. 마거릿 대처는 그의 집권에 대해 "나는 고르바초프 씨가 마음에 들어요. 우리는 함께 일할 수 있어요"라는 유명한 말을 남겼다. 결국 고르바초프는 소련 블록의 해체를 감독하게 되었다. 페레스트로이카(경제 개혁)와 글라스노스트(정치적 자유)를 포함한 그의 개혁 의제는 서방에서 그를 매우 인기 있는 인물로 만들었지만, 소련 내에서는 그렇지 않았다. 결국 고르바초프는 1991년 반동적 군사 쿠데타의 결과로 실각했다. 쿠데타 실패의 여파 속에서 러시아 연방은 새롭게 부상한 영웅 보리스 옐친에게 눈을 돌렸다.
(1985) In an effort to secure the release of US hostages in Lebanon, the Reagan undertook secret negotiations with Iran involving “arms for hostages.” This was in violation of the stated US policy of never negotiating with terrorists. Compounding this difficulty was the fact that the proceeds from weapons sales to Iran were used to covertly fund the Contra guerillas in Nicaragua. This was in contravention of stated Administration policy, as well as laws adopted by the Democrat-controlled Congress. Colonel Oliver North and Admiral John Poindexter both were criminally indicted for the scandal, though the Congressional report concluded that President Reagan bore ultimate responsibility for the scandal.	(1985) 레바논 내 미국 인질의 석방을 확보하기 위해 레이건 행정부는 이란과 "무기와 인질 맞교환"을 골자로 한 비밀 협상을 추진했다. 이는 테러리스트와는 결코 협상하지 않는다는 미국의 공식 정책에 위반되는 행위였다. 더욱 복잡한 문제는 이란에 대한 무기 판매 대금이 니카라과의 콘트라 게릴라를 비밀리에 지원하는 데 사용되었다는 점이었다. 이는 행정부의 공식 정책과 민주당이 장악한 의회가 채택한 법률에 정면으로 위배되는 것이었다. 올리버 노스 대령과 존 포인덱스터 제독 모두 이 스캔들로 형사 기소되었으나, 의회 보고서는 레이건 대통령이 스캔들에 대한 궁극적인 책임을 진다고 결론지었다.
African history throughout the Cold War reflects the promise and tragedy that go hand in hand with that continent’s experience. At first buoyed by the political success of rapid decolonization, the jubilation would devolve into cynicism. One after another, newly independent governments would give way to “presidents for life,” political corruption, economic chaos and ethnic violence. Lacking resources, African governments quickly took advantage of the superpower rivalry to maximize economic and military support for their regimes. In the post-colonial era, a variety of proxy civil wars were fought on the continent. Angola, Mozambique, Chad and Ethiopia were but a few of the nations that experienced violence theoretically in the name of the global struggle between communism and capitalism.	냉전 시기 아프리카의 역사는 그 대륙의 경험과 함께하는 희망과 비극을 반영한다. 처음에는 급속한 탈식민지화의 정치적 성공에 힘입어 환희가 넘쳤지만, 그 기쁨은 점차 냉소로 변해갔다. 새로 독립한 정부들은 하나씩 "종신 대통령", 정치 부패, 경제 혼란, 민족 갈등에 자리를 내주었다. 자원이 부족했던 아프리카 정부들은 강대국 간의 경쟁을 재빠르게 이용하여 자신들의 정권에 대한 경제적·군사적 지원을 극대화했다. 탈식민지 시대에 아프리카 대륙에서는 다양한 대리 내전이 벌어졌다. 앙골라, 모잠비크, 차드, 에티오피아는 명목상 공산주의와 자본주의의 세계적 투쟁의 이름 아래 폭력을 경험한 국가들 중 일부에 불과했다.
Central America and the Caribbean were frequently termed America’s “backyard” and “lake.” With the advent of Fidel Castro in the 1959, Americans could no longer take the region for granted. The US reaction to communist influence in the area provoked direct US military intervention in the Dominican Republic (1965) and Grenada (1983). In the closing years of the Cold War, Nicaragua, El Salvador and Honduras, became frontline states in the struggle between the superpowers.	중앙아메리카와 카리브해는 흔히 미국의 "뒷마당"이자 "호수"로 불렸다. 1959년 피델 카스트로가 등장하면서 미국인들은 더 이상 이 지역을 당연하게 여길 수 없게 되었다. 미국은 이 지역의 공산주의 영향력에 반응하여 도미니카 공화국(1965)과 그레나다(1983)에 직접 군사 개입을 단행했다. 냉전 말기에는 니카라과, 엘살바도르, 온두라스가 강대국 간 투쟁의 최전선 국가가 되었다.
Ernesto “Che” Guevara is one of the most widely recognized left-wing icons in the world; his image stares intensely into the distance from T-shirts, mugs, and posters. When he met Fidel Castro in 1955, Guevara knew he had found the cause that he was looking for. He rose quickly in Castro’s regard due to his fervor, daring, and charisma, and when the revolutionaries finally overthrew pro-American dictator Fulgencio Batista, Guevara took over command of La Cabana Prison, where he oversaw and carried out thousands of executions for political crimes. Guevara cultivated close ties with the Soviet Union, culminating in the shipment of Soviet nuclear missiles to Cuba (Guevara later said that if he had been in command during the crisis, he would have fired the missiles without hesitation). In 1965, Guevara decided to continue the Cuban revolution throughout the world, leading communist guerrillas in the Congo and Bolivia. The latter proved his end, when he was captured by Bolivian army forces (with assistance from the CIA) and executed by order of the Bolivian president. He remains today a symbol of worldwide leftist revolution.	에르네스토 "체" 게바라는 세계에서 가장 널리 알려진 좌익 아이콘 중 한 명으로, 그의 이미지는 티셔츠, 머그컵, 포스터에서 먼 곳을 강렬하게 응시하고 있다. 1955년 피델 카스트로를 만났을 때, 게바라는 자신이 찾던 대의를 발견했음을 직감했다. 그는 열정과 대담함, 카리스마로 카스트로의 신임을 빠르게 얻었고, 혁명군이 마침내 친미 독재자 풀헨시오 바티스타를 타도하자 라 카바냐 감옥의 지휘권을 맡아 정치범 수천 명의 처형을 감독하고 집행했다. 게바라는 소련과 긴밀한 유대를 쌓았으며, 그 정점은 소련 핵미사일의 쿠바 반입이었다(게바라는 훗날 위기 당시 자신이 지휘권을 쥐고 있었다면 주저 없이 미사일을 발사했을 것이라고 말했다). 1965년, 게바라는 쿠바 혁명을 전 세계로 확산시키기로 결심하고 콩고와 볼리비아에서 공산 게릴라를 이끌었다. 볼리비아에서의 활동이 그의 마지막이 되었는데, CIA의 지원을 받은 볼리비아 군대에 붙잡혀 볼리비아 대통령의 명령으로 처형당했다. 그는 오늘날에도 전 세계 좌익 혁명의 상징으로 남아 있다.
In 1946 Winston Churchill spoke of the “special relationship between the British Commonwealth and Empire and the United States.” During the Second World War, the development of the atomic bomb required collaboration and trust between the British, Canadian, and American governments to a degree perhaps previously unimaginable. Additionally, in 1943, Britain made the crucial decision to share ULTRA codebreaking results directly with US intelligence. This relationship blossomed into the BRUSA Agreement, whose terms guided intelligence sharing throughout the Cold War. Even today, the UK and US remain the closest of allies, sharing military bases and economic ties throughout the world.	1946년 윈스턴 처칠은 "영국 연방·제국과 미국 사이의 특별한 관계"에 대해 언급했다. 제2차 세계대전 중 원자폭탄 개발은 영국, 캐나다, 미국 정부 사이에 이전에는 상상하기 어려웠던 수준의 협력과 신뢰를 요구했다. 또한 1943년 영국은 ULTRA 암호 해독 결과를 미국 정보기관과 직접 공유하는 중대한 결정을 내렸다. 이 관계는 BRUSA 협정으로 발전하여 냉전 내내 정보 공유의 지침이 되었다. 오늘날에도 영국과 미국은 전 세계에 군사 기지와 경제적 유대를 공유하는 가장 긴밀한 동맹으로 남아 있다.
The regional penchant to turn to strong men or military juntas to resolve questions of instability made South America ripe for leftist reaction throughout the Cold War. Rising nationalism and the world-wide wave of anti-imperialist sentiment also characterized the relationship with the United States and the nations of South America. The Soviets sought to exploit any openings offered, and established close relations with nations like Argentina. The greatest potential realignment in the region was squashed by an allegedly CIA-instigated coup of Chile’s Salvador Allende.	불안정 문제를 해결하기 위해 강권 지도자나 군사 정권에 의존하는 지역적 경향은 냉전 내내 남아메리카를 좌익 반응에 취약하게 만들었다. 고조되는 민족주의와 전 세계적인 반제국주의 정서 역시 미국과 남아메리카 각국의 관계를 특징지었다. 소련은 주어지는 모든 기회를 활용하고자 했으며, 아르헨티나 같은 국가들과 긴밀한 관계를 구축했다. 이 지역에서 가장 큰 잠재적 세력 재편의 가능성은 CIA가 사주한 것으로 알려진 칠레 살바도르 아옌데에 대한 쿠데타로 인해 무산되었다.
COMECON* & Marshall Plan*	코메콘* & 마셜 플랜*
Elected Pope*	선출된 교황*
Empire"*	제국"*
Formed*	수립*
Independent<br>Reds*	독립<br>붉은 세력*
Leads France*	프랑스를 이끌다*
Oil*	석유*
Plan*	플랜*
Resolution*	결의*
Romanian<br>Abdication*	루마니아<br>퇴위*
This Wall*	이 장벽*
Truman<br>Doctrine*	트루먼<br>독트린*
"LONE GUNMAN"	"고독한 총잡이"
ABM TREATY	ABM 조약
ALLENDE	아옌데
ARMS RACE	군비 경쟁
BEAR TRAP	곰 덫
BRUSH WAR	국지전
CHE	체
CIA CREATED	CIA 창설
COLONIAL REARGUARDS	식민지 잔존 세력
CONTAINMENT	봉쇄
FIVE-YEAR PLAN	5개년 계획
FLOWER POWER	꽃의 힘
GLASNOST	글라스노스트
IRAN-IRAQ WAR	이란-이라크 전쟁
JUNTA	훈타
MARSHALL PLAN	마셜 플랜
MISSILE ENVY	미사일 선망
NO CHANGE	변화 없음
NORAD	NORAD
OAS FOUNDED	미주기구 창설
OLYMPIC GAMES	올림픽 경기
QUAGMIRE	수렁
SUMMIT	정상회담
TERRORISM	테러리즘
THE REFORMER	개혁가
U-2 INCIDENT	U-2 사건
WARGAMES	워게임즈
WILLY BRANDT	빌리 브란트
FAILURE...	실패...
Cuban Missile Crisis	쿠바 미사일 위기
East European<br>Unrest	동유럽<br>불안
De Gaulle	드골
2 Rounds Remaining	2라운드 남음
3 Rounds Remaining	3라운드 남음
4 Rounds Remaining	4라운드 남음
5 Rounds Remaining	5라운드 남음
DEFCON Status\nwill remain at 5	DEFCON 상태\n5로 유지됩니다
DEFCON Status\nwill remain at 4	DEFCON 상태\n4로 유지됩니다
DEFCON Status\nwill degrade to 4!	DEFCON 상태\n4로 저하됩니다!
DEFCON Status\nwill degrade to 3!	DEFCON 상태\n3로 저하됩니다!
DEFCON improves to 4\n	DEFCON 4로 개선됩니다\n
DEFCON improves to 4\n*RESHUFFLE*\n	DEFCON 4로 개선됩니다\n*재분배*\n
Control +1	장악 +1
Control: 5	장악: 5
Control: 6	장악: 6
Control: 7	장악: 7
Control: 9	장악: 9
Domination: 3	지배: 3
Domination: 4	지배: 4
Domination: 5	지배: 5
Domination: 6	지배: 6
Domination: 7	지배: 7
Eagle/Bear\nhas Landed	독수리/곰이\n착륙했습니다
Coup (2 Ops):\n	쿠데타 (작전치 2):\n
Coup (3 Ops):\n	쿠데타 (작전치 3):\n
1 Score Card in Hand, Game LOSS at End of TURN imminent	점수 카드 1장 보유 중, 이번 턴 종료 시 패배 위기
Anti-Ballistic\nMissiles	탄도 미사일\n방어
Battleground vs. Non-Battleground	격전지 vs 비격전지
Strength in a Region is primarily driven by Battleground countries.	지역에서의 강세는 주로 격전지에 의해 결정됩니다.
To Japan	일본으로
Next	다음
Realignment Rolls	재편성 굴림
Coup Attempt	쿠데타 시도
Do Not Discard    버리지 마세요
^Headline 	헤드라인: 
HEADLINE	헤드라인
OPPONENT EVENT	상대방 이벤트
Resolve Event First	이벤트 먼저 결정
Commit Your Decision	결정 확정
Select a Card to Headline	헤드라인할 카드 선택
De-Stalinization	탈스탈린화
Marshall Plan	마셜 플랜
Blockade	봉쇄
Truman Doctrine	트루먼 독트린
Nasser	나세르
Containment	봉쇄 정책
Fidel	피델
Vietnam Revolts	베트남 반란
Suez Crisis	수에즈 위기
CIA Created	CIA 창설
Independent Reds	독립 공산국
De Gaulle Leads France	드골의 프랑스 지도
Headline Duck and Cover	헤드라인: 덕 앤 커버
Headline Five-Year Plan	헤드라인: 5개년 계획
Headline Socialist Governments	헤드라인: 사회주의 정부들
Headline Fidel	헤드라인: 피델
Headline Vietnam Revolts	헤드라인: 베트남 반란
Headline Blockade	헤드라인: 봉쇄
Headline Korean War	헤드라인: 한국 전쟁
Headline Romanian Abdication	헤드라인: 루마니아 퇴위
Headline Arab-Israeli War	헤드라인: 아랍-이스라엘 전쟁
Headline Comecon	헤드라인: 코메콘
Headline Nasser	헤드라인: 나세르
Headline Warsaw Pact Formed	헤드라인: 바르샤바 조약 기구 결성
Headline De Gaulle Leads France	헤드라인: 드골의 프랑스 지도
Headline Captured Nazi Scientist	헤드라인: 나치 과학자 포획
Headline Truman Doctrine	헤드라인: 트루먼 독트린
Headline Olympic Games	헤드라인: 올림픽
Headline NATO	헤드라인: 나토
Headline Independent Reds	헤드라인: 독립 공산국
Headline Marshall Plan	헤드라인: 마셜 플랜
Headline Indo-Pakistani War	헤드라인: 인도-파키스탄 전쟁
Headline Containment	헤드라인: 봉쇄 정책
Headline CIA Created	헤드라인: CIA 창설
Headline US/Japan Mutual Defense Pact	헤드라인: 미일 상호 방위 조약
Headline Suez Crisis	헤드라인: 수에즈 위기
Headline East European Unrest	헤드라인: 동유럽 불안
Headline Decolonization	헤드라인: 탈식민지화
Headline Red Scare/Purge	헤드라인: 적색 공포/숙청
Headline UN Intervention	헤드라인: 유엔 개입
Headline De-Stalinization	헤드라인: 탈스탈린화
Headline Nuclear Test Ban	헤드라인: 핵실험 금지
Headline Formosan Resolution	헤드라인: 포르모사 결의
Headline Brush War	헤드라인: 국지전
Headline Arms Race	헤드라인: 군비 경쟁
Headline Cuban Missile Crisis	헤드라인: 쿠바 미사일 위기
Headline Nuclear Subs	헤드라인: 핵잠수함
Headline Quagmire	헤드라인: 수렁
Headline SALT Negotiations	헤드라인: SALT 협상
Headline Bear Trap	헤드라인: 곰 덫
Headline Summit	헤드라인: 정상 회담
Headline How I Learned to Stop Worrying	헤드라인: 걱정을 멈추는 법을 배운 방법
Headline Junta	헤드라인: 훈타
Headline Kitchen Debates	헤드라인: 부엌 논쟁
Headline Missile Envy	헤드라인: 미사일 선망
Headline We Will Bury You	헤드라인: 우리가 당신들을 묻어버리겠다
Headline Brezhnev Doctrine	헤드라인: 브레즈네프 독트린
Headline Portuguese Empire Crumbles	헤드라인: 포르투갈 제국 붕괴
Headline South African Unrest	헤드라인: 남아프리카 불안
Headline Allende	헤드라인: 아옌데
Headline Willy Brandt	헤드라인: 빌리 브란트
Headline Muslim Revolution	헤드라인: 이슬람 혁명
Headline ABM Treaty	헤드라인: ABM 조약
Headline Cultural Revolution	헤드라인: 문화 대혁명
Headline Flower Power	헤드라인: 플라워 파워
Headline U2 Incident	헤드라인: U-2 사건
Headline OPEC	헤드라인: 오펙
Headline Lone Gunman	헤드라인: 고독한 총잡이
Headline Colonial Rear Guards	헤드라인: 식민지 후위대
Headline Panama Canal Returned	헤드라인: 파나마 운하 반환
Headline Camp David Accords	헤드라인: 캠프 데이비드 협정
Headline Puppet Governments	헤드라인: 괴뢰 정부
Headline Grain Sales to Soviets	헤드라인: 소련에 곡물 판매
Headline John Paul II Elected Pope	헤드라인: 요한 바오로 2세 교황 선출
Headline Latin American Death Squads	헤드라인: 라틴아메리카 죽음의 분대
Headline OAS Founded	헤드라인: 미주기구 창설
Headline Nixon Plays the China Card	헤드라인: 닉슨의 중국 카드
Headline Sadat Expels Soviets	헤드라인: 사다트의 소련 축출
Headline Shuttle Diplomacy	헤드라인: 셔틀 외교
Headline The Voice of America	헤드라인: 미국의 소리
Headline Liberation Theology	헤드라인: 해방 신학
Headline Ussuri River Skirmish	헤드라인: 우수리강 충돌
Headline Ask Not What Your Country Can Do For You	헤드라인: 국가가 당신을 위해 무엇을 할 수 있는지 묻지 마십시오
Headline Alliance for Progress	헤드라인: 진보를 위한 동맹
Headline One Small Step	헤드라인: 작은 한 걸음
Headline Iran-Contra Scandal	헤드라인: 이란-콘트라 스캔들
Headline Reagan Bombs Libya	헤드라인: 레이건의 리비아 폭격
Headline Star Wars	헤드라인: 스타 워즈
Headline North Sea Oil	헤드라인: 북해 원유
Headline The Reformer	헤드라인: 개혁가
Headline Marine Barracks Bombing	헤드라인: 해병대 막사 폭격
Headline Soviets Shoot Down KAL-007	헤드라인: 소련의 KAL-007 격추
Headline Glasnost	헤드라인: 글라스노스트
Headline Ortega Elected in Nicaragua	헤드라인: 니카라과 오르테가 당선
Headline Terrorism	헤드라인: 테러리즘
Headline Iran-Iraq War	헤드라인: 이란-이라크 전쟁
Headline Chernobyl	헤드라인: 체르노빌
Headline Latin American Debt Crisis	헤드라인: 중남미 부채 위기
Headline Tear Down This Wall	헤드라인: 이 장벽을 허물어라
Headline An Evil Empire	헤드라인: 악의 제국
Headline Aldrich Ames Remix	헤드라인: 앨드리치 에임스 리믹스
Headline Pershing II Deployed	헤드라인: 퍼싱 II 배치
Headline Wargames	헤드라인: 워게임즈
Headline Solidarity	헤드라인: 연대
Headline Iran Hostage Crisis	헤드라인: 이란 인질 위기
Headline Our Man in Tehran	헤드라인: 테헤란의 우리 요원
Play Your Action Round	행동 라운드를 진행하세요
Select Use For Operations	작전에 사용
Select Use For Event Card	이벤트 카드로 사용
Remove Influence in 1 Countries	1개 국가에서 영향력 제거
Remove Influence in 2 Countries	2개 국가에서 영향력 제거
Remove Influence in 3 Countries	3개 국가에서 영향력 제거
Remove Influence in 4 Countries	4개 국가에서 영향력 제거
Remove Influence in 5 Countries	5개 국가에서 영향력 제거
Remove Influence in 6 Countries	6개 국가에서 영향력 제거
Remove Influence in 7 Countries	7개 국가에서 영향력 제거
INFLUENCE	영향력
OPPENENT EVENT	상대방 이벤트
has overwhelmingly crushed the corrupt forces of	가 부패한 세력을 압도적으로 격파했습니다
In Southeast Asia the process of decolonization intertwined with superpower rivalry in particularly deadly ways. Beginning with British counter-insurgency in Malaya, to the US wars in Vietnam and Cambodia, and ending in 1979 with the Sino-Vietnamese war, Southeast Asia would command American attention like no other region. However, after America’s humiliating withdrawal from the region, it would cease to play a central role in Cold War politics.	동남아시아에서 탈식민지화 과정은 초강대국의 경쟁과 특히 치명적인 방식으로 뒤얽혔다. 말라야에서의 영국 대반란군 작전을 시작으로, 베트남과 캄보디아에서의 미국 전쟁들을 거쳐, 1979년 중월전쟁으로 마무리되기까지, 동남아시아는 어느 지역과도 비교할 수 없을 만큼 미국의 관심을 사로잡았다. 그러나 미국이 이 지역에서 굴욕적으로 철수한 후, 동남아시아는 냉전 정치에서 더 이상 중심적인 역할을 하지 않게 되었다.
The Berlin Wall is perhaps the single most resonant symbol of the Cold War, in its stark division of East from West and its creation of a focal point for espionage and a literal side-by-side comparision of the two vastly different social systems in struggle. Erected in the second half of 1961, it stopped overt emigration to the West, an important Soviet policy goal for both political and scientific reasons.	베를린 장벽은 아마도 냉전의 가장 강렬한 상징일 것이다. 동과 서를 냉혹하게 갈라놓고, 첩보 활동의 중심지이자 두 이질적인 사회 체제를 나란히 비교할 수 있는 현장이 되었다. 1961년 하반기에 세워진 이 장벽은 서방으로의 공개적인 이주를 막았으며, 이는 정치적·과학적 이유 모두에서 소련이 중요하게 여긴 정책 목표였다.
BERLIN WALL	베를린 장벽
Control:\nstability\nmatched	지배:\n안정도 일치
“I am a Marxist-Leninist and I will be one until the last day of my life.” - FIDEL CASTRO	“나는 마르크스-레닌주의자이며, 내 생애 마지막 날까지 그럴 것이다.” - 피델 카스트로
“Now the trumpet summons us again — not as a call to bear arms, though arms we need, not as a call to battle, though embattled we are — but a call to bear the burden of a long twilight struggle...”<br><br><align=right>—John F. Kennedy, Inaugural Speech,<br>January 1961\r\n	“이제 나팔 소리가 우리를 다시 부른다 — 무기를 들라는 부름은 아니다, 물론 우리는 무기가 필요하지만, 전투에 나서라는 부름도 아니다, 비록 우리가 싸움 속에 있긴 하지만 — 그것은 긴 황혼의 투쟁이라는 짐을 짊어지라는 부름이다…”<br><br><align=right>—존 F. 케네디, 취임 연설,<br>1961년 1월
“Now the trumpet summons us again — not as a call to bear arms, though arms we need, not as a call to battle, though embattled we are — but a call to bear the burden of a long twilight struggle...”<br><br><align=right>—John F. Kennedy, Inaugural Speech,<br>January 1961\n	“이제 나팔 소리가 우리를 다시 부른다 — 무기를 들라는 부름은 아니다, 물론 우리는 무기가 필요하지만, 전투에 나서라는 부름도 아니다, 비록 우리가 싸움 속에 있긴 하지만 — 그것은 긴 황혼의 투쟁이라는 짐을 짊어지라는 부름이다…”<br><br><align=right>—존 F. 케네디, 취임 연설,<br>1961년 1월
“Now the trumpet summons us again — not as a call to bear arms, though arms we need, not as a call to battle, though embattled we are — but a call to bear the burden of a long twilight struggle...”<br><br><align=right>—John F. Kennedy, Inaugural Speech,<br>January 1961	“이제 나팔 소리가 우리를 다시 부른다 — 무기를 들라는 부름은 아니다, 물론 우리는 무기가 필요하지만, 전투에 나서라는 부름도 아니다, 비록 우리가 싸움 속에 있긴 하지만 — 그것은 긴 황혼의 투쟁이라는 짐을 짊어지라는 부름이다…”<br><br><align=right>—존 F. 케네디, 취임 연설,<br>1961년 1월
“Now the trumpet summons us again — not as a call to bear arms, though arms we need, not as a call to battle, though embattled we are — but a call to bear the burden of a long twilight struggle...”<br><br><align=right>—John F. Kennedy, Inaugural Speech,<br>January 1961\r	“이제 나팔 소리가 우리를 다시 부른다 — 무기를 들라는 부름은 아니다, 물론 우리는 무기가 필요하지만, 전투에 나서라는 부름도 아니다, 비록 우리가 싸움 속에 있긴 하지만 — 그것은 긴 황혼의 투쟁이라는 짐을 짊어지라는 부름이다…”<br><br><align=right>—존 F. 케네디, 취임 연설,<br>1961년 1월
